date,ticker,open,high,low,close,volume,source,run_label,fetched_at
2026-09-15,A1CAP,7.01,7.22,6.96,6.97,6879583,borsapy_fallback_from_yahoo,acilis,2026-09-21T07:36:30Z
2026-09-15,A1YEN,2.6,2.64,2.55,2.56,8436223,borsapy_fallback_from_yahoo,acilis,2026-09-21T07:36:30Z
2026-09-15,AAGYO,11.72,11.8,11.3,11.34,5018269,borsapy_fallback_from_yahoo,acilis,2026-09-21T07:36:30Z
2026-09-15,ACSEL,111.8,112.7,109.1,109.1,109504,borsapy_fallback_from_yahoo,acilis,2026-09-21T07:36:30Z
2026-09-15,ADEL,31,31.5,30.74,30.76,1448066,borsapy_fallback_from_yahoo,acilis,2026-09-21T07:36:30Z
2026-09-15,ADESE,0.84,0.85,0.83,0.84,233849437,borsapy_fallback_from_yahoo,acilis,2026-09-21T07:36:30Z
2026-09-15,ADGYO,59,59.5,56.55,56.55,749437,borsapy_fallback_from_yahoo,acilis,2026-09-21T07:36:30Z
2026-09-15,AEFES,19.77,19.8,18.98,18.98,32575103,borsapy_fallback_from_yahoo,acilis,2026-09-21T07:36:30Z
2026-09-15,AFYON,12.48,12.57,12.21,12.23,1403299,borsapy_fallback_from_yahoo,acilis,2026-09-21T07:36:30Z
2026-09-15,AGESA,248,251,244,244,144507,borsapy_fallback_from_yahoo,acilis,2026-09-21T07:36:30Z
2026-09-15,AGHOL,34.48,34.68,33.52,33.72,4709450,borsapy_fallback_from_yahoo,acilis,2026-09-21T07:36:30Z
2026-09-15,AGROT,1.91,2.06,1.9,1.9,124643840,borsapy_fallback_from_yahoo,acilis,2026-09-21T07:36:30Z
2026-09-15,AGYO,7.74,7.99,7.59,7.73,231711,borsapy_fallback_from_yahoo,acilis,2026-09-21T07:36:30Z
2026-09-15,AHGAZ,40.78,41.3,40.34,41.1,9633825,borsapy_fallback_from_yahoo,acilis,2026-09-21T07:36:30Z
2026-09-15,AHSGY,20.04,20.1,16.92,16.92,5571138,borsapy_fallback_from_yahoo,acilis,2026-09-21T07:36:30Z
2026-09-15,AKBNK,72.6,73,69.5,69.55,150461390,borsapy_fallback_from_yahoo,acilis,2026-09-21T07:36:30Z
2026-09-15,AKCNS,214.6,220.6,208.2,209.9,681846,borsapy_fallback_from_yahoo,acilis,2026-09-21T07:36:30Z
2026-09-15,AKENR,10.17,10.6,10.14,10.18,10820135,borsapy_fallback_from_yahoo,acilis,2026-09-21T07:36:30Z
2026-09-15,AKFGY,2.83,2.83,2.7,2.71,17117493,borsapy_fallback_from_yahoo,acilis,2026-09-21T07:36:30Z
2026-09-15,AKFIS,15.32,15.4,13.79,14.74,27853653,borsapy_fallback_from_yahoo,acilis,2026-09-21T07:36:30Z
2026-09-15,AKFYE,24.58,24.74,23,23,8964413,borsapy_fallback_from_yahoo,acilis,2026-09-21T07:36:30Z
2026-09-15,AKGRT,6.01,6.03,5.76,5.76,13572267,borsapy_fallback_from_yahoo,acilis,2026-09-21T07:36:30Z
2026-09-15,AKHAN,33.24,33.24,30.14,32.24,6229202,borsapy_fallback_from_yahoo,acilis,2026-09-21T07:36:30Z
2026-09-15,AKMGY,244,248,240.9,240.9,16689,borsapy_fallback_from_yahoo,acilis,2026-09-21T07:36:30Z
2026-09-15,AKSA,11.08,11.21,10.92,10.92,10660590,borsapy_fallback_from_yahoo,acilis,2026-09-21T07:36:30Z
2026-09-15,AKSEN,78.15,78.35,72,74.45,7755111,borsapy_fallback_from_yahoo,acilis,2026-09-21T07:36:30Z
2026-09-15,AKSGY,10.01,10.01,9.76,9.89,5934013,borsapy_fallback_from_yahoo,acilis,2026-09-21T07:36:30Z
2026-09-15,AKSUE,28.42,29.04,25.9,25.9,3452193,borsapy_fallback_from_yahoo,acilis,2026-09-21T07:36:30Z
2026-09-15,AKYHO,2.05,2.08,2.02,2.08,775202,borsapy_fallback_from_yahoo,acilis,2026-09-21T07:36:30Z
2026-09-15,ALARK,113,114.4,108.8,109,3549806,borsapy_fallback_from_yahoo,acilis,2026-09-21T07:36:30Z
2026-09-15,ALBRK,8.71,8.74,8.39,8.4,18750325,borsapy_fallback_from_yahoo,acilis,2026-09-21T07:36:30Z
2026-09-15,ALBTN,30.88,30.92,29.02,29.1,5326636,borsapy_fallback_from_yahoo,acilis,2026-09-21T07:36:30Z
2026-09-15,ALCAR,739,757.5,690,692,68683,borsapy_fallback_from_yahoo,acilis,2026-09-21T07:36:30Z
2026-09-15,ALCTL,111.9,112.3,105,105.2,476540,borsapy_fallback_from_yahoo,acilis,2026-09-21T07:36:30Z
2026-09-15,ALFAS,37.84,38.12,36.52,36.56,1226448,borsapy_fallback_from_yahoo,acilis,2026-09-21T07:36:30Z
2026-09-15,ALGYO,3.72,3.73,3.5,3.5,37762965,borsapy_fallback_from_yahoo,acilis,2026-09-21T07:36:30Z
2026-09-15,ALKA,8.08,8.13,7.75,7.8,1689081,borsapy_fallback_from_yahoo,acilis,2026-09-21T07:36:30Z
2026-09-15,ALKIM,15.76,16,15.16,15.18,1272437,borsapy_fallback_from_yahoo,acilis,2026-09-21T07:36:30Z
2026-09-15,ALKLC,511.5,521,510.5,520,961200,borsapy_fallback_from_yahoo,acilis,2026-09-21T07:36:30Z
2026-09-15,ALTIN,73.19,73.51,72.97,73.27,10873714,borsapy_fallback_from_yahoo,acilis,2026-09-21T07:36:30Z
2026-09-15,ALTNY,16.62,17,16.48,16.62,21029637,borsapy_fallback_from_yahoo,acilis,2026-09-21T07:36:30Z
2026-09-15,ALVES,0.89,0.89,0.89,0.89,12908684,borsapy_fallback_from_yahoo,acilis,2026-09-21T07:36:30Z
2026-09-15,ANELE,144,157.6,144,144,3987775,borsapy_fallback_from_yahoo,acilis,2026-09-21T07:36:30Z
2026-09-15,ANGEN,10.19,10.22,8.84,8.84,12174632,borsapy_fallback_from_yahoo,acilis,2026-09-21T07:36:30Z
2026-09-15,ANHYT,108,109,105.6,107.7,761873,borsapy_fallback_from_yahoo,acilis,2026-09-21T07:36:30Z
2026-09-15,ANSGR,26.7,27.22,26.6,26.78,5522272,borsapy_fallback_from_yahoo,acilis,2026-09-21T07:36:30Z
2026-09-15,ARASE,119.1,120.6,114.4,114.6,275693,borsapy_fallback_from_yahoo,acilis,2026-09-21T07:36:30Z
2026-09-15,ARCLK,93.9,94.85,91.15,91.2,1129652,borsapy_fallback_from_yahoo,acilis,2026-09-21T07:36:30Z
2026-09-15,ARDYZ,77.2,78.45,74.35,74.4,2881288,borsapy_fallback_from_yahoo,acilis,2026-09-21T07:36:30Z
2026-09-15,ARENA,19.57,19.69,18.96,18.98,535199,borsapy_fallback_from_yahoo,acilis,2026-09-21T07:36:30Z
2026-09-15,ARFYE,19.41,19.57,18.32,18.48,1967406,borsapy_fallback_from_yahoo,acilis,2026-09-21T07:36:30Z
2026-09-15,ARMGD,147.3,176.2,146,176.2,1891793,borsapy_fallback_from_yahoo,acilis,2026-09-21T07:36:30Z
2026-09-15,ARSAN,4.07,4.1,3.87,3.87,15877471,borsapy_fallback_from_yahoo,acilis,2026-09-21T07:36:30Z
2026-09-15,ARTMS,41.02,43.54,41.02,41.56,484572,borsapy_fallback_from_yahoo,acilis,2026-09-21T07:36:30Z
2026-09-15,ARZUM,1.51,1.52,1.47,1.47,7075215,borsapy_fallback_from_yahoo,acilis,2026-09-21T07:36:30Z
2026-09-15,ASELS,375.5,379.5,368.25,377,26249817,borsapy_fallback_from_yahoo,acilis,2026-09-21T07:36:30Z
2026-09-15,ASGYO,11.28,11.33,11.01,11.02,2957214,borsapy_fallback_from_yahoo,acilis,2026-09-21T07:36:30Z
2026-09-15,ASTOR,282.5,283.25,270.75,272.25,30282151,borsapy_fallback_from_yahoo,acilis,2026-09-21T07:36:30Z
2026-09-15,ASUZU,48.12,48.72,46.76,47.02,529590,borsapy_fallback_from_yahoo,acilis,2026-09-21T07:36:30Z
2026-09-15,ATAGY,10.35,10.39,9.95,10.17,307433,borsapy_fallback_from_yahoo,acilis,2026-09-21T07:36:30Z
2026-09-15,ATAKP,39.34,39.96,38.1,38.1,222499,borsapy_fallback_from_yahoo,acilis,2026-09-21T07:36:30Z
2026-09-15,ATATP,280,286.25,267,270.25,592023,borsapy_fallback_from_yahoo,acilis,2026-09-21T07:36:30Z
2026-09-15,ATATR,13.97,14.14,12.52,12.68,41175215,borsapy_fallback_from_yahoo,acilis,2026-09-21T07:36:30Z
2026-09-15,ATEKS,93.15,93.15,90,90,6745,borsapy_fallback_from_yahoo,acilis,2026-09-21T07:36:30Z
2026-09-15,ATLAS,6.77,7.31,6.49,6.9,1978941,borsapy_fallback_from_yahoo,acilis,2026-09-21T07:36:30Z
2026-09-15,ATSYH,116,116,109,110,24896,borsapy_fallback_from_yahoo,acilis,2026-09-21T07:36:30Z
2026-09-15,AVGYO,16.54,17.31,16.49,16.58,1705682,borsapy_fallback_from_yahoo,acilis,2026-09-21T07:36:30Z
2026-09-15,AVHOL,34.5,34.58,33.54,34.16,1686979,borsapy_fallback_from_yahoo,acilis,2026-09-21T07:36:30Z
2026-09-15,AVOD,4.29,4.29,4.01,4.01,5702796,borsapy_fallback_from_yahoo,acilis,2026-09-21T07:36:30Z
2026-09-15,AVPGY,58.2,58.65,55.45,56.8,954504,borsapy_fallback_from_yahoo,acilis,2026-09-21T07:36:30Z
2026-09-15,AYCES,427.75,466.75,425,466.75,130296,borsapy_fallback_from_yahoo,acilis,2026-09-21T07:36:30Z
2026-09-15,AYDEM,26.04,26.18,24.96,25.4,2235120,borsapy_fallback_from_yahoo,acilis,2026-09-21T07:36:30Z
2026-09-15,AYEN,30.68,31.04,29.82,29.9,359449,borsapy_fallback_from_yahoo,acilis,2026-09-21T07:36:30Z
2026-09-15,AYES,26.42,27.34,26.42,27.2,75879,borsapy_fallback_from_yahoo,acilis,2026-09-21T07:36:30Z
2026-09-15,AYGAZ,335,336,324.25,326.75,1222046,borsapy_fallback_from_yahoo,acilis,2026-09-21T07:36:30Z
2026-09-15,AZTEK,3.67,3.67,3.45,3.46,5571877,borsapy_fallback_from_yahoo,acilis,2026-09-21T07:36:30Z
2026-09-15,BAGFS,28.58,28.82,27.22,27.38,615181,borsapy_fallback_from_yahoo,acilis,2026-09-21T07:36:30Z
2026-09-15,BAHKM,189.1,198,170.1,170.1,2026509,borsapy_fallback_from_yahoo,acilis,2026-09-21T07:36:30Z
2026-09-15,BAKAB,37.4,37.8,35.82,36.38,218672,borsapy_fallback_from_yahoo,acilis,2026-09-21T07:36:30Z
2026-09-15,BALAT,69.45,69.45,68,69.3,20363,borsapy_fallback_from_yahoo,acilis,2026-09-21T07:36:30Z
2026-09-15,BALSU,8.21,8.34,8.01,8.11,32028710,borsapy_fallback_from_yahoo,acilis,2026-09-21T07:36:30Z
2026-09-15,BANVT,152.5,152.5,147,147,75245,borsapy_fallback_from_yahoo,acilis,2026-09-21T07:36:30Z
2026-09-15,BARMA,9.75,9.75,9.31,9.34,354377,borsapy_fallback_from_yahoo,acilis,2026-09-21T07:36:30Z
2026-09-15,BASCM,13,13.02,13,13.02,79853,borsapy_fallback_from_yahoo,acilis,2026-09-21T07:36:30Z
2026-09-15,BASGZ,45.28,45.8,43.48,43.74,547169,borsapy_fallback_from_yahoo,acilis,2026-09-21T07:36:30Z
2026-09-15,BAYRK,4.06,4.12,3.96,3.97,4188363,borsapy_fallback_from_yahoo,acilis,2026-09-21T07:36:30Z
2026-09-15,BEGYO,3.26,3.3,3.17,3.18,2245297,borsapy_fallback_from_yahoo,acilis,2026-09-21T07:36:30Z
2026-09-15,BERA,13.53,13.62,13.1,13.2,4211449,borsapy_fallback_from_yahoo,acilis,2026-09-21T07:36:30Z
2026-09-15,BESLR,12.9,13.03,12.51,12.53,1573975,borsapy_fallback_from_yahoo,acilis,2026-09-21T07:36:30Z
2026-09-15,BESTE,29.44,29.78,28.12,28.18,3531118,borsapy_fallback_from_yahoo,acilis,2026-09-21T07:36:30Z
2026-09-15,BETAE,82.45,83.65,76.95,77.85,6615213,borsapy_fallback_from_yahoo,acilis,2026-09-21T07:36:30Z
2026-09-15,BEYAZ,22.46,24.7,22.22,24.08,3162553,borsapy_fallback_from_yahoo,acilis,2026-09-21T07:36:30Z
2026-09-15,BFREN,127.2,128.3,123.2,123.2,230398,borsapy_fallback_from_yahoo,acilis,2026-09-21T07:36:30Z
2026-09-15,BIENY,20.22,20.48,19.5,19.83,1194362,borsapy_fallback_from_yahoo,acilis,2026-09-21T07:36:30Z
2026-09-15,BIGCH,5.44,5.58,5.14,5.14,4268024,borsapy_fallback_from_yahoo,acilis,2026-09-21T07:36:30Z
2026-09-15,BIGEN,149.1,156.9,141.7,156.9,15006230,borsapy_fallback_from_yahoo,acilis,2026-09-21T07:36:30Z
2026-09-15,BIGTK,311.25,311.25,298.25,300.25,219352,borsapy_fallback_from_yahoo,acilis,2026-09-21T07:36:30Z
2026-09-15,BIMAS,429,431.5,415.75,415.75,8131511,borsapy_fallback_from_yahoo,acilis,2026-09-21T07:36:30Z
2026-09-15,BINBN,179,179.6,170.3,170.3,198966,borsapy_fallback_from_yahoo,acilis,2026-09-21T07:36:30Z
2026-09-15,BINHO,9.86,9.96,9.48,9.65,22078074,borsapy_fallback_from_yahoo,acilis,2026-09-21T07:36:30Z
2026-09-15,BIOEN,18.37,19.02,18.03,18.07,5845887,borsapy_fallback_from_yahoo,acilis,2026-09-21T07:36:30Z
2026-09-15,BIZIM,24.56,24.72,24.22,24.26,260741,borsapy_fallback_from_yahoo,acilis,2026-09-21T07:36:30Z
2026-09-15,BJKAS,2.65,2.8,2.59,2.62,415814890,borsapy_fallback_from_yahoo,acilis,2026-09-21T07:36:30Z
2026-09-15,BKRGY,8.11,8.31,7.72,7.77,22467527,borsapy_fallback_from_yahoo,acilis,2026-09-21T07:36:30Z
2026-09-15,BLCYT,2.02,2.08,1.98,1.98,20513700,borsapy_fallback_from_yahoo,acilis,2026-09-21T07:36:30Z
2026-09-15,BLUME,36.8,38.44,36.14,36.9,2000117,borsapy_fallback_from_yahoo,acilis,2026-09-21T07:36:30Z
2026-09-15,BMSCH,11.06,11.56,10.73,10.95,3112964,borsapy_fallback_from_yahoo,acilis,2026-09-21T07:36:30Z
2026-09-15,BMSTL,45.4,49.86,45.4,49.86,12724815,borsapy_fallback_from_yahoo,acilis,2026-09-21T07:36:30Z
2026-09-15,BNTAS,6.18,6.24,6.12,6.12,2881715,borsapy_fallback_from_yahoo,acilis,2026-09-21T07:36:30Z
2026-09-15,BOBET,22.26,22.94,21.74,22.4,4525859,borsapy_fallback_from_yahoo,acilis,2026-09-21T07:36:30Z
2026-09-15,BORLS,2.85,3,2.83,2.86,18911928,borsapy_fallback_from_yahoo,acilis,2026-09-21T07:36:30Z
2026-09-15,BORSK,6.27,6.33,6.12,6.15,5196667,borsapy_fallback_from_yahoo,acilis,2026-09-21T07:36:30Z
2026-09-15,BOSSA,6.38,6.77,6.29,6.68,4138129,borsapy_fallback_from_yahoo,acilis,2026-09-21T07:36:30Z
2026-09-15,BRISA,77.7,78,75.5,75.5,149954,borsapy_fallback_from_yahoo,acilis,2026-09-21T07:36:30Z
2026-09-15,BRKO,11.25,11.5,11.25,11.39,412723,borsapy_fallback_from_yahoo,acilis,2026-09-21T07:36:30Z
2026-09-15,BRKSN,7.73,7.78,7.54,7.56,209850,borsapy_fallback_from_yahoo,acilis,2026-09-21T07:36:30Z
2026-09-15,BRKVY,80.6,80.95,78.8,79.5,192643,borsapy_fallback_from_yahoo,acilis,2026-09-21T07:36:30Z
2026-09-15,BRLSM,16.95,17.07,16.26,16.26,5897203,borsapy_fallback_from_yahoo,acilis,2026-09-21T07:36:30Z
2026-09-15,BRMEN,11.32,11.32,11.23,11.23,249252,borsapy_fallback_from_yahoo,acilis,2026-09-21T07:36:30Z
2026-09-15,BRSAN,682,685,647.5,647.5,2549651,borsapy_fallback_from_yahoo,acilis,2026-09-21T07:36:30Z
2026-09-15,BRYAT,1689,1700,1653,1661,52990,borsapy_fallback_from_yahoo,acilis,2026-09-21T07:36:30Z
2026-09-15,BSOKE,19.15,19.75,18.54,19,6784953,borsapy_fallback_from_yahoo,acilis,2026-09-21T07:36:30Z
2026-09-15,BTCIM,3.73,3.76,3.49,3.5,119962750,borsapy_fallback_from_yahoo,acilis,2026-09-21T07:36:30Z
2026-09-15,BUCIM,5.76,5.79,5.55,5.55,1543361,borsapy_fallback_from_yahoo,acilis,2026-09-21T07:36:30Z
2026-09-15,BULGS,30.48,30.5,27.66,27.94,3707545,borsapy_fallback_from_yahoo,acilis,2026-09-21T07:36:30Z
2026-09-15,BURCE,31.44,32.76,30.26,30.5,2095046,borsapy_fallback_from_yahoo,acilis,2026-09-21T07:36:30Z
2026-09-15,BURVA,590,628,561,573,59062,borsapy_fallback_from_yahoo,acilis,2026-09-21T07:36:30Z
2026-09-15,BVSAN,119.6,122.5,114.3,116.6,1596654,borsapy_fallback_from_yahoo,acilis,2026-09-21T07:36:30Z
2026-09-15,BYDNR,35.14,35.4,32.02,32.02,1111503,borsapy_fallback_from_yahoo,acilis,2026-09-21T07:36:30Z
2026-09-15,CANTE,1.33,1.34,1.27,1.27,338769450,borsapy_fallback_from_yahoo,acilis,2026-09-21T07:36:30Z
2026-09-15,CASA,66,66,65.25,65.25,13100,borsapy_fallback_from_yahoo,acilis,2026-09-21T07:36:30Z
2026-09-15,CATES,66,67.2,60.85,63,1488238,borsapy_fallback_from_yahoo,acilis,2026-09-21T07:36:30Z
2026-09-15,CCOLA,80.65,80.65,76.65,78,9258085,borsapy_fallback_from_yahoo,acilis,2026-09-21T07:36:30Z
2026-09-15,CELHA,28.36,29.8,28.36,29.5,4988072,borsapy_fallback_from_yahoo,acilis,2026-09-21T07:36:30Z
2026-09-15,CEMAS,4.11,4.16,4.06,4.07,6860954,borsapy_fallback_from_yahoo,acilis,2026-09-21T07:36:30Z
2026-09-15,CEMTS,8.72,8.81,8.51,8.51,1140166,borsapy_fallback_from_yahoo,acilis,2026-09-21T07:36:30Z
2026-09-15,CEMZY,14.11,15.65,13.91,15.65,73885327,borsapy_fallback_from_yahoo,acilis,2026-09-21T07:36:30Z
2026-09-15,CEOEM,29.78,31.98,29.5,31.8,8943726,borsapy_fallback_from_yahoo,acilis,2026-09-21T07:36:30Z
2026-09-15,CGCAM,31.36,31.36,28.88,29.46,2528315,borsapy_fallback_from_yahoo,acilis,2026-09-21T07:36:30Z
2026-09-15,CIMSA,44.84,44.92,43.02,43.02,6521231,borsapy_fallback_from_yahoo,acilis,2026-09-21T07:36:30Z
2026-09-15,CITAS,171.5,174.1,159,159,11563271,borsapy_fallback_from_yahoo,acilis,2026-09-21T07:36:30Z
2026-09-15,CLEBI,1445,1453,1408,1408,24021,borsapy_fallback_from_yahoo,acilis,2026-09-21T07:36:30Z
2026-09-15,CMBTN,1580,1618,1551,1560,19726,borsapy_fallback_from_yahoo,acilis,2026-09-21T07:36:30Z
2026-09-15,CMENT,250,250,249,250,3148,borsapy_fallback_from_yahoo,acilis,2026-09-21T07:36:30Z
2026-09-15,CONSE,2.26,2.27,2.17,2.18,15185311,borsapy_fallback_from_yahoo,acilis,2026-09-21T07:36:30Z
2026-09-15,COSMO,113,116.3,112,113.6,42830,borsapy_fallback_from_yahoo,acilis,2026-09-21T07:36:30Z
2026-09-15,CRDFA,23,24.8,22.92,23.08,4166810,borsapy_fallback_from_yahoo,acilis,2026-09-21T07:36:30Z
2026-09-15,CRFSA,257,265.5,245.5,246.7,1455055,borsapy_fallback_from_yahoo,acilis,2026-09-21T07:36:30Z
2026-09-15,CUSAN,24.66,25.1,24.16,24.16,486829,borsapy_fallback_from_yahoo,acilis,2026-09-21T07:36:30Z
2026-09-15,CVKMD,14.25,14.76,14.12,14.2,28238851,borsapy_fallback_from_yahoo,acilis,2026-09-21T07:36:30Z
2026-09-15,CWENE,29.46,29.66,28.7,28.9,12520725,borsapy_fallback_from_yahoo,acilis,2026-09-21T07:36:30Z
2026-09-15,DAGI,8.96,9.02,8.62,8.81,4540236,borsapy_fallback_from_yahoo,acilis,2026-09-21T07:36:30Z
2026-09-15,DAPGM,7.81,7.86,7.48,7.6,49175452,borsapy_fallback_from_yahoo,acilis,2026-09-21T07:36:30Z
2026-09-15,DARDL,1.53,1.56,1.49,1.49,13246933,borsapy_fallback_from_yahoo,acilis,2026-09-21T07:36:30Z
2026-09-15,DCTTR,5.86,5.94,5.78,5.87,7733721,borsapy_fallback_from_yahoo,acilis,2026-09-21T07:36:30Z
2026-09-15,DENGE,2.39,2.49,2.38,2.41,24323090,borsapy_fallback_from_yahoo,acilis,2026-09-21T07:36:30Z
2026-09-15,DERHL,2.12,2.15,2.07,2.08,14445330,borsapy_fallback_from_yahoo,acilis,2026-09-21T07:36:30Z
2026-09-15,DERIM,34.5,34.62,32.82,33.58,305667,borsapy_fallback_from_yahoo,acilis,2026-09-21T07:36:30Z
2026-09-15,DESA,9.6,9.7,9.47,9.54,1339616,borsapy_fallback_from_yahoo,acilis,2026-09-21T07:36:30Z
2026-09-15,DESPC,39.46,40,39.22,39.24,273726,borsapy_fallback_from_yahoo,acilis,2026-09-21T07:36:30Z
2026-09-15,DEVA,102.1,104.1,97.05,97.2,893584,borsapy_fallback_from_yahoo,acilis,2026-09-21T07:36:30Z
2026-09-15,DGATE,86.8,87.35,81.9,82.5,147982,borsapy_fallback_from_yahoo,acilis,2026-09-21T07:36:30Z
2026-09-15,DGGYO,32.92,33.38,32.68,32.7,73697,borsapy_fallback_from_yahoo,acilis,2026-09-21T07:36:30Z
2026-09-15,DGNMO,6.77,7,6.5,6.78,3419536,borsapy_fallback_from_yahoo,acilis,2026-09-21T07:36:30Z
2026-09-15,DIRIT,25.72,25.72,25.04,25.04,37734,borsapy_fallback_from_yahoo,acilis,2026-09-21T07:36:30Z
2026-09-15,DITAS,18.45,18.55,16.67,16.73,2206389,borsapy_fallback_from_yahoo,acilis,2026-09-21T07:36:30Z
2026-09-15,DMLKT,7.09,7.11,7.03,7.06,4303518,borsapy_fallback_from_yahoo,acilis,2026-09-21T07:36:30Z
2026-09-15,DMRGD,10.32,10.56,10.32,10.5,14078150,borsapy_fallback_from_yahoo,acilis,2026-09-21T07:36:30Z
2026-09-15,DMSAS,7.99,8.01,7.76,7.76,2255776,borsapy_fallback_from_yahoo,acilis,2026-09-21T07:36:30Z
2026-09-15,DNISI,4.92,4.92,4.74,4.75,2876760,borsapy_fallback_from_yahoo,acilis,2026-09-21T07:36:30Z
2026-09-15,DOAS,163.2,164.3,160,160.3,627766,borsapy_fallback_from_yahoo,acilis,2026-09-21T07:36:30Z
2026-09-15,DOCO,10905,11082.5,10857.5,10972.5,6539,borsapy_fallback_from_yahoo,acilis,2026-09-21T07:36:30Z
2026-09-15,DOFER,27.26,27.3,26.42,26.72,395140,borsapy_fallback_from_yahoo,acilis,2026-09-21T07:36:30Z
2026-09-15,DOFRB,104,104.4,98.3,98.3,2726705,borsapy_fallback_from_yahoo,acilis,2026-09-21T07:36:30Z
2026-09-15,DOGUB,61.95,63,57.9,57.9,463639,borsapy_fallback_from_yahoo,acilis,2026-09-21T07:36:30Z
2026-09-15,DOHOL,21.74,21.98,21.2,21.34,10893864,borsapy_fallback_from_yahoo,acilis,2026-09-21T07:36:30Z
2026-09-15,DOKTA,22.9,23.44,22.32,22.32,408234,borsapy_fallback_from_yahoo,acilis,2026-09-21T07:36:30Z
2026-09-15,DSTKF,2610,2720,2607.5,2720,548381,borsapy_fallback_from_yahoo,acilis,2026-09-21T07:36:30Z
2026-09-15,DUNYH,113,114.9,103.1,103.1,910803,borsapy_fallback_from_yahoo,acilis,2026-09-21T07:36:30Z
2026-09-15,DURDO,5.19,5.2,5.03,5.15,3552196,borsapy_fallback_from_yahoo,acilis,2026-09-21T07:36:30Z
2026-09-15,DURKN,19.81,19.93,19.5,19.5,658214,borsapy_fallback_from_yahoo,acilis,2026-09-21T07:36:30Z
2026-09-15,DYOBY,12.99,13.07,12.72,12.72,1046719,borsapy_fallback_from_yahoo,acilis,2026-09-21T07:36:30Z
2026-09-15,DZGYO,7.69,8.2,7.67,8.07,5289753,borsapy_fallback_from_yahoo,acilis,2026-09-21T07:36:30Z
2026-09-15,EBEBK,83.5,84.45,82.35,82.5,669677,borsapy_fallback_from_yahoo,acilis,2026-09-21T07:36:30Z
2026-09-15,ECILC,69.6,70.1,66.85,67.05,5394001,borsapy_fallback_from_yahoo,acilis,2026-09-21T07:36:30Z
2026-09-15,ECOGR,38.02,38.68,36.88,36.94,4850587,borsapy_fallback_from_yahoo,acilis,2026-09-21T07:36:30Z
2026-09-15,ECZYT,300.75,302.75,288.75,289.75,462321,borsapy_fallback_from_yahoo,acilis,2026-09-21T07:36:30Z
2026-09-15,EDATA,16.69,16.88,15.86,16.2,6137042,borsapy_fallback_from_yahoo,acilis,2026-09-21T07:36:30Z
2026-09-15,EDIP,34.96,35.36,34.6,34.64,674212,borsapy_fallback_from_yahoo,acilis,2026-09-21T07:36:30Z
2026-09-15,EFOR,20.36,20.94,19.93,19.99,86130815,borsapy_fallback_from_yahoo,acilis,2026-09-21T07:36:30Z
2026-09-15,EGEEN,6525,6882.5,6232.5,6260,66025,borsapy_fallback_from_yahoo,acilis,2026-09-21T07:36:30Z
2026-09-15,EGEGY,23.64,23.7,22.2,22.36,5769725,borsapy_fallback_from_yahoo,acilis,2026-09-21T07:36:30Z
2026-09-15,EGEPO,10.01,10.16,9.14,9.14,4850934,borsapy_fallback_from_yahoo,acilis,2026-09-21T07:36:30Z
2026-09-15,EGGUB,112,112,107.1,109.4,530890,borsapy_fallback_from_yahoo,acilis,2026-09-21T07:36:30Z
2026-09-15,EGPRO,38.1,39,36.92,37.08,1232356,borsapy_fallback_from_yahoo,acilis,2026-09-21T07:36:30Z
2026-09-15,EGSER,2.91,2.94,2.85,2.87,963244,borsapy_fallback_from_yahoo,acilis,2026-09-21T07:36:30Z
2026-09-15,EKDMR,44.5,44.66,43.18,43.4,8159932,borsapy_fallback_from_yahoo,acilis,2026-09-21T07:36:30Z
2026-09-15,EKGYO,20.58,20.62,19.75,19.8,146085047,borsapy_fallback_from_yahoo,acilis,2026-09-21T07:36:30Z
2026-09-15,EKIM,17.5,17.54,16.4,16.4,10821353,borsapy_fallback_from_yahoo,acilis,2026-09-21T07:36:30Z
2026-09-15,EKIZ,59,59,55.5,57.8,21898,borsapy_fallback_from_yahoo,acilis,2026-09-21T07:36:30Z
2026-09-15,EKOS,4.64,4.84,4.55,4.58,8189831,borsapy_fallback_from_yahoo,acilis,2026-09-21T07:36:30Z
2026-09-15,EKSUN,5.44,5.48,5.27,5.31,2010914,borsapy_fallback_from_yahoo,acilis,2026-09-21T07:36:30Z
2026-09-15,ELITE,25.08,25.3,24.5,24.56,858002,borsapy_fallback_from_yahoo,acilis,2026-09-21T07:36:30Z
2026-09-15,EMKEL,12.28,12.4,11.95,12.01,2139762,borsapy_fallback_from_yahoo,acilis,2026-09-21T07:36:30Z
2026-09-15,EMNIS,151.1,151.2,150,150.9,8367,borsapy_fallback_from_yahoo,acilis,2026-09-21T07:36:30Z
2026-09-15,EMPAE,57,61.45,57,57.5,7759631,borsapy_fallback_from_yahoo,acilis,2026-09-21T07:36:30Z
2026-09-15,ENDAE,16.23,16.51,15.58,15.58,1793711,borsapy_fallback_from_yahoo,acilis,2026-09-21T07:36:30Z
2026-09-15,ENERY,12.4,12.77,12.37,12.7,60707913,borsapy_fallback_from_yahoo,acilis,2026-09-21T07:36:30Z
2026-09-15,ENJSA,114.3,114.4,110.7,112.8,3528109,borsapy_fallback_from_yahoo,acilis,2026-09-21T07:36:30Z
2026-09-15,ENKAI,89.3,89.6,85.8,85.8,12539133,borsapy_fallback_from_yahoo,acilis,2026-09-21T07:36:30Z
2026-09-15,ENPRA,52.65,52.65,51.65,52,43711,borsapy_fallback_from_yahoo,acilis,2026-09-21T07:36:30Z
2026-09-15,ENSRI,4.15,4.24,4.04,4.07,13341817,borsapy_fallback_from_yahoo,acilis,2026-09-21T07:36:30Z
2026-09-15,ENTRA,4.2,4.43,4.12,4.27,31814522,borsapy_fallback_from_yahoo,acilis,2026-09-21T07:36:30Z
2026-09-15,EPLAS,7.05,7.43,6.16,6.39,39813324,borsapy_fallback_from_yahoo,acilis,2026-09-21T07:36:30Z
2026-09-15,ERBOS,146.9,146.9,142.9,143.6,38842,borsapy_fallback_from_yahoo,acilis,2026-09-21T07:36:30Z
2026-09-15,ERCB,43.2,43.64,42.12,42.38,452850,borsapy_fallback_from_yahoo,acilis,2026-09-21T07:36:30Z
2026-09-15,EREGL,38.9,39.3,38.26,38.26,129246491,borsapy_fallback_from_yahoo,acilis,2026-09-21T07:36:30Z
2026-09-15,ERSU,22.4,22.4,21.32,21.74,203367,borsapy_fallback_from_yahoo,acilis,2026-09-21T07:36:30Z
2026-09-15,ESCAR,44.08,44.6,42.3,42.3,1958828,borsapy_fallback_from_yahoo,acilis,2026-09-21T07:36:30Z
2026-09-15,ESCOM,5.17,5.19,4.98,4.98,9692085,borsapy_fallback_from_yahoo,acilis,2026-09-21T07:36:30Z
2026-09-15,ESEN,3.38,3.43,3.33,3.35,20557946,borsapy_fallback_from_yahoo,acilis,2026-09-21T07:36:30Z
2026-09-15,ETILR,6.47,6.52,5.97,6,6306943,borsapy_fallback_from_yahoo,acilis,2026-09-21T07:36:30Z
2026-09-15,ETYAT,13.59,13.59,12.42,12.79,1136914,borsapy_fallback_from_yahoo,acilis,2026-09-21T07:36:30Z
2026-09-15,EUHOL,9.3,9.3,8.97,8.97,426445,borsapy_fallback_from_yahoo,acilis,2026-09-21T07:36:30Z
2026-09-15,EUKYO,14.3,14.6,14.1,14.3,992969,borsapy_fallback_from_yahoo,acilis,2026-09-21T07:36:30Z
2026-09-15,EUPWR,71.5,75,69,69.9,17322614,borsapy_fallback_from_yahoo,acilis,2026-09-21T07:36:30Z
2026-09-15,EUREN,3.82,3.85,3.74,3.75,14514295,borsapy_fallback_from_yahoo,acilis,2026-09-21T07:36:30Z
2026-09-15,EUYO,4.69,4.78,4.59,4.61,769676,borsapy_fallback_from_yahoo,acilis,2026-09-21T07:36:30Z
2026-09-15,EYGYO,2.65,2.72,2.52,2.52,8885817,borsapy_fallback_from_yahoo,acilis,2026-09-21T07:36:30Z
2026-09-15,FADE,15.17,15.25,14.69,14.7,1536175,borsapy_fallback_from_yahoo,acilis,2026-09-21T07:36:30Z
2026-09-15,FENER,2.75,2.82,2.72,2.72,135327875,borsapy_fallback_from_yahoo,acilis,2026-09-21T07:36:30Z
2026-09-15,FLAP,13.14,13.45,12.26,12.92,1791097,borsapy_fallback_from_yahoo,acilis,2026-09-21T07:36:30Z
2026-09-15,FMIZP,292.75,296,281.25,286.75,49055,borsapy_fallback_from_yahoo,acilis,2026-09-21T07:36:30Z
2026-09-15,FONET,4.48,4.48,4.26,4.26,12311657,borsapy_fallback_from_yahoo,acilis,2026-09-21T07:36:30Z
2026-09-15,FORMT,1.45,1.45,1.4,1.41,13812006,borsapy_fallback_from_yahoo,acilis,2026-09-21T07:36:30Z
2026-09-15,FORTE,118.3,120.7,112.3,112.3,1201597,borsapy_fallback_from_yahoo,acilis,2026-09-21T07:36:30Z
2026-09-15,FRIGO,2.24,2.29,2.22,2.23,16641344,borsapy_fallback_from_yahoo,acilis,2026-09-21T07:36:30Z
2026-09-15,FRMPL,30.96,31.22,29.38,29.38,1547839,borsapy_fallback_from_yahoo,acilis,2026-09-21T07:36:30Z
2026-09-15,FROTO,81.8,82.2,78.4,78.4,23105455,borsapy_fallback_from_yahoo,acilis,2026-09-21T07:36:30Z
2026-09-15,FZLGY,9.39,9.79,9.34,9.45,23351369,borsapy_fallback_from_yahoo,acilis,2026-09-21T07:36:30Z
2026-09-15,GARAN,134.1,134.2,127.8,127.8,28801841,borsapy_fallback_from_yahoo,acilis,2026-09-21T07:36:30Z
2026-09-15,GARFA,27.22,27.76,26.44,26.44,1108308,borsapy_fallback_from_yahoo,acilis,2026-09-21T07:36:30Z
2026-09-15,GATEG,287.75,300,287.75,299,253538,borsapy_fallback_from_yahoo,acilis,2026-09-21T07:36:30Z
2026-09-15,GEDIK,5.55,5.61,5.48,5.5,2621765,borsapy_fallback_from_yahoo,acilis,2026-09-21T07:36:30Z
2026-09-15,GEDZA,26.66,26.88,25.78,25.78,369040,borsapy_fallback_from_yahoo,acilis,2026-09-21T07:36:30Z
2026-09-15,GENIL,11.69,11.69,11.1,11.1,44094496,borsapy_fallback_from_yahoo,acilis,2026-09-21T07:36:30Z
2026-09-15,GENKM,10.68,10.78,10.29,10.38,17354505,borsapy_fallback_from_yahoo,acilis,2026-09-21T07:36:30Z
2026-09-15,GENTS,5.05,5.11,4.9,4.9,4037420,borsapy_fallback_from_yahoo,acilis,2026-09-21T07:36:30Z
2026-09-15,GEREL,35.9,36.06,32.86,32.96,4361152,borsapy_fallback_from_yahoo,acilis,2026-09-21T07:36:30Z
2026-09-15,GESAN,61.1,62.5,59.3,59.3,13369240,borsapy_fallback_from_yahoo,acilis,2026-09-21T07:36:30Z
2026-09-15,GIPTA,71.15,73.1,67.9,68.55,4190168,borsapy_fallback_from_yahoo,acilis,2026-09-21T07:36:30Z
2026-09-15,GLBMD,11.27,11.47,11.12,11.22,199297,borsapy_fallback_from_yahoo,acilis,2026-09-21T07:36:30Z
2026-09-15,GLCVY,52.15,54.3,50.6,52,1215887,borsapy_fallback_from_yahoo,acilis,2026-09-21T07:36:30Z
2026-09-15,GLRMK,170.8,171.7,164.2,164.2,2589166,borsapy_fallback_from_yahoo,acilis,2026-09-21T07:36:30Z
2026-09-15,GLRYH,3.04,3.05,2.9,2.9,5754586,borsapy_fallback_from_yahoo,acilis,2026-09-21T07:36:30Z
2026-09-15,GLYHO,16.4,16.51,16.17,16.17,2768638,borsapy_fallback_from_yahoo,acilis,2026-09-21T07:36:30Z
2026-09-15,GMTAS,50.8,50.8,48.44,48.76,2020816,borsapy_fallback_from_yahoo,acilis,2026-09-21T07:36:30Z
2026-09-15,GOKNR,17.84,18.1,17.61,17.75,3221209,borsapy_fallback_from_yahoo,acilis,2026-09-21T07:36:30Z
2026-09-15,GOLDA,12.45,12.88,12.03,12.05,23944963,borsapy_fallback_from_yahoo,acilis,2026-09-21T07:36:30Z
2026-09-15,GOLTS,293,294.25,284.75,284.75,88569,borsapy_fallback_from_yahoo,acilis,2026-09-21T07:36:30Z
2026-09-15,GOODY,2.67,2.7,2.6,2.61,8765480,borsapy_fallback_from_yahoo,acilis,2026-09-21T07:36:30Z
2026-09-15,GOZDE,23.58,23.88,22.24,22.24,1806326,borsapy_fallback_from_yahoo,acilis,2026-09-21T07:36:30Z
2026-09-15,GRNYO,12.4,12.75,11.44,11.44,567207,borsapy_fallback_from_yahoo,acilis,2026-09-21T07:36:30Z
2026-09-15,GRSEL,297.25,307,293,293,686949,borsapy_fallback_from_yahoo,acilis,2026-09-21T07:36:30Z
2026-09-15,GRTHO,235,236.9,214.8,220.3,1262712,borsapy_fallback_from_yahoo,acilis,2026-09-21T07:36:30Z
2026-09-15,GSDDE,14.5,14.99,13.15,13.48,5940828,borsapy_fallback_from_yahoo,acilis,2026-09-21T07:36:30Z
2026-09-15,GSDHO,4.72,4.88,4.54,4.6,18681708,borsapy_fallback_from_yahoo,acilis,2026-09-21T07:36:30Z
2026-09-15,GSRAY,1.01,1.02,1,1,123745778,borsapy_fallback_from_yahoo,acilis,2026-09-21T07:36:30Z
2026-09-15,GUBRF,479.75,479.75,460.25,461,1624595,borsapy_fallback_from_yahoo,acilis,2026-09-21T07:36:30Z
2026-09-15,GUNDG,733.5,733.5,733.5,733.5,4020,borsapy_fallback_from_yahoo,acilis,2026-09-21T07:36:30Z
2026-09-15,GWIND,22.68,22.94,22.06,22.12,2364665,borsapy_fallback_from_yahoo,acilis,2026-09-21T07:36:30Z
2026-09-15,GZNMI,48.84,49.5,46.88,47,622642,borsapy_fallback_from_yahoo,acilis,2026-09-21T07:36:30Z
2026-09-15,HALKB,47.14,47.98,45.54,46.08,47685582,borsapy_fallback_from_yahoo,acilis,2026-09-21T07:36:30Z
2026-09-15,HATEK,12.77,13.01,12.5,12.67,1412085,borsapy_fallback_from_yahoo,acilis,2026-09-21T07:36:30Z
2026-09-15,HATSN,62.45,63.2,60.05,60.05,3459701,borsapy_fallback_from_yahoo,acilis,2026-09-21T07:36:30Z
2026-09-15,HDFGS,2.04,2.21,2.01,2.07,86974509,borsapy_fallback_from_yahoo,acilis,2026-09-21T07:36:30Z
2026-09-15,HEDEF,26.52,26.52,26.52,26.52,720125,borsapy_fallback_from_yahoo,acilis,2026-09-21T07:36:30Z
2026-09-15,HEKTS,2.84,2.87,2.67,2.67,480366060,borsapy_fallback_from_yahoo,acilis,2026-09-21T07:36:30Z
2026-09-15,HKTM,12.32,12.96,12.32,12.6,6899915,borsapy_fallback_from_yahoo,acilis,2026-09-21T07:36:30Z
2026-09-15,HLGYO,4.33,4.37,4.18,4.18,17498106,borsapy_fallback_from_yahoo,acilis,2026-09-21T07:36:30Z
2026-09-15,HOROZ,57,57.3,55.3,55.55,620131,borsapy_fallback_from_yahoo,acilis,2026-09-21T07:36:30Z
2026-09-15,HRKET,81.75,87.1,80,80,4690051,borsapy_fallback_from_yahoo,acilis,2026-09-21T07:36:30Z
2026-09-15,HTTBT,34.32,34.36,32.72,32.9,804030,borsapy_fallback_from_yahoo,acilis,2026-09-21T07:36:30Z
2026-09-15,HUBVC,2.23,2.28,2.06,2.1,4316227,borsapy_fallback_from_yahoo,acilis,2026-09-21T07:36:30Z
2026-09-15,HUNER,3.89,4.09,3.89,3.93,69794303,borsapy_fallback_from_yahoo,acilis,2026-09-21T07:36:30Z
2026-09-15,HURGZ,8.37,8.46,7.65,7.65,7535131,borsapy_fallback_from_yahoo,acilis,2026-09-21T07:36:30Z
2026-09-15,ICBCT,18.82,18.95,18.1,18.1,775219,borsapy_fallback_from_yahoo,acilis,2026-09-21T07:36:30Z
2026-09-15,ICUGS,3.6,3.8,3.33,3.41,27542999,borsapy_fallback_from_yahoo,acilis,2026-09-21T07:36:30Z
2026-09-15,IDGYO,2.82,2.86,2.74,2.77,998655,borsapy_fallback_from_yahoo,acilis,2026-09-21T07:36:30Z
2026-09-15,IEYHO,230.9,234.9,230,230,14868024,borsapy_fallback_from_yahoo,acilis,2026-09-21T07:36:30Z
2026-09-15,IHAAS,49.12,49.8,47.9,48.06,622972,borsapy_fallback_from_yahoo,acilis,2026-09-21T07:36:30Z
2026-09-15,IHEVA,1.92,2.08,1.92,1.97,6186937,borsapy_fallback_from_yahoo,acilis,2026-09-21T07:36:30Z
2026-09-15,IHGZT,1.27,1.27,1.18,1.19,46967126,borsapy_fallback_from_yahoo,acilis,2026-09-21T07:36:30Z
2026-09-15,IHLAS,1.3,1.33,1.15,1.15,522920160,borsapy_fallback_from_yahoo,acilis,2026-09-21T07:36:30Z
2026-09-15,IHLGM,1.73,1.75,1.59,1.59,68695814,borsapy_fallback_from_yahoo,acilis,2026-09-21T07:36:30Z
2026-09-15,IHYAY,1.3,1.32,1.23,1.29,8946944,borsapy_fallback_from_yahoo,acilis,2026-09-21T07:36:30Z
2026-09-15,IMASM,2.27,2.44,2.23,2.23,31109086,borsapy_fallback_from_yahoo,acilis,2026-09-21T07:36:30Z
2026-09-15,INDES,11.66,11.7,11.15,11.15,4220879,borsapy_fallback_from_yahoo,acilis,2026-09-21T07:36:30Z
2026-09-15,INFO,2.08,2.42,2.07,2.42,115011927,borsapy_fallback_from_yahoo,acilis,2026-09-21T07:36:30Z
2026-09-15,INGRM,365,380,363,363,58926,borsapy_fallback_from_yahoo,acilis,2026-09-21T07:36:30Z
2026-09-15,INTEK,215,215.7,215,215.6,12780,borsapy_fallback_from_yahoo,acilis,2026-09-21T07:36:30Z
2026-09-15,INTEM,241.5,241.5,229.4,229.4,39165,borsapy_fallback_from_yahoo,acilis,2026-09-21T07:36:30Z
2026-09-15,INTET,61.4,64,56.05,57,25042360,borsapy_fallback_from_yahoo,acilis,2026-09-21T07:36:30Z
2026-09-15,INVEO,6.57,6.72,6.5,6.63,3789737,borsapy_fallback_from_yahoo,acilis,2026-09-21T07:36:30Z
2026-09-15,INVES,777.5,788,760.5,773,40211,borsapy_fallback_from_yahoo,acilis,2026-09-21T07:36:30Z
2026-09-15,ISBIR,70.5,71,68.25,71,11915,borsapy_fallback_from_yahoo,acilis,2026-09-21T07:36:30Z
2026-09-15,ISCTR,13.84,13.91,13.36,13.36,642251170,borsapy_fallback_from_yahoo,acilis,2026-09-21T07:36:30Z
2026-09-15,ISDMR,60,63.75,60,61,3446845,borsapy_fallback_from_yahoo,acilis,2026-09-21T07:36:30Z
2026-09-15,ISFIN,19.09,19.2,18.64,18.64,1322703,borsapy_fallback_from_yahoo,acilis,2026-09-21T07:36:30Z
2026-09-15,ISGYO,23.5,23.62,22.38,22.38,1065549,borsapy_fallback_from_yahoo,acilis,2026-09-21T07:36:30Z
2026-09-15,ISKPL,6.97,7.02,6.28,6.48,39646826,borsapy_fallback_from_yahoo,acilis,2026-09-21T07:36:30Z
2026-09-15,ISMEN,34.96,35.44,33.56,33.56,5048243,borsapy_fallback_from_yahoo,acilis,2026-09-21T07:36:30Z
2026-09-15,ISSEN,6.87,6.93,6.77,6.81,568269,borsapy_fallback_from_yahoo,acilis,2026-09-21T07:36:30Z
2026-09-15,ISVEA,95.8,97.75,91.05,97.1,1960641,borsapy_fallback_from_yahoo,acilis,2026-09-21T07:36:30Z
2026-09-15,IZENR,6.72,6.85,6.42,6.6,17257499,borsapy_fallback_from_yahoo,acilis,2026-09-21T07:36:30Z
2026-09-15,IZFAS,42.26,51.6,42.26,51,10163488,borsapy_fallback_from_yahoo,acilis,2026-09-21T07:36:30Z
2026-09-15,IZINV,49.5,52.5,47.2,47.72,834151,borsapy_fallback_from_yahoo,acilis,2026-09-21T07:36:30Z
2026-09-15,IZMDC,10.11,10.15,9.41,9.41,13934959,borsapy_fallback_from_yahoo,acilis,2026-09-21T07:36:30Z
2026-09-15,JANTS,16.33,16.66,16,16.15,4433452,borsapy_fallback_from_yahoo,acilis,2026-09-21T07:36:30Z
2026-09-15,KAPLM,363,366,332,334.75,119014,borsapy_fallback_from_yahoo,acilis,2026-09-21T07:36:30Z
2026-09-15,KARCL,217,233,217,233,3726527,borsapy_fallback_from_yahoo,acilis,2026-09-21T07:36:30Z
2026-09-15,KAREL,7.93,8.05,7.66,7.66,9360878,borsapy_fallback_from_yahoo,acilis,2026-09-21T07:36:30Z
2026-09-15,KARSN,14.44,14.6,12.9,13,46281497,borsapy_fallback_from_yahoo,acilis,2026-09-21T07:36:30Z
2026-09-15,KARTN,160.7,163,150.1,150.1,315923,borsapy_fallback_from_yahoo,acilis,2026-09-21T07:36:30Z
2026-09-15,KATMR,1.85,1.87,1.81,1.81,81087743,borsapy_fallback_from_yahoo,acilis,2026-09-21T07:36:30Z
2026-09-15,KAYSE,3.94,3.96,3.82,3.82,4582447,borsapy_fallback_from_yahoo,acilis,2026-09-21T07:36:30Z
2026-09-15,KBORU,17.36,17.67,16.1,16.1,11892739,borsapy_fallback_from_yahoo,acilis,2026-09-21T07:36:30Z
2026-09-15,KCAER,13.5,13.58,12.72,12.74,13863272,borsapy_fallback_from_yahoo,acilis,2026-09-21T07:36:30Z
2026-09-15,KCHOL,225.7,226.9,218,218.8,26497266,borsapy_fallback_from_yahoo,acilis,2026-09-21T07:36:30Z
2026-09-15,KENT,335,335,330,330,4164,borsapy_fallback_from_yahoo,acilis,2026-09-21T07:36:30Z
2026-09-15,KERVN,9.45,9.45,8.6,8.6,417011,borsapy_fallback_from_yahoo,acilis,2026-09-21T07:36:30Z
2026-09-15,KFEIN,7.99,8.11,7.82,7.82,3011190,borsapy_fallback_from_yahoo,acilis,2026-09-21T07:36:30Z
2026-09-15,KGYO,11.48,12.06,11.39,11.86,15730007,borsapy_fallback_from_yahoo,acilis,2026-09-21T07:36:30Z
2026-09-15,KIMMR,13.06,13.37,12.68,12.76,3072837,borsapy_fallback_from_yahoo,acilis,2026-09-21T07:36:30Z
2026-09-15,KLGYO,4.6,4.6,4.4,4.4,5058354,borsapy_fallback_from_yahoo,acilis,2026-09-21T07:36:30Z
2026-09-15,KLKIM,25.5,25.86,25.3,25.4,1431539,borsapy_fallback_from_yahoo,acilis,2026-09-21T07:36:30Z
2026-09-15,KLMSN,27.32,27.42,26.44,26.62,589495,borsapy_fallback_from_yahoo,acilis,2026-09-21T07:36:30Z
2026-09-15,KLNMA,8.95,8.95,8.82,8.82,122117,borsapy_fallback_from_yahoo,acilis,2026-09-21T07:36:30Z
2026-09-15,KLRHO,58.5,59.25,55.15,55.15,2001107,borsapy_fallback_from_yahoo,acilis,2026-09-21T07:36:30Z
2026-09-15,KLSER,22.9,23.04,22.58,22.58,1044393,borsapy_fallback_from_yahoo,acilis,2026-09-21T07:36:30Z
2026-09-15,KLSYN,16.7,16.85,15.21,15.69,6308791,borsapy_fallback_from_yahoo,acilis,2026-09-21T07:36:30Z
2026-09-15,KLYPV,62.3,62.4,59.9,59.9,1531386,borsapy_fallback_from_yahoo,acilis,2026-09-21T07:36:30Z
2026-09-15,KMPUR,18.19,18.36,17.91,18.25,1317900,borsapy_fallback_from_yahoo,acilis,2026-09-21T07:36:30Z
2026-09-15,KNFRT,12.09,12.65,12.09,12.51,4891202,borsapy_fallback_from_yahoo,acilis,2026-09-21T07:36:30Z
2026-09-15,KOCMT,4.28,4.52,3.9,4.22,173141680,borsapy_fallback_from_yahoo,acilis,2026-09-21T07:36:30Z
2026-09-15,KONKA,9.08,9.22,8.8,8.83,2218696,borsapy_fallback_from_yahoo,acilis,2026-09-21T07:36:30Z
2026-09-15,KONTR,3.39,3.39,3.35,3.35,3193645,borsapy_fallback_from_yahoo,acilis,2026-09-21T07:36:30Z
2026-09-15,KONYA,4312.5,4385,4122.5,4122.5,24754,borsapy_fallback_from_yahoo,acilis,2026-09-21T07:36:30Z
2026-09-15,KOPOL,5.03,5.09,4.9,4.9,6743830,borsapy_fallback_from_yahoo,acilis,2026-09-21T07:36:30Z
2026-09-15,KORDS,4.03,4.1,3.74,3.74,23909864,borsapy_fallback_from_yahoo,acilis,2026-09-21T07:36:30Z
2026-09-15,KOTON,12.12,12.2,11.98,12.05,1747860,borsapy_fallback_from_yahoo,acilis,2026-09-21T07:36:30Z
2026-09-15,KPEKS,97.2,98.8,95.4,95.4,3907293,borsapy_fallback_from_yahoo,acilis,2026-09-21T07:36:30Z
2026-09-15,KRDMA,51.2,51.6,47.5,47.58,6444961,borsapy_fallback_from_yahoo,acilis,2026-09-21T07:36:30Z
2026-09-15,KRDMB,93.15,97.85,93.15,95,1005891,borsapy_fallback_from_yahoo,acilis,2026-09-21T07:36:30Z
2026-09-15,KRDMD,45.5,46.12,44,44,44832699,borsapy_fallback_from_yahoo,acilis,2026-09-21T07:36:30Z
2026-09-15,KRGYO,3.69,3.74,3.66,3.68,14540425,borsapy_fallback_from_yahoo,acilis,2026-09-21T07:36:30Z
2026-09-15,KRONT,21.7,21.74,20.78,20.8,826930,borsapy_fallback_from_yahoo,acilis,2026-09-21T07:36:30Z
2026-09-15,KRPLS,12.5,12.68,11.4,12,9462837,borsapy_fallback_from_yahoo,acilis,2026-09-21T07:36:30Z
2026-09-15,KRSTL,8.52,8.6,8.16,8.16,3012409,borsapy_fallback_from_yahoo,acilis,2026-09-21T07:36:30Z
2026-09-15,KRTEK,5.79,6.13,5.79,5.85,762562,borsapy_fallback_from_yahoo,acilis,2026-09-21T07:36:30Z
2026-09-15,KRVGD,2.31,2.32,2.23,2.24,7613666,borsapy_fallback_from_yahoo,acilis,2026-09-21T07:36:30Z
2026-09-15,KSTUR,2429,2429,2350,2350,1026,borsapy_fallback_from_yahoo,acilis,2026-09-21T07:36:30Z
2026-09-15,KTLEV,30.5,30.5,30.5,30.5,3771303,borsapy_fallback_from_yahoo,acilis,2026-09-21T07:36:30Z
2026-09-15,KTSKR,74.9,75.85,73,73,296228,borsapy_fallback_from_yahoo,acilis,2026-09-21T07:36:30Z
2026-09-15,KUTPO,78.65,82.4,76.2,79.6,474402,borsapy_fallback_from_yahoo,acilis,2026-09-21T07:36:30Z
2026-09-15,KUVVA,179.8,179.8,166.3,170.1,67417,borsapy_fallback_from_yahoo,acilis,2026-09-21T07:36:30Z
2026-09-15,KUYAS,71.3,72.6,69.65,69.65,13637549,borsapy_fallback_from_yahoo,acilis,2026-09-21T07:36:30Z
2026-09-15,KZBGY,1.78,1.81,1.71,1.72,52442662,borsapy_fallback_from_yahoo,acilis,2026-09-21T07:36:30Z
2026-09-15,KZGYO,31.06,32.48,27.76,27.76,9471977,borsapy_fallback_from_yahoo,acilis,2026-09-21T07:36:30Z
2026-09-15,LIDER,22.3,23.98,21.64,21.66,10819055,borsapy_fallback_from_yahoo,acilis,2026-09-21T07:36:30Z
2026-09-15,LIDFA,1.63,1.66,1.55,1.55,16096575,borsapy_fallback_from_yahoo,acilis,2026-09-21T07:36:30Z
2026-09-15,LILAK,27.86,28.12,27.38,27.38,1539895,borsapy_fallback_from_yahoo,acilis,2026-09-21T07:36:30Z
2026-09-15,LINK,5.13,5.23,5.05,5.05,10405342,borsapy_fallback_from_yahoo,acilis,2026-09-21T07:36:30Z
2026-09-15,LKMNH,13.52,13.85,13.11,13.16,2251815,borsapy_fallback_from_yahoo,acilis,2026-09-21T07:36:30Z
2026-09-15,LMKDC,22.04,22.24,21.34,21.36,3197521,borsapy_fallback_from_yahoo,acilis,2026-09-21T07:36:30Z
2026-09-15,LOGO,139.5,140.2,134.4,134.4,410719,borsapy_fallback_from_yahoo,acilis,2026-09-21T07:36:30Z
2026-09-15,LRSHO,2.43,2.53,2.4,2.4,27962476,borsapy_fallback_from_yahoo,acilis,2026-09-21T07:36:30Z
2026-09-15,LUKSK,80.7,82,79.3,79.4,80466,borsapy_fallback_from_yahoo,acilis,2026-09-21T07:36:30Z
2026-09-15,LXGYO,8.71,8.88,8.51,8.56,4895844,borsapy_fallback_from_yahoo,acilis,2026-09-21T07:36:30Z
2026-09-15,LYDHO,135.2,136.3,127.9,128,205652,borsapy_fallback_from_yahoo,acilis,2026-09-21T07:36:30Z
2026-09-15,LYDYE,12200,12200,11802.5,11802.5,1423,borsapy_fallback_from_yahoo,acilis,2026-09-21T07:36:30Z
2026-09-15,MAALT,1025,1111,1022,1050,179186,borsapy_fallback_from_yahoo,acilis,2026-09-21T07:36:30Z
2026-09-15,MACKO,35.44,35.44,33.96,34.24,489775,borsapy_fallback_from_yahoo,acilis,2026-09-21T07:36:30Z
2026-09-15,MAGEN,35.1,35.88,33.48,33.54,26764390,borsapy_fallback_from_yahoo,acilis,2026-09-21T07:36:30Z
2026-09-15,MAKIM,14.3,14.36,13.96,13.96,787681,borsapy_fallback_from_yahoo,acilis,2026-09-21T07:36:30Z
2026-09-15,MAKTK,9.46,9.52,9.07,9.07,1850249,borsapy_fallback_from_yahoo,acilis,2026-09-21T07:36:30Z
2026-09-15,MANAS,34.62,35.12,33.24,33.44,23755096,borsapy_fallback_from_yahoo,acilis,2026-09-21T07:36:30Z
2026-09-15,MARBL,12.02,12.19,11.83,11.83,1110544,borsapy_fallback_from_yahoo,acilis,2026-09-21T07:36:30Z
2026-09-15,MARMR,2.02,2.06,1.93,1.94,53530281,borsapy_fallback_from_yahoo,acilis,2026-09-21T07:36:30Z
2026-09-15,MARTI,2.85,3.04,2.85,3.04,61680200,borsapy_fallback_from_yahoo,acilis,2026-09-21T07:36:30Z
2026-09-15,MASFN,37.14,37.42,35.8,36,3507384,borsapy_fallback_from_yahoo,acilis,2026-09-21T07:36:30Z
2026-09-15,MAVI,37.64,37.88,35.94,35.94,6055561,borsapy_fallback_from_yahoo,acilis,2026-09-21T07:36:30Z
2026-09-15,MCARD,161.2,164.1,150,152.9,2674849,borsapy_fallback_from_yahoo,acilis,2026-09-21T07:36:30Z
2026-09-15,MEDTR,23.54,23.76,22.88,22.88,363670,borsapy_fallback_from_yahoo,acilis,2026-09-21T07:36:30Z
2026-09-15,MEGAP,1.63,1.63,1.61,1.61,535641,borsapy_fallback_from_yahoo,acilis,2026-09-21T07:36:30Z
2026-09-15,MEGMT,43.6,44.44,41.52,41.96,5250490,borsapy_fallback_from_yahoo,acilis,2026-09-21T07:36:30Z
2026-09-15,MEKAG,2.81,3,2.71,2.72,8911493,borsapy_fallback_from_yahoo,acilis,2026-09-21T07:36:30Z
2026-09-15,MEPET,21.14,21.74,20.78,20.94,238270,borsapy_fallback_from_yahoo,acilis,2026-09-21T07:36:30Z
2026-09-15,MERCN,18.58,18.88,17.42,17.43,4467979,borsapy_fallback_from_yahoo,acilis,2026-09-21T07:36:30Z
2026-09-15,MERIT,15.89,16.05,15.51,15.53,1487533,borsapy_fallback_from_yahoo,acilis,2026-09-21T07:36:30Z
2026-09-15,MERKO,1.19,1.2,1.15,1.15,19259226,borsapy_fallback_from_yahoo,acilis,2026-09-21T07:36:30Z
2026-09-15,METEN,19.02,19.64,17.75,17.9,18591536,borsapy_fallback_from_yahoo,acilis,2026-09-21T07:36:30Z
2026-09-15,METRO,8.5,8.55,8.14,8.15,5258127,borsapy_fallback_from_yahoo,acilis,2026-09-21T07:36:30Z
2026-09-15,MEYSU,10.94,11.13,9.91,10.13,13857412,borsapy_fallback_from_yahoo,acilis,2026-09-21T07:36:30Z
2026-09-15,MGROS,539.5,542.5,513,513,3919385,borsapy_fallback_from_yahoo,acilis,2026-09-21T07:36:30Z
2026-09-15,MHRGY,2.25,2.26,2.16,2.16,8550120,borsapy_fallback_from_yahoo,acilis,2026-09-21T07:36:30Z
2026-09-15,MIATK,38.44,38.72,34.68,34.68,39049844,borsapy_fallback_from_yahoo,acilis,2026-09-21T07:36:30Z
2026-09-15,MMCAS,41.36,41.36,38.88,38.88,112269,borsapy_fallback_from_yahoo,acilis,2026-09-21T07:36:30Z
2026-09-15,MNDRS,11.22,11.28,10.7,10.7,3159535,borsapy_fallback_from_yahoo,acilis,2026-09-21T07:36:30Z
2026-09-15,MNDTR,4.98,5.03,4.88,4.88,1447720,borsapy_fallback_from_yahoo,acilis,2026-09-21T07:36:30Z
2026-09-15,MOBTL,12.6,12.74,12.33,12.4,4546754,borsapy_fallback_from_yahoo,acilis,2026-09-21T07:36:30Z
2026-09-15,MOGAN,13.41,13.59,12.61,12.61,15700092,borsapy_fallback_from_yahoo,acilis,2026-09-21T07:36:30Z
2026-09-15,MOPAS,24.98,25.08,23.74,23.8,1987548,borsapy_fallback_from_yahoo,acilis,2026-09-21T07:36:30Z
2026-09-15,MPARK,437,438.75,425.75,427.25,500181,borsapy_fallback_from_yahoo,acilis,2026-09-21T07:36:30Z
2026-09-15,MRGYO,2.18,2.36,2.15,2.36,105453342,borsapy_fallback_from_yahoo,acilis,2026-09-21T07:36:30Z
2026-09-15,MRSHL,1680,1740,1621,1628,44630,borsapy_fallback_from_yahoo,acilis,2026-09-21T07:36:30Z
2026-09-15,MSGYO,5.59,5.66,5.52,5.52,966313,borsapy_fallback_from_yahoo,acilis,2026-09-21T07:36:30Z
2026-09-15,MTRKS,29.96,30.14,26.98,26.98,1755726,borsapy_fallback_from_yahoo,acilis,2026-09-21T07:36:30Z
2026-09-15,MTRYO,8.87,9.02,8.73,8.74,192897,borsapy_fallback_from_yahoo,acilis,2026-09-21T07:36:30Z
2026-09-15,MZHLD,6.28,6.44,5.74,5.9,2227898,borsapy_fallback_from_yahoo,acilis,2026-09-21T07:36:30Z
2026-09-15,NATEN,5.26,5.37,5.09,5.09,6314366,borsapy_fallback_from_yahoo,acilis,2026-09-21T07:36:30Z
2026-09-15,NETAS,99,100.9,94.7,96.95,664824,borsapy_fallback_from_yahoo,acilis,2026-09-21T07:36:30Z
2026-09-15,NETCD,109,118.7,108.2,111.8,5622142,borsapy_fallback_from_yahoo,acilis,2026-09-21T07:36:30Z
2026-09-15,NIBAS,4.26,4.31,4.11,4.11,9249633,borsapy_fallback_from_yahoo,acilis,2026-09-21T07:36:30Z
2026-09-15,NTGAZ,11.26,11.29,11.02,11.09,2694102,borsapy_fallback_from_yahoo,acilis,2026-09-21T07:36:30Z
2026-09-15,NTHOL,40.84,40.9,39.08,39.1,2100029,borsapy_fallback_from_yahoo,acilis,2026-09-21T07:36:30Z
2026-09-15,NUGYO,9.01,9.11,8.8,8.8,1855231,borsapy_fallback_from_yahoo,acilis,2026-09-21T07:36:30Z
2026-09-15,NUHCM,219.6,220.8,214,214,22828,borsapy_fallback_from_yahoo,acilis,2026-09-21T07:36:30Z
2026-09-15,OBAMS,5.39,5.44,5.17,5.19,21486923,borsapy_fallback_from_yahoo,acilis,2026-09-21T07:36:30Z
2026-09-15,OBASE,35.28,35.36,34.56,35.08,233817,borsapy_fallback_from_yahoo,acilis,2026-09-21T07:36:30Z
2026-09-15,ODAS,7.21,7.37,6.97,6.99,41622173,borsapy_fallback_from_yahoo,acilis,2026-09-21T07:36:30Z
2026-09-15,ODINE,633.5,633.5,633.5,633.5,16088,borsapy_fallback_from_yahoo,acilis,2026-09-21T07:36:30Z
2026-09-15,OFSYM,66,66.7,63.6,64.55,671623,borsapy_fallback_from_yahoo,acilis,2026-09-21T07:36:30Z
2026-09-15,ONCSM,164,166.7,158.4,158.4,336811,borsapy_fallback_from_yahoo,acilis,2026-09-21T07:36:30Z
2026-09-15,ONRYT,14.49,14.67,14.14,14.25,2250424,borsapy_fallback_from_yahoo,acilis,2026-09-21T07:36:30Z
2026-09-15,ORCAY,3.34,3.5,3.32,3.33,1277784,borsapy_fallback_from_yahoo,acilis,2026-09-21T07:36:30Z
2026-09-15,ORGE,22.74,22.74,22.02,22.5,3133509,borsapy_fallback_from_yahoo,acilis,2026-09-21T07:36:30Z
2026-09-15,ORMA,149,149,146.2,146.2,6097,borsapy_fallback_from_yahoo,acilis,2026-09-21T07:36:30Z
2026-09-15,ORZAX,82.75,84.05,79.85,80.35,2669095,borsapy_fallback_from_yahoo,acilis,2026-09-21T07:36:30Z
2026-09-15,OSMEN,6.83,6.93,6.7,6.7,1881350,borsapy_fallback_from_yahoo,acilis,2026-09-21T07:36:30Z
2026-09-15,OSTIM,1.67,1.72,1.59,1.59,15933679,borsapy_fallback_from_yahoo,acilis,2026-09-21T07:36:30Z
2026-09-15,OTKAR,313.5,314.5,303.5,304,330133,borsapy_fallback_from_yahoo,acilis,2026-09-21T07:36:30Z
2026-09-15,OTTO,125.2,127,121,121,180052,borsapy_fallback_from_yahoo,acilis,2026-09-21T07:36:30Z
2026-09-15,OYAKC,21.8,21.94,20.96,20.96,8113633,borsapy_fallback_from_yahoo,acilis,2026-09-21T07:36:30Z
2026-09-15,OYAYO,40.38,42.26,40.1,41.68,75939,borsapy_fallback_from_yahoo,acilis,2026-09-21T07:36:30Z
2026-09-15,OYLUM,6.89,6.95,6.67,6.76,400964,borsapy_fallback_from_yahoo,acilis,2026-09-21T07:36:30Z
2026-09-15,OYYAT,33.22,33.74,33.04,33.66,543628,borsapy_fallback_from_yahoo,acilis,2026-09-21T07:36:30Z
2026-09-15,OZATD,4822.5,5080,4820,4980,24458,borsapy_fallback_from_yahoo,acilis,2026-09-21T07:36:30Z
2026-09-15,OZGYO,2.04,2.1,2.04,2.04,19419873,borsapy_fallback_from_yahoo,acilis,2026-09-21T07:36:30Z
2026-09-15,OZKGY,13.03,13.03,12.56,12.58,2108921,borsapy_fallback_from_yahoo,acilis,2026-09-21T07:36:30Z
2026-09-15,OZRDN,29.6,30.74,29.08,30.14,215846,borsapy_fallback_from_yahoo,acilis,2026-09-21T07:36:30Z
2026-09-15,OZSUB,41.1,41.46,39.06,39.8,2482191,borsapy_fallback_from_yahoo,acilis,2026-09-21T07:36:30Z
2026-09-15,OZYSR,11.8,12.21,11.26,11.4,3635976,borsapy_fallback_from_yahoo,acilis,2026-09-21T07:36:30Z
2026-09-15,PAGYO,132.8,136.7,130.7,134.2,136665,borsapy_fallback_from_yahoo,acilis,2026-09-21T07:36:30Z
2026-09-15,PAHOL,1.32,1.33,1.29,1.29,161978287,borsapy_fallback_from_yahoo,acilis,2026-09-21T07:36:30Z
2026-09-15,PAMEL,68,69.05,64.7,65.7,133925,borsapy_fallback_from_yahoo,acilis,2026-09-21T07:36:30Z
2026-09-15,PAPIL,12.43,12.6,12.08,12.1,3282102,borsapy_fallback_from_yahoo,acilis,2026-09-21T07:36:30Z
2026-09-15,PARSN,70.8,71.35,69.5,69.85,191057,borsapy_fallback_from_yahoo,acilis,2026-09-21T07:36:30Z
2026-09-15,PASEU,75.95,75.95,75.95,75.95,310501,borsapy_fallback_from_yahoo,acilis,2026-09-21T07:36:30Z
2026-09-15,PATEK,22.6,25.16,21.06,25.16,82506913,borsapy_fallback_from_yahoo,acilis,2026-09-21T07:36:30Z
2026-09-15,PCILT,31,32,29.58,29.76,2955052,borsapy_fallback_from_yahoo,acilis,2026-09-21T07:36:30Z
2026-09-15,PEKGY,11.71,11.9,11.58,11.7,123984595,borsapy_fallback_from_yahoo,acilis,2026-09-21T07:36:30Z
2026-09-15,PENGD,9.06,9.11,8.91,9.02,2065481,borsapy_fallback_from_yahoo,acilis,2026-09-21T07:36:30Z
2026-09-15,PENTA,12.77,13.12,12.69,12.75,2194832,borsapy_fallback_from_yahoo,acilis,2026-09-21T07:36:30Z
2026-09-15,PETKM,23.5,23.84,22.56,22.68,86775439,borsapy_fallback_from_yahoo,acilis,2026-09-21T07:36:30Z
2026-09-15,PETUN,11.71,11.77,11.13,11.46,1883625,borsapy_fallback_from_yahoo,acilis,2026-09-21T07:36:30Z
2026-09-15,PGSUS,156.6,156.6,149.7,150,9259141,borsapy_fallback_from_yahoo,acilis,2026-09-21T07:36:30Z
2026-09-15,PINSU,10.05,10.12,9.89,9.89,1593412,borsapy_fallback_from_yahoo,acilis,2026-09-21T07:36:30Z
2026-09-15,PKART,107.2,109.8,100.7,101.1,512266,borsapy_fallback_from_yahoo,acilis,2026-09-21T07:36:30Z
2026-09-15,PKENT,121.7,124.5,119.9,120,138684,borsapy_fallback_from_yahoo,acilis,2026-09-21T07:36:30Z
2026-09-15,PLTUR,20.08,20.18,19.55,19.56,1271217,borsapy_fallback_from_yahoo,acilis,2026-09-21T07:36:30Z
2026-09-15,PNLSN,39.6,40.26,37.68,37.96,552879,borsapy_fallback_from_yahoo,acilis,2026-09-21T07:36:30Z
2026-09-15,PNSUT,11.65,11.83,11.14,11.21,3597636,borsapy_fallback_from_yahoo,acilis,2026-09-21T07:36:30Z
2026-09-15,POLHO,22.02,22.3,21.6,21.6,1178163,borsapy_fallback_from_yahoo,acilis,2026-09-21T07:36:30Z
2026-09-15,POLTK,4115,4347.5,4047.5,4075,11830,borsapy_fallback_from_yahoo,acilis,2026-09-21T07:36:30Z
2026-09-15,PRDGS,6.85,6.91,6.61,6.61,3345701,borsapy_fallback_from_yahoo,acilis,2026-09-21T07:36:30Z
2026-09-15,PRKAB,31.24,31.58,30.24,30.42,548347,borsapy_fallback_from_yahoo,acilis,2026-09-21T07:36:30Z
2026-09-15,PRKME,18.5,18.85,18.08,18.1,2049424,borsapy_fallback_from_yahoo,acilis,2026-09-21T07:36:30Z
2026-09-15,PRZMA,72.45,75.9,69.75,69.85,809310,borsapy_fallback_from_yahoo,acilis,2026-09-21T07:36:30Z
2026-09-15,PSDTC,142,145,136.6,136.6,230539,borsapy_fallback_from_yahoo,acilis,2026-09-21T07:36:30Z
2026-09-15,PSGYO,3.07,3.09,2.85,2.87,139226095,borsapy_fallback_from_yahoo,acilis,2026-09-21T07:36:30Z
2026-09-15,QNBFK,40.64,40.64,40,40,16931,borsapy_fallback_from_yahoo,acilis,2026-09-21T07:36:30Z
2026-09-15,QNBTR,181,181,177,177,12270,borsapy_fallback_from_yahoo,acilis,2026-09-21T07:36:30Z
2026-09-15,QUAGR,3.04,3.1,2.82,2.83,58664041,borsapy_fallback_from_yahoo,acilis,2026-09-21T07:36:30Z
2026-09-15,QUICK,59,59.9,57.1,57.5,2186631,borsapy_fallback_from_yahoo,acilis,2026-09-21T07:36:30Z
2026-09-15,RALYH,270,273.5,257.5,265,2676923,borsapy_fallback_from_yahoo,acilis,2026-09-21T07:36:30Z
2026-09-15,RAYSG,151.4,152,146.4,146.4,131130,borsapy_fallback_from_yahoo,acilis,2026-09-21T07:36:30Z
2026-09-15,REEDR,5.29,5.8,5.29,5.35,102577673,borsapy_fallback_from_yahoo,acilis,2026-09-21T07:36:30Z
2026-09-15,RGYAS,199.5,199.9,192.3,192.5,1992393,borsapy_fallback_from_yahoo,acilis,2026-09-21T07:36:30Z
2026-09-15,RNPOL,2.23,2.24,2.14,2.2,4599179,borsapy_fallback_from_yahoo,acilis,2026-09-21T07:36:30Z
2026-09-15,RODRG,22.64,22.66,22.1,22.1,221451,borsapy_fallback_from_yahoo,acilis,2026-09-21T07:36:30Z
2026-09-15,RTALB,3.12,3.18,2.73,2.74,100705202,borsapy_fallback_from_yahoo,acilis,2026-09-21T07:36:30Z
2026-09-15,RUBNS,28.8,29.1,27.3,27.3,954487,borsapy_fallback_from_yahoo,acilis,2026-09-21T07:36:30Z
2026-09-15,RUZYE,8.8,9.39,8.3,8.3,12923532,borsapy_fallback_from_yahoo,acilis,2026-09-21T07:36:30Z
2026-09-15,RYGYO,44,46,40.94,42.2,3185916,borsapy_fallback_from_yahoo,acilis,2026-09-21T07:36:30Z
2026-09-15,RYSAS,27.04,27.32,25.28,25.28,17008773,borsapy_fallback_from_yahoo,acilis,2026-09-21T07:36:30Z
2026-09-15,SAFKR,13.62,13.69,13,13,5100799,borsapy_fallback_from_yahoo,acilis,2026-09-21T07:36:30Z
2026-09-15,SAHOL,95.05,95.2,90.3,90.3,39787392,borsapy_fallback_from_yahoo,acilis,2026-09-21T07:36:30Z
2026-09-15,SAMAT,5.18,5.19,4.93,5.08,1213659,borsapy_fallback_from_yahoo,acilis,2026-09-21T07:36:30Z
2026-09-15,SANEL,46.56,46.56,43.96,44.82,523523,borsapy_fallback_from_yahoo,acilis,2026-09-21T07:36:30Z
2026-09-15,SANFM,8.77,8.91,8.54,8.54,4922610,borsapy_fallback_from_yahoo,acilis,2026-09-21T07:36:30Z
2026-09-15,SANKO,21,21,19.85,20,408211,borsapy_fallback_from_yahoo,acilis,2026-09-21T07:36:30Z
2026-09-15,SARAE,87.2,90.8,78.5,78.5,39772548,borsapy_fallback_from_yahoo,acilis,2026-09-21T07:36:30Z
2026-09-15,SARKY,23.42,23.46,22.36,22.36,5392900,borsapy_fallback_from_yahoo,acilis,2026-09-21T07:36:30Z
2026-09-15,SASA,2.95,3.06,2.8,2.8,7168253300,borsapy_fallback_from_yahoo,acilis,2026-09-21T07:36:30Z
2026-09-15,SAYAS,51.2,52,50,50,1155535,borsapy_fallback_from_yahoo,acilis,2026-09-21T07:36:30Z
2026-09-15,SDTTR,19.95,20.9,19.39,19.53,15331519,borsapy_fallback_from_yahoo,acilis,2026-09-21T07:36:30Z
2026-09-15,SEGMN,43.7,45.08,39.76,39.76,2600901,borsapy_fallback_from_yahoo,acilis,2026-09-21T07:36:30Z
2026-09-15,SEGYO,3.41,3.46,3.33,3.35,2657356,borsapy_fallback_from_yahoo,acilis,2026-09-21T07:36:30Z
2026-09-15,SEKFK,4.3,4.35,4.22,4.28,453543,borsapy_fallback_from_yahoo,acilis,2026-09-21T07:36:30Z
2026-09-15,SEKUR,9.4,9.4,8.61,8.81,3014912,borsapy_fallback_from_yahoo,acilis,2026-09-21T07:36:30Z
2026-09-15,SELEC,291.75,291.75,291.75,291.75,29104,borsapy_fallback_from_yahoo,acilis,2026-09-21T07:36:30Z
2026-09-15,SELVA,1.48,1.53,1.46,1.46,34365775,borsapy_fallback_from_yahoo,acilis,2026-09-21T07:36:30Z
2026-09-15,SERNT,7.93,8.06,7.91,7.95,2884908,borsapy_fallback_from_yahoo,acilis,2026-09-21T07:36:30Z
2026-09-15,SEYKM,4.11,4.33,4.11,4.26,620137,borsapy_fallback_from_yahoo,acilis,2026-09-21T07:36:30Z
2026-09-15,SILVR,2.2,2.2,2.14,2.16,672680,borsapy_fallback_from_yahoo,acilis,2026-09-21T07:36:30Z
2026-09-15,SISE,43.52,44.02,42.38,42.4,69199284,borsapy_fallback_from_yahoo,acilis,2026-09-21T07:36:30Z
2026-09-15,SKBNK,6.51,6.58,6.32,6.32,92350876,borsapy_fallback_from_yahoo,acilis,2026-09-21T07:36:30Z
2026-09-15,SKTAS,3.22,3.26,3.19,3.21,11019042,borsapy_fallback_from_yahoo,acilis,2026-09-21T07:36:30Z
2026-09-15,SKYLP,158.1,173,157.4,158,56281,borsapy_fallback_from_yahoo,acilis,2026-09-21T07:36:30Z
2026-09-15,SKYMD,17.15,17.64,16.63,16.96,3570092,borsapy_fallback_from_yahoo,acilis,2026-09-21T07:36:30Z
2026-09-15,SMART,21.62,22.76,21.44,21.44,921126,borsapy_fallback_from_yahoo,acilis,2026-09-21T07:36:30Z
2026-09-15,SMRTG,7.94,8.25,7.8,8.25,23936979,borsapy_fallback_from_yahoo,acilis,2026-09-21T07:36:30Z
2026-09-15,SMRVA,10.24,10.34,9.83,9.83,5244178,borsapy_fallback_from_yahoo,acilis,2026-09-21T07:36:30Z
2026-09-15,SNGYO,3.13,3.15,2.99,3,42095436,borsapy_fallback_from_yahoo,acilis,2026-09-21T07:36:30Z
2026-09-15,SNICA,3.11,3.12,3.05,3.06,7574017,borsapy_fallback_from_yahoo,acilis,2026-09-21T07:36:30Z
2026-09-15,SNPAM,19.31,19.31,18.2,18.2,63541,borsapy_fallback_from_yahoo,acilis,2026-09-21T07:36:30Z
2026-09-15,SODSN,7.15,7.15,7,7.13,124664,borsapy_fallback_from_yahoo,acilis,2026-09-21T07:36:30Z
2026-09-15,SOHOE,11.65,12.2,10.54,11,53582981,borsapy_fallback_from_yahoo,acilis,2026-09-21T07:36:30Z
2026-09-15,SOKE,11,11,9.76,9.76,11183039,borsapy_fallback_from_yahoo,acilis,2026-09-21T07:36:30Z
2026-09-15,SOKM,60.1,60.8,57.8,58.3,3342039,borsapy_fallback_from_yahoo,acilis,2026-09-21T07:36:30Z
2026-09-15,SONME,135,135.9,130.1,133.7,28916,borsapy_fallback_from_yahoo,acilis,2026-09-21T07:36:30Z
2026-09-15,SRVGY,2.42,2.45,2.37,2.37,10256680,borsapy_fallback_from_yahoo,acilis,2026-09-21T07:36:30Z
2026-09-15,SSAAT,32.52,32.76,30.9,30.9,2124537,borsapy_fallback_from_yahoo,acilis,2026-09-21T07:36:30Z
2026-09-15,SUMAS,256.5,256.5,250.5,255.5,2754,borsapy_fallback_from_yahoo,acilis,2026-09-21T07:36:30Z
2026-09-15,SUNTK,32.08,32.1,30.92,30.92,659620,borsapy_fallback_from_yahoo,acilis,2026-09-21T07:36:30Z
2026-09-15,SURGY,29.76,30.18,28.82,28.84,2098047,borsapy_fallback_from_yahoo,acilis,2026-09-21T07:36:30Z
2026-09-15,SUWEN,6.95,7.19,6.87,6.87,4632532,borsapy_fallback_from_yahoo,acilis,2026-09-21T07:36:30Z
2026-09-15,SVGYO,15.9,16.13,15.38,15.55,20211051,borsapy_fallback_from_yahoo,acilis,2026-09-21T07:36:30Z
2026-09-15,TABGD,231.9,231.9,225,225,718624,borsapy_fallback_from_yahoo,acilis,2026-09-21T07:36:30Z
2026-09-15,TARKM,521,528.5,509.5,514.5,84156,borsapy_fallback_from_yahoo,acilis,2026-09-21T07:36:30Z
2026-09-15,TATEN,7.5,7.54,7.14,7.18,13618713,borsapy_fallback_from_yahoo,acilis,2026-09-21T07:36:30Z
2026-09-15,TATGD,17.75,17.85,17.27,17.44,2063568,borsapy_fallback_from_yahoo,acilis,2026-09-21T07:36:30Z
2026-09-15,TAVHL,268,268,254.75,254.75,3113281,borsapy_fallback_from_yahoo,acilis,2026-09-21T07:36:30Z
2026-09-15,TBORG,131.3,131.8,129.2,129.2,121723,borsapy_fallback_from_yahoo,acilis,2026-09-21T07:36:30Z
2026-09-15,TCELL,102.6,102.8,99.3,99.4,22670297,borsapy_fallback_from_yahoo,acilis,2026-09-21T07:36:30Z
2026-09-15,TCKRC,138.5,139.3,129,130.1,3760294,borsapy_fallback_from_yahoo,acilis,2026-09-21T07:36:30Z
2026-09-15,TDGYO,18.7,20.48,18.51,20.48,3348956,borsapy_fallback_from_yahoo,acilis,2026-09-21T07:36:30Z
2026-09-15,TEHOL,48.28,49.46,47.82,47.82,27042605,borsapy_fallback_from_yahoo,acilis,2026-09-21T07:36:30Z
2026-09-15,TEKTU,7.02,7.06,6.82,6.83,4181297,borsapy_fallback_from_yahoo,acilis,2026-09-21T07:36:30Z
2026-09-15,TERA,217,226.1,213.3,224,24921866,borsapy_fallback_from_yahoo,acilis,2026-09-21T07:36:30Z
2026-09-15,TEZOL,8.83,8.88,8.61,8.64,2237645,borsapy_fallback_from_yahoo,acilis,2026-09-21T07:36:30Z
2026-09-15,TGSAS,206.3,219.5,198,198,318901,borsapy_fallback_from_yahoo,acilis,2026-09-21T07:36:30Z
2026-09-15,THYAO,295.75,296.5,285.25,285.25,38600165,borsapy_fallback_from_yahoo,acilis,2026-09-21T07:36:30Z
2026-09-15,TKFEN,218.1,237.9,217.6,230,11226630,borsapy_fallback_from_yahoo,acilis,2026-09-21T07:36:30Z
2026-09-15,TKNKA,172.7,176.2,156.6,156.6,6034073,borsapy_fallback_from_yahoo,acilis,2026-09-21T07:36:30Z
2026-09-15,TKNSA,16.38,16.55,15.94,15.94,2630452,borsapy_fallback_from_yahoo,acilis,2026-09-21T07:36:30Z
2026-09-15,TLMAN,78,78.55,76,76,141066,borsapy_fallback_from_yahoo,acilis,2026-09-21T07:36:30Z
2026-09-15,TMPOL,292.25,301,288.25,288.25,524280,borsapy_fallback_from_yahoo,acilis,2026-09-21T07:36:30Z
2026-09-15,TMSN,70.05,75.7,70.05,71.1,1802993,borsapy_fallback_from_yahoo,acilis,2026-09-21T07:36:30Z
2026-09-15,TNZTP,31.64,32.84,31.54,31.7,3588437,borsapy_fallback_from_yahoo,acilis,2026-09-21T07:36:30Z
2026-09-15,TOASO,286.75,292.25,284,284.25,3510750,borsapy_fallback_from_yahoo,acilis,2026-09-21T07:36:30Z
2026-09-15,TRALT,52.15,52.7,50.25,50.45,59857860,borsapy_fallback_from_yahoo,acilis,2026-09-21T07:36:30Z
2026-09-15,TRCAS,49.98,50,47.84,49.08,1048743,borsapy_fallback_from_yahoo,acilis,2026-09-21T07:36:30Z
2026-09-15,TRENJ,105.1,106.7,103.6,103.6,1021058,borsapy_fallback_from_yahoo,acilis,2026-09-21T07:36:30Z
2026-09-15,TRGYO,93.55,94.2,92,92,807740,borsapy_fallback_from_yahoo,acilis,2026-09-21T07:36:30Z
2026-09-15,TRHOL,4330,4502.5,4210,4500,209263,borsapy_fallback_from_yahoo,acilis,2026-09-21T07:36:30Z
2026-09-15,TRILC,1.06,1.06,1.02,1.02,2664416,borsapy_fallback_from_yahoo,acilis,2026-09-21T07:36:30Z
2026-09-15,TRMET,136.9,138.4,131.7,132.1,4307873,borsapy_fallback_from_yahoo,acilis,2026-09-21T07:36:30Z
2026-09-15,TSGYO,5.73,5.83,5.56,5.56,1846789,borsapy_fallback_from_yahoo,acilis,2026-09-21T07:36:30Z
2026-09-15,TSKB,11.45,11.59,11.12,11.23,27781929,borsapy_fallback_from_yahoo,acilis,2026-09-21T07:36:30Z
2026-09-15,TSPOR,1.01,1.01,0.96,0.97,424495240,borsapy_fallback_from_yahoo,acilis,2026-09-21T07:36:30Z
2026-09-15,TTKOM,57.5,58.1,54.85,54.85,34152678,borsapy_fallback_from_yahoo,acilis,2026-09-21T07:36:30Z
2026-09-15,TTRAK,426,429.5,413.75,419.5,114828,borsapy_fallback_from_yahoo,acilis,2026-09-21T07:36:30Z
2026-09-15,TUCLK,3.8,3.84,3.73,3.76,4874694,borsapy_fallback_from_yahoo,acilis,2026-09-21T07:36:30Z
2026-09-15,TUKAS,2.05,2.08,1.98,2,55576198,borsapy_fallback_from_yahoo,acilis,2026-09-21T07:36:30Z
2026-09-15,TUPRS,415.75,418.25,402.75,412.5,22071124,borsapy_fallback_from_yahoo,acilis,2026-09-21T07:36:30Z
2026-09-15,TUREX,5.89,5.94,5.78,5.8,8033142,borsapy_fallback_from_yahoo,acilis,2026-09-21T07:36:30Z
2026-09-15,TURGG,30,30.52,27.86,27.86,536563,borsapy_fallback_from_yahoo,acilis,2026-09-21T07:36:30Z
2026-09-15,TURSG,6.22,6.24,6.06,6.06,38660438,borsapy_fallback_from_yahoo,acilis,2026-09-21T07:36:30Z
2026-09-15,UCAYM,21,21.3,20.2,20.4,2849601,borsapy_fallback_from_yahoo,acilis,2026-09-21T07:36:30Z
2026-09-15,UFUK,1443,1450,1371,1389,39307,borsapy_fallback_from_yahoo,acilis,2026-09-21T07:36:30Z
2026-09-15,ULAS,21.38,21.42,20.66,21,157675,borsapy_fallback_from_yahoo,acilis,2026-09-21T07:36:30Z
2026-09-15,ULKER,93.15,93.4,89,89.15,5679205,borsapy_fallback_from_yahoo,acilis,2026-09-21T07:36:30Z
2026-09-15,ULUFA,1.64,1.65,1.58,1.58,13169778,borsapy_fallback_from_yahoo,acilis,2026-09-21T07:36:30Z
2026-09-15,ULUSE,231.2,231.7,220.5,224.7,176164,borsapy_fallback_from_yahoo,acilis,2026-09-21T07:36:30Z
2026-09-15,ULUUN,7.85,8,7.69,7.69,4920381,borsapy_fallback_from_yahoo,acilis,2026-09-21T07:36:30Z
2026-09-15,UNLU,10.59,10.74,10.09,10.3,1530588,borsapy_fallback_from_yahoo,acilis,2026-09-21T07:36:30Z
2026-09-15,USAK,1.17,1.21,1.16,1.16,58025672,borsapy_fallback_from_yahoo,acilis,2026-09-21T07:36:30Z
2026-09-15,USHOL,72.75,73.25,66,67.9,1255044,borsapy_fallback_from_yahoo,acilis,2026-09-21T07:36:30Z
2026-09-15,VAKBN,35.8,35.86,33.88,33.88,58965986,borsapy_fallback_from_yahoo,acilis,2026-09-21T07:36:30Z
2026-09-15,VAKFA,11.06,11.14,10.8,10.82,3935092,borsapy_fallback_from_yahoo,acilis,2026-09-21T07:36:30Z
2026-09-15,VAKFN,1.13,1.13,1.09,1.09,115688654,borsapy_fallback_from_yahoo,acilis,2026-09-21T07:36:30Z
2026-09-15,VAKKO,66.05,68.5,66.05,66.4,150157,borsapy_fallback_from_yahoo,acilis,2026-09-21T07:36:30Z
2026-09-15,VANGD,87.75,90.95,87.75,88.5,107974,borsapy_fallback_from_yahoo,acilis,2026-09-21T07:36:30Z
2026-09-15,VBTYZ,33.6,34.24,32.8,32.8,1650365,borsapy_fallback_from_yahoo,acilis,2026-09-21T07:36:30Z
2026-09-15,VERUS,544,555,519.5,523,43750,borsapy_fallback_from_yahoo,acilis,2026-09-21T07:36:30Z
2026-09-15,VESBE,5.78,6.18,5.7,5.72,53555446,borsapy_fallback_from_yahoo,acilis,2026-09-21T07:36:30Z
2026-09-15,VESTL,26.64,28.26,25.58,25.64,28526571,borsapy_fallback_from_yahoo,acilis,2026-09-21T07:36:30Z
2026-09-15,VEYAS,121,121.5,107.9,107.9,4218256,borsapy_fallback_from_yahoo,acilis,2026-09-21T07:36:30Z
2026-09-15,VKFYO,22.14,22.44,21.72,21.8,120775,borsapy_fallback_from_yahoo,acilis,2026-09-21T07:36:30Z
2026-09-15,VKGYO,1.91,1.92,1.87,1.89,20491323,borsapy_fallback_from_yahoo,acilis,2026-09-21T07:36:30Z
2026-09-15,VKING,20.48,20.96,20.28,20.34,245258,borsapy_fallback_from_yahoo,acilis,2026-09-21T07:36:30Z
2026-09-15,VRGYO,1.73,1.76,1.7,1.7,8538771,borsapy_fallback_from_yahoo,acilis,2026-09-21T07:36:30Z
2026-09-15,VSNMD,39.7,40.04,37.94,37.94,650938,borsapy_fallback_from_yahoo,acilis,2026-09-21T07:36:30Z
2026-09-15,YAPRK,10.54,10.6,10.21,10.21,1472293,borsapy_fallback_from_yahoo,acilis,2026-09-21T07:36:30Z
2026-09-15,YATAS,30.84,31.06,29.42,29.72,966841,borsapy_fallback_from_yahoo,acilis,2026-09-21T07:36:30Z
2026-09-15,YAYLA,21.5,21.8,20.9,21,421033,borsapy_fallback_from_yahoo,acilis,2026-09-21T07:36:30Z
2026-09-15,YBTAS,12.7,12.7,12.68,12.68,95752,borsapy_fallback_from_yahoo,acilis,2026-09-21T07:36:30Z
2026-09-15,YEOTK,34.3,35,32.34,32.34,19240414,borsapy_fallback_from_yahoo,acilis,2026-09-21T07:36:30Z
2026-09-15,YESIL,1.11,1.17,1.11,1.14,43585855,borsapy_fallback_from_yahoo,acilis,2026-09-21T07:36:30Z
2026-09-15,YGGYO,220.8,224.6,220.8,223.6,115751,borsapy_fallback_from_yahoo,acilis,2026-09-21T07:36:30Z
2026-09-15,YIGIT,21.7,21.78,21.1,21.1,1921588,borsapy_fallback_from_yahoo,acilis,2026-09-21T07:36:30Z
2026-09-15,YKBNK,36.74,36.76,34.68,34.68,228725709,borsapy_fallback_from_yahoo,acilis,2026-09-21T07:36:30Z
2026-09-15,YKSLN,5.08,5.08,4.9,5.08,16300228,borsapy_fallback_from_yahoo,acilis,2026-09-21T07:36:30Z
2026-09-15,YONGA,43.48,43.48,41.3,42.3,12273,borsapy_fallback_from_yahoo,acilis,2026-09-21T07:36:30Z
2026-09-15,YUNSA,7.63,7.68,7.25,7.25,6599153,borsapy_fallback_from_yahoo,acilis,2026-09-21T07:36:30Z
2026-09-15,YYAPI,0.76,0.77,0.76,0.77,4600112,borsapy_fallback_from_yahoo,acilis,2026-09-21T07:36:30Z
2026-09-15,YYLGD,9.96,10.03,9.67,9.71,5614860,borsapy_fallback_from_yahoo,acilis,2026-09-21T07:36:30Z
2026-09-15,ZEDUR,7.34,7.42,7.08,7.26,1126581,borsapy_fallback_from_yahoo,acilis,2026-09-21T07:36:30Z
2026-09-15,ZERGY,9.64,9.64,9.09,9.23,8277320,borsapy_fallback_from_yahoo,acilis,2026-09-21T07:36:30Z
2026-09-15,ZGYO,21.98,22.1,21.04,21.04,1426528,borsapy_fallback_from_yahoo,acilis,2026-09-21T07:36:30Z
2026-09-15,ZOREN,2.43,2.65,2.43,2.52,316222320,borsapy_fallback_from_yahoo,acilis,2026-09-21T07:36:30Z
2026-09-15,ZRGYO,19.7,20.7,19.55,20.06,4215660,borsapy_fallback_from_yahoo,acilis,2026-09-21T07:36:30Z
2026-09-15,XU100,,,,13892.3,,borsapy_fallback_from_yahoo,acilis,2026-09-21T07:36:30Z
2026-09-16,A1CAP,6.96,6.96,6.31,6.45,8760559,borsapy_fallback_from_yahoo,acilis,2026-09-21T07:36:30Z
2026-09-16,A1YEN,2.56,2.58,2.35,2.4,17278387,borsapy_fallback_from_yahoo,acilis,2026-09-21T07:36:30Z
2026-09-16,AAGYO,11.37,11.4,10.21,10.41,8693741,borsapy_fallback_from_yahoo,acilis,2026-09-21T07:36:30Z
2026-09-16,ACSEL,110.7,111,100.7,103.3,201722,borsapy_fallback_from_yahoo,acilis,2026-09-21T07:36:30Z
2026-09-16,ADEL,30.52,30.84,28.72,29.58,2471924,borsapy_fallback_from_yahoo,acilis,2026-09-21T07:36:30Z
2026-09-16,ADESE,0.84,0.84,0.78,0.8,195777494,borsapy_fallback_from_yahoo,acilis,2026-09-21T07:36:30Z
2026-09-16,ADGYO,56.35,58.15,50.9,53.95,2564466,borsapy_fallback_from_yahoo,acilis,2026-09-21T07:36:30Z
2026-09-16,AEFES,19.02,19.08,17.67,18.14,58179484,borsapy_fallback_from_yahoo,acilis,2026-09-21T07:36:30Z
2026-09-16,AFYON,12.23,12.28,11.55,11.72,2408761,borsapy_fallback_from_yahoo,acilis,2026-09-21T07:36:30Z
2026-09-16,AGESA,243,248.3,226,235.7,203493,borsapy_fallback_from_yahoo,acilis,2026-09-21T07:36:30Z
2026-09-16,AGHOL,33.72,33.82,32.18,33.22,5133429,borsapy_fallback_from_yahoo,acilis,2026-09-21T07:36:30Z
2026-09-16,AGROT,1.91,1.94,1.77,1.8,45193970,borsapy_fallback_from_yahoo,acilis,2026-09-21T07:36:30Z
2026-09-16,AGYO,7.73,7.96,7.31,7.39,509229,borsapy_fallback_from_yahoo,acilis,2026-09-21T07:36:30Z
2026-09-16,AHGAZ,41.12,42.44,37.88,39,18195173,borsapy_fallback_from_yahoo,acilis,2026-09-21T07:36:30Z
2026-09-16,AHSGY,15.6,15.99,15.23,15.23,1593980,borsapy_fallback_from_yahoo,acilis,2026-09-21T07:36:30Z
2026-09-16,AKBNK,69.8,69.95,62.8,65.2,308313180,borsapy_fallback_from_yahoo,acilis,2026-09-21T07:36:30Z
2026-09-16,AKCNS,209.6,210.3,199.9,204,238955,borsapy_fallback_from_yahoo,acilis,2026-09-21T07:36:30Z
2026-09-16,AKENR,10.2,10.26,9.49,9.68,8091105,borsapy_fallback_from_yahoo,acilis,2026-09-21T07:36:30Z
2026-09-16,AKFGY,2.72,2.73,2.5,2.54,40055547,borsapy_fallback_from_yahoo,acilis,2026-09-21T07:36:30Z
2026-09-16,AKFIS,14.5,14.61,13.27,13.88,22086988,borsapy_fallback_from_yahoo,acilis,2026-09-21T07:36:30Z
2026-09-16,AKFYE,23.3,23.42,20.7,21.7,19325712,borsapy_fallback_from_yahoo,acilis,2026-09-21T07:36:30Z
2026-09-16,AKGRT,5.78,5.8,5.26,5.44,20473186,borsapy_fallback_from_yahoo,acilis,2026-09-21T07:36:30Z
2026-09-16,AKHAN,32.04,32.16,29.02,30.48,3434665,borsapy_fallback_from_yahoo,acilis,2026-09-21T07:36:30Z
2026-09-16,AKMGY,240.9,242.3,232,235,40744,borsapy_fallback_from_yahoo,acilis,2026-09-21T07:36:30Z
2026-09-16,AKSA,10.91,10.96,10.19,10.61,26503402,borsapy_fallback_from_yahoo,acilis,2026-09-21T07:36:30Z
2026-09-16,AKSEN,74.3,74.3,67.05,67.05,12667930,borsapy_fallback_from_yahoo,acilis,2026-09-21T07:36:30Z
2026-09-16,AKSGY,9.83,9.97,9.35,9.61,4142536,borsapy_fallback_from_yahoo,acilis,2026-09-21T07:36:30Z
2026-09-16,AKSUE,26,26.18,23.32,23.32,2670277,borsapy_fallback_from_yahoo,acilis,2026-09-21T07:36:30Z
2026-09-16,AKYHO,2.06,2.06,1.9,1.95,1338108,borsapy_fallback_from_yahoo,acilis,2026-09-21T07:36:30Z
2026-09-16,ALARK,108.7,109.3,101.5,104.6,4963337,borsapy_fallback_from_yahoo,acilis,2026-09-21T07:36:30Z
2026-09-16,ALBRK,8.4,8.44,7.74,7.99,34378842,borsapy_fallback_from_yahoo,acilis,2026-09-21T07:36:30Z
2026-09-16,ALBTN,29.32,30.44,26.6,27.26,8229549,borsapy_fallback_from_yahoo,acilis,2026-09-21T07:36:30Z
2026-09-16,ALCAR,700,727,670.5,689,78341,borsapy_fallback_from_yahoo,acilis,2026-09-21T07:36:30Z
2026-09-16,ALCTL,105.7,105.7,95.25,97.7,578636,borsapy_fallback_from_yahoo,acilis,2026-09-21T07:36:30Z
2026-09-16,ALFAS,36.64,36.86,34.14,34.88,1881520,borsapy_fallback_from_yahoo,acilis,2026-09-21T07:36:30Z
2026-09-16,ALGYO,3.51,3.56,3.27,3.32,34950698,borsapy_fallback_from_yahoo,acilis,2026-09-21T07:36:30Z
2026-09-16,ALKA,7.8,7.88,7.31,7.45,2755984,borsapy_fallback_from_yahoo,acilis,2026-09-21T07:36:30Z
2026-09-16,ALKIM,15.15,15.28,13.95,14.02,2491167,borsapy_fallback_from_yahoo,acilis,2026-09-21T07:36:30Z
2026-09-16,ALKLC,521,524.5,468,468,468788,borsapy_fallback_from_yahoo,acilis,2026-09-21T07:36:30Z
2026-09-16,ALTIN,73.77,74,73.02,73.44,18595583,borsapy_fallback_from_yahoo,acilis,2026-09-21T07:36:30Z
2026-09-16,ALTNY,16.76,16.77,14.96,14.96,43122670,borsapy_fallback_from_yahoo,acilis,2026-09-21T07:36:30Z
2026-09-16,ALVES,0.81,0.81,0.81,0.81,19342628,borsapy_fallback_from_yahoo,acilis,2026-09-21T07:36:30Z
2026-09-16,ANELE,129.6,129.6,129.6,129.6,473651,borsapy_fallback_from_yahoo,acilis,2026-09-21T07:36:30Z
2026-09-16,ANGEN,8.85,9.25,8.05,8.35,6867553,borsapy_fallback_from_yahoo,acilis,2026-09-21T07:36:30Z
2026-09-16,ANHYT,107.7,107.9,101.2,105.9,1203039,borsapy_fallback_from_yahoo,acilis,2026-09-21T07:36:30Z
2026-09-16,ANSGR,26.62,26.9,24.92,25.88,6139601,borsapy_fallback_from_yahoo,acilis,2026-09-21T07:36:30Z
2026-09-16,ARASE,114.6,115,105,109.2,276111,borsapy_fallback_from_yahoo,acilis,2026-09-21T07:36:30Z
2026-09-16,ARCLK,90.65,91.2,84.85,86.85,2238056,borsapy_fallback_from_yahoo,acilis,2026-09-21T07:36:30Z
2026-09-16,ARDYZ,73.9,74.25,67,67,4875009,borsapy_fallback_from_yahoo,acilis,2026-09-21T07:36:30Z
2026-09-16,ARENA,19.02,19.24,17.1,17.47,853184,borsapy_fallback_from_yahoo,acilis,2026-09-21T07:36:30Z
2026-09-16,ARFYE,18.69,18.79,16.92,17.78,4186042,borsapy_fallback_from_yahoo,acilis,2026-09-21T07:36:30Z
2026-09-16,ARMGD,181.6,185.8,171,171.5,2284204,borsapy_fallback_from_yahoo,acilis,2026-09-21T07:36:30Z
2026-09-16,ARSAN,3.87,3.91,3.69,3.77,19917086,borsapy_fallback_from_yahoo,acilis,2026-09-21T07:36:30Z
2026-09-16,ARTMS,41.6,41.96,38.44,38.96,574502,borsapy_fallback_from_yahoo,acilis,2026-09-21T07:36:30Z
2026-09-16,ARZUM,1.47,1.48,1.33,1.37,20645883,borsapy_fallback_from_yahoo,acilis,2026-09-21T07:36:30Z
2026-09-16,ASELS,378,381.75,347.5,360,46419314,borsapy_fallback_from_yahoo,acilis,2026-09-21T07:36:30Z
2026-09-16,ASGYO,11.03,11.12,10.1,10.4,4635700,borsapy_fallback_from_yahoo,acilis,2026-09-21T07:36:30Z
2026-09-16,ASTOR,272.25,273.5,245.1,245.5,52718632,borsapy_fallback_from_yahoo,acilis,2026-09-21T07:36:30Z
2026-09-16,ASUZU,47.1,47.1,43.3,44.32,572358,borsapy_fallback_from_yahoo,acilis,2026-09-21T07:36:30Z
2026-09-16,ATAGY,10,10.14,9.5,9.75,124787,borsapy_fallback_from_yahoo,acilis,2026-09-21T07:36:30Z
2026-09-16,ATAKP,38.22,38.48,36.04,36.18,433147,borsapy_fallback_from_yahoo,acilis,2026-09-21T07:36:30Z
2026-09-16,ATATP,270,272,260.25,267.75,819227,borsapy_fallback_from_yahoo,acilis,2026-09-21T07:36:30Z
2026-09-16,ATATR,12.7,13.81,11.42,11.42,33516685,borsapy_fallback_from_yahoo,acilis,2026-09-21T07:36:30Z
2026-09-16,ATEKS,89.9,89.9,86,86,16052,borsapy_fallback_from_yahoo,acilis,2026-09-21T07:36:30Z
2026-09-16,ATLAS,6.83,7.49,6.21,6.3,1752925,borsapy_fallback_from_yahoo,acilis,2026-09-21T07:36:30Z
2026-09-16,ATSYH,109.9,109.9,103.9,103.9,80106,borsapy_fallback_from_yahoo,acilis,2026-09-21T07:36:30Z
2026-09-16,AVGYO,16.58,16.9,15.4,15.68,1302550,borsapy_fallback_from_yahoo,acilis,2026-09-21T07:36:30Z
2026-09-16,AVHOL,34.2,34.4,32,33.2,1727488,borsapy_fallback_from_yahoo,acilis,2026-09-21T07:36:30Z
2026-09-16,AVOD,4.02,4.06,3.8,3.86,9162893,borsapy_fallback_from_yahoo,acilis,2026-09-21T07:36:30Z
2026-09-16,AVPGY,56.8,56.95,52.45,54.2,1398834,borsapy_fallback_from_yahoo,acilis,2026-09-21T07:36:30Z
2026-09-16,AYCES,462.75,462.75,420.25,420.25,239643,borsapy_fallback_from_yahoo,acilis,2026-09-21T07:36:30Z
2026-09-16,AYDEM,25.4,25.46,23.34,23.98,1580686,borsapy_fallback_from_yahoo,acilis,2026-09-21T07:36:30Z
2026-09-16,AYEN,30.04,30.3,28.3,29.06,840254,borsapy_fallback_from_yahoo,acilis,2026-09-21T07:36:30Z
2026-09-16,AYES,27.6,27.6,26.2,26.2,87273,borsapy_fallback_from_yahoo,acilis,2026-09-21T07:36:30Z
2026-09-16,AYGAZ,328,328,303.5,314.5,1115512,borsapy_fallback_from_yahoo,acilis,2026-09-21T07:36:30Z
2026-09-16,AZTEK,3.46,3.46,3.12,3.15,11170923,borsapy_fallback_from_yahoo,acilis,2026-09-21T07:36:30Z
2026-09-16,BAGFS,27.38,27.54,24.92,25.5,1184480,borsapy_fallback_from_yahoo,acilis,2026-09-21T07:36:30Z
2026-09-16,BAHKM,160,166.3,153.1,161.9,3095225,borsapy_fallback_from_yahoo,acilis,2026-09-21T07:36:30Z
2026-09-16,BAKAB,35.7,36.2,33.4,34.58,284658,borsapy_fallback_from_yahoo,acilis,2026-09-21T07:36:30Z
2026-09-16,BALAT,69.5,69.5,66,66,44536,borsapy_fallback_from_yahoo,acilis,2026-09-21T07:36:30Z
2026-09-16,BALSU,8.11,8.14,7.3,7.3,48508101,borsapy_fallback_from_yahoo,acilis,2026-09-21T07:36:30Z
2026-09-16,BANVT,147,147.7,139.8,140.3,163813,borsapy_fallback_from_yahoo,acilis,2026-09-21T07:36:30Z
2026-09-16,BARMA,9.2,9.2,8.41,8.41,477155,borsapy_fallback_from_yahoo,acilis,2026-09-21T07:36:30Z
2026-09-16,BASCM,12.99,12.99,12.77,12.77,69350,borsapy_fallback_from_yahoo,acilis,2026-09-21T07:36:30Z
2026-09-16,BASGZ,43.74,43.92,40.26,40.8,672989,borsapy_fallback_from_yahoo,acilis,2026-09-21T07:36:30Z
2026-09-16,BAYRK,3.97,3.97,3.72,3.76,5031089,borsapy_fallback_from_yahoo,acilis,2026-09-21T07:36:30Z
2026-09-16,BEGYO,3.18,3.2,2.97,3.04,4938060,borsapy_fallback_from_yahoo,acilis,2026-09-21T07:36:30Z
2026-09-16,BERA,13.31,13.32,11.95,12.3,10866117,borsapy_fallback_from_yahoo,acilis,2026-09-21T07:36:30Z
2026-09-16,BESLR,12.56,12.61,11.78,12.03,3192510,borsapy_fallback_from_yahoo,acilis,2026-09-21T07:36:30Z
2026-09-16,BESTE,28.48,28.48,25.7,26.5,4942943,borsapy_fallback_from_yahoo,acilis,2026-09-21T07:36:30Z
2026-09-16,BETAE,77.8,78,70.1,70.1,7480732,borsapy_fallback_from_yahoo,acilis,2026-09-21T07:36:30Z
2026-09-16,BEYAZ,23.8,23.8,21.68,21.82,2974492,borsapy_fallback_from_yahoo,acilis,2026-09-21T07:36:30Z
2026-09-16,BFREN,123.5,124.1,117.4,119.5,304741,borsapy_fallback_from_yahoo,acilis,2026-09-21T07:36:30Z
2026-09-16,BIENY,19.99,19.99,18.4,18.82,1908527,borsapy_fallback_from_yahoo,acilis,2026-09-21T07:36:30Z
2026-09-16,BIGCH,5.19,5.21,4.64,4.68,9181979,borsapy_fallback_from_yahoo,acilis,2026-09-21T07:36:30Z
2026-09-16,BIGEN,156.9,156.9,141.3,141.3,1509245,borsapy_fallback_from_yahoo,acilis,2026-09-21T07:36:30Z
2026-09-16,BIGTK,300.25,303.5,276,276,245232,borsapy_fallback_from_yahoo,acilis,2026-09-21T07:36:30Z
2026-09-16,BIMAS,413.25,419.25,390,405.5,17630049,borsapy_fallback_from_yahoo,acilis,2026-09-21T07:36:30Z
2026-09-16,BINBN,169,187.3,154.5,167.5,2032017,borsapy_fallback_from_yahoo,acilis,2026-09-21T07:36:30Z
2026-09-16,BINHO,9.65,9.73,8.69,8.69,64366535,borsapy_fallback_from_yahoo,acilis,2026-09-21T07:36:30Z
2026-09-16,BIOEN,18.01,18.15,16.27,16.27,9201769,borsapy_fallback_from_yahoo,acilis,2026-09-21T07:36:30Z
2026-09-16,BIZIM,24.36,24.36,22.3,22.62,360362,borsapy_fallback_from_yahoo,acilis,2026-09-21T07:36:30Z
2026-09-16,BJKAS,2.65,2.65,2.36,2.36,259933591,borsapy_fallback_from_yahoo,acilis,2026-09-21T07:36:30Z
2026-09-16,BKRGY,7.77,7.82,7,7.18,28311520,borsapy_fallback_from_yahoo,acilis,2026-09-21T07:36:30Z
2026-09-16,BLCYT,2.02,2.02,1.79,1.82,32393683,borsapy_fallback_from_yahoo,acilis,2026-09-21T07:36:30Z
2026-09-16,BLUME,36.9,37.8,33.52,36,2055565,borsapy_fallback_from_yahoo,acilis,2026-09-21T07:36:30Z
2026-09-16,BMSCH,11,12.04,10.95,11.18,17925524,borsapy_fallback_from_yahoo,acilis,2026-09-21T07:36:30Z
2026-09-16,BMSTL,52,53,47.3,49.32,11618458,borsapy_fallback_from_yahoo,acilis,2026-09-21T07:36:30Z
2026-09-16,BNTAS,6.13,6.15,5.7,5.74,5456628,borsapy_fallback_from_yahoo,acilis,2026-09-21T07:36:30Z
2026-09-16,BOBET,22.42,23.2,20.16,20.16,4977327,borsapy_fallback_from_yahoo,acilis,2026-09-21T07:36:30Z
2026-09-16,BORLS,2.86,2.88,2.58,2.58,29435176,borsapy_fallback_from_yahoo,acilis,2026-09-21T07:36:30Z
2026-09-16,BORSK,6.1,6.32,5.84,5.91,13616322,borsapy_fallback_from_yahoo,acilis,2026-09-21T07:36:30Z
2026-09-16,BOSSA,6.7,7.16,6.45,6.83,20549477,borsapy_fallback_from_yahoo,acilis,2026-09-21T07:36:30Z
2026-09-16,BRISA,75.5,76,69.75,71,300851,borsapy_fallback_from_yahoo,acilis,2026-09-21T07:36:30Z
2026-09-16,BRKO,11.39,11.39,10.26,10.26,530807,borsapy_fallback_from_yahoo,acilis,2026-09-21T07:36:30Z
2026-09-16,BRKSN,7.5,7.65,7.35,7.4,541396,borsapy_fallback_from_yahoo,acilis,2026-09-21T07:36:30Z
2026-09-16,BRKVY,79.35,80.1,73.4,75.4,283237,borsapy_fallback_from_yahoo,acilis,2026-09-21T07:36:30Z
2026-09-16,BRLSM,16.3,16.5,15.4,15.65,8006088,borsapy_fallback_from_yahoo,acilis,2026-09-21T07:36:30Z
2026-09-16,BRMEN,11.01,11.01,10.11,10.11,182391,borsapy_fallback_from_yahoo,acilis,2026-09-21T07:36:30Z
2026-09-16,BRSAN,644,647.5,612,637.5,2494065,borsapy_fallback_from_yahoo,acilis,2026-09-21T07:36:30Z
2026-09-16,BRYAT,1661,1664,1561,1600,69663,borsapy_fallback_from_yahoo,acilis,2026-09-21T07:36:30Z
2026-09-16,BSOKE,18.76,19.1,17.1,17.66,10702673,borsapy_fallback_from_yahoo,acilis,2026-09-21T07:36:30Z
2026-09-16,BTCIM,3.5,3.55,3.15,3.36,198524512,borsapy_fallback_from_yahoo,acilis,2026-09-21T07:36:30Z
2026-09-16,BUCIM,5.55,5.59,5.24,5.36,6373770,borsapy_fallback_from_yahoo,acilis,2026-09-21T07:36:30Z
2026-09-16,BULGS,28,28.52,25.16,26,3447367,borsapy_fallback_from_yahoo,acilis,2026-09-21T07:36:30Z
2026-09-16,BURCE,29.9,31.5,28.98,29.76,3653274,borsapy_fallback_from_yahoo,acilis,2026-09-21T07:36:30Z
2026-09-16,BURVA,551,630,531,630,110002,borsapy_fallback_from_yahoo,acilis,2026-09-21T07:36:30Z
2026-09-16,BVSAN,117,117.7,105.8,107.9,1384550,borsapy_fallback_from_yahoo,acilis,2026-09-21T07:36:30Z
2026-09-16,BYDNR,32.42,32.42,29.02,31.08,538225,borsapy_fallback_from_yahoo,acilis,2026-09-21T07:36:30Z
2026-09-16,CANTE,1.27,1.39,1.21,1.35,1312131130,borsapy_fallback_from_yahoo,acilis,2026-09-21T07:36:30Z
2026-09-16,CASA,65.25,65.25,62.6,62.6,13976,borsapy_fallback_from_yahoo,acilis,2026-09-21T07:36:30Z
2026-09-16,CATES,63,63.2,56.7,56.7,961215,borsapy_fallback_from_yahoo,acilis,2026-09-21T07:36:30Z
2026-09-16,CCOLA,77.15,78.5,74.6,76.5,7426962,borsapy_fallback_from_yahoo,acilis,2026-09-21T07:36:30Z
2026-09-16,CELHA,29.6,30,26.56,28.34,4176381,borsapy_fallback_from_yahoo,acilis,2026-09-21T07:36:30Z
2026-09-16,CEMAS,4.07,4.1,3.74,3.88,15603842,borsapy_fallback_from_yahoo,acilis,2026-09-21T07:36:30Z
2026-09-16,CEMTS,8.51,8.59,7.96,8.17,3787894,borsapy_fallback_from_yahoo,acilis,2026-09-21T07:36:30Z
2026-09-16,CEMZY,15.6,15.6,14.09,14.21,32742628,borsapy_fallback_from_yahoo,acilis,2026-09-21T07:36:30Z
2026-09-16,CEOEM,32.28,32.62,28.62,30,4814590,borsapy_fallback_from_yahoo,acilis,2026-09-21T07:36:30Z
2026-09-16,CGCAM,29.46,29.66,26.68,27.48,2899089,borsapy_fallback_from_yahoo,acilis,2026-09-21T07:36:30Z
2026-09-16,CIMSA,43.76,43.76,39.42,40.58,13613815,borsapy_fallback_from_yahoo,acilis,2026-09-21T07:36:30Z
2026-09-16,CITAS,158.7,161.8,143.1,143.1,2643893,borsapy_fallback_from_yahoo,acilis,2026-09-21T07:36:30Z
2026-09-16,CLEBI,1408,1422,1339,1364,52130,borsapy_fallback_from_yahoo,acilis,2026-09-21T07:36:30Z
2026-09-16,CMBTN,1575,1586,1495,1524,26978,borsapy_fallback_from_yahoo,acilis,2026-09-21T07:36:30Z
2026-09-16,CMENT,249.5,249.5,238,241.1,2489,borsapy_fallback_from_yahoo,acilis,2026-09-21T07:36:30Z
2026-09-16,CONSE,2.18,2.19,1.98,2.02,16470713,borsapy_fallback_from_yahoo,acilis,2026-09-21T07:36:30Z
2026-09-16,COSMO,113.9,113.9,107.9,110.5,52645,borsapy_fallback_from_yahoo,acilis,2026-09-21T07:36:30Z
2026-09-16,CRDFA,22,23.08,20.78,20.78,3069692,borsapy_fallback_from_yahoo,acilis,2026-09-21T07:36:30Z
2026-09-16,CRFSA,248.1,253,224,229.8,1617726,borsapy_fallback_from_yahoo,acilis,2026-09-21T07:36:30Z
2026-09-16,CUSAN,24,24.3,22.78,23.26,770803,borsapy_fallback_from_yahoo,acilis,2026-09-21T07:36:30Z
2026-09-16,CVKMD,14.21,14.46,13.06,13.57,47190933,borsapy_fallback_from_yahoo,acilis,2026-09-21T07:36:30Z
2026-09-16,CWENE,28.9,29.16,26.2,26.68,63976086,borsapy_fallback_from_yahoo,acilis,2026-09-21T07:36:30Z
2026-09-16,DAGI,8.99,9,8.13,8.3,6481936,borsapy_fallback_from_yahoo,acilis,2026-09-21T07:36:30Z
2026-09-16,DAPGM,7.6,7.62,6.84,6.84,59331059,borsapy_fallback_from_yahoo,acilis,2026-09-21T07:36:30Z
2026-09-16,DARDL,1.49,1.5,1.35,1.39,22256261,borsapy_fallback_from_yahoo,acilis,2026-09-21T07:36:30Z
2026-09-16,DCTTR,5.89,5.95,5.29,5.29,9967471,borsapy_fallback_from_yahoo,acilis,2026-09-21T07:36:30Z
2026-09-16,DENGE,2.41,2.44,2.29,2.33,32266909,borsapy_fallback_from_yahoo,acilis,2026-09-21T07:36:30Z
2026-09-16,DERHL,2.08,2.09,1.88,1.89,21215385,borsapy_fallback_from_yahoo,acilis,2026-09-21T07:36:30Z
2026-09-16,DERIM,33.6,33.68,31.52,31.9,376543,borsapy_fallback_from_yahoo,acilis,2026-09-21T07:36:30Z
2026-09-16,DESA,9.52,9.52,8.66,8.9,3496773,borsapy_fallback_from_yahoo,acilis,2026-09-21T07:36:30Z
2026-09-16,DESPC,38.7,39.8,35.64,36.86,357206,borsapy_fallback_from_yahoo,acilis,2026-09-21T07:36:30Z
2026-09-16,DEVA,95.45,97.35,91.6,94.2,704330,borsapy_fallback_from_yahoo,acilis,2026-09-21T07:36:30Z
2026-09-16,DGATE,82.4,82.75,74.4,81,186536,borsapy_fallback_from_yahoo,acilis,2026-09-21T07:36:30Z
2026-09-16,DGGYO,32.68,32.68,30.5,31.48,79297,borsapy_fallback_from_yahoo,acilis,2026-09-21T07:36:30Z
2026-09-16,DGNMO,6.8,6.8,6.11,6.11,2027241,borsapy_fallback_from_yahoo,acilis,2026-09-21T07:36:30Z
2026-09-16,DIRIT,25.22,25.22,23.8,23.8,29720,borsapy_fallback_from_yahoo,acilis,2026-09-21T07:36:30Z
2026-09-16,DITAS,16.6,16.87,15.06,15.06,1971534,borsapy_fallback_from_yahoo,acilis,2026-09-21T07:36:30Z
2026-09-16,DMLKT,7.06,7.06,6.8,6.95,8488901,borsapy_fallback_from_yahoo,acilis,2026-09-21T07:36:30Z
2026-09-16,DMRGD,10.51,10.8,10,10.8,57323096,borsapy_fallback_from_yahoo,acilis,2026-09-21T07:36:30Z
2026-09-16,DMSAS,7.85,7.88,7.35,7.49,3026039,borsapy_fallback_from_yahoo,acilis,2026-09-21T07:36:30Z
2026-09-16,DNISI,4.75,4.77,4.42,4.49,3896796,borsapy_fallback_from_yahoo,acilis,2026-09-21T07:36:30Z
2026-09-16,DOAS,160.9,161.4,149.6,155,1475314,borsapy_fallback_from_yahoo,acilis,2026-09-21T07:36:30Z
2026-09-16,DOCO,10960,11025,10500,10740,7715,borsapy_fallback_from_yahoo,acilis,2026-09-21T07:36:30Z
2026-09-16,DOFER,26.84,26.84,24.72,25.2,608876,borsapy_fallback_from_yahoo,acilis,2026-09-21T07:36:30Z
2026-09-16,DOFRB,95.9,99.25,91.5,95.25,4439911,borsapy_fallback_from_yahoo,acilis,2026-09-21T07:36:30Z
2026-09-16,DOGUB,56.1,58.75,53.3,53.7,389744,borsapy_fallback_from_yahoo,acilis,2026-09-21T07:36:30Z
2026-09-16,DOHOL,21.34,21.36,19.94,20.52,14388082,borsapy_fallback_from_yahoo,acilis,2026-09-21T07:36:30Z
2026-09-16,DOKTA,22.3,22.46,20.32,20.88,606418,borsapy_fallback_from_yahoo,acilis,2026-09-21T07:36:30Z
2026-09-16,DSTKF,2742.5,2795,2448,2448,203203,borsapy_fallback_from_yahoo,acilis,2026-09-21T07:36:30Z
2026-09-16,DUNYH,103.9,105.7,92.8,93,1310576,borsapy_fallback_from_yahoo,acilis,2026-09-21T07:36:30Z
2026-09-16,DURDO,5.16,5.2,4.95,5,3521185,borsapy_fallback_from_yahoo,acilis,2026-09-21T07:36:30Z
2026-09-16,DURKN,19.86,19.86,17.55,17.55,1849236,borsapy_fallback_from_yahoo,acilis,2026-09-21T07:36:30Z
2026-09-16,DYOBY,12.9,12.92,12.09,12.3,1760016,borsapy_fallback_from_yahoo,acilis,2026-09-21T07:36:30Z
2026-09-16,DZGYO,8.1,8.1,7.27,7.27,5750883,borsapy_fallback_from_yahoo,acilis,2026-09-21T07:36:30Z
2026-09-16,EBEBK,82.9,83.05,78.4,80.2,985367,borsapy_fallback_from_yahoo,acilis,2026-09-21T07:36:30Z
2026-09-16,ECILC,67.4,67.7,60.35,60.35,9938285,borsapy_fallback_from_yahoo,acilis,2026-09-21T07:36:30Z
2026-09-16,ECOGR,36.2,38.42,34.84,37.22,6026935,borsapy_fallback_from_yahoo,acilis,2026-09-21T07:36:30Z
2026-09-16,ECZYT,291,291,261,261,392720,borsapy_fallback_from_yahoo,acilis,2026-09-21T07:36:30Z
2026-09-16,EDATA,16.1,16.43,15.37,15.37,4467754,borsapy_fallback_from_yahoo,acilis,2026-09-21T07:36:30Z
2026-09-16,EDIP,34.64,34.7,32.94,33.58,1065013,borsapy_fallback_from_yahoo,acilis,2026-09-21T07:36:30Z
2026-09-16,EFOR,20,20.3,18,19.9,75585024,borsapy_fallback_from_yahoo,acilis,2026-09-21T07:36:30Z
2026-09-16,EGEEN,6260,6560,5847.5,6070,69764,borsapy_fallback_from_yahoo,acilis,2026-09-21T07:36:30Z
2026-09-16,EGEGY,22.38,22.56,20.14,20.14,1805845,borsapy_fallback_from_yahoo,acilis,2026-09-21T07:36:30Z
2026-09-16,EGEPO,9.14,9.26,8.23,8.23,8081049,borsapy_fallback_from_yahoo,acilis,2026-09-21T07:36:30Z
2026-09-16,EGGUB,108.6,109.3,98.5,100.3,676954,borsapy_fallback_from_yahoo,acilis,2026-09-21T07:36:30Z
2026-09-16,EGPRO,37.08,37.3,33.7,34.82,1948022,borsapy_fallback_from_yahoo,acilis,2026-09-21T07:36:30Z
2026-09-16,EGSER,2.86,2.88,2.74,2.78,3158409,borsapy_fallback_from_yahoo,acilis,2026-09-21T07:36:30Z
2026-09-16,EKDMR,43.4,45.94,39.2,40.2,5887413,borsapy_fallback_from_yahoo,acilis,2026-09-21T07:36:30Z
2026-09-16,EKGYO,19.82,19.92,17.82,18.2,255228762,borsapy_fallback_from_yahoo,acilis,2026-09-21T07:36:30Z
2026-09-16,EKIM,16.4,17,14.76,16.49,19222183,borsapy_fallback_from_yahoo,acilis,2026-09-21T07:36:30Z
2026-09-16,EKIZ,55.55,55.85,54,54,14573,borsapy_fallback_from_yahoo,acilis,2026-09-21T07:36:30Z
2026-09-16,EKOS,4.56,4.61,4.2,4.33,11475530,borsapy_fallback_from_yahoo,acilis,2026-09-21T07:36:30Z
2026-09-16,EKSUN,5.35,5.35,4.88,4.98,6637688,borsapy_fallback_from_yahoo,acilis,2026-09-21T07:36:30Z
2026-09-16,ELITE,24.56,24.64,22.32,22.52,1361410,borsapy_fallback_from_yahoo,acilis,2026-09-21T07:36:30Z
2026-09-16,EMKEL,12.01,12.03,10.81,11.24,4057002,borsapy_fallback_from_yahoo,acilis,2026-09-21T07:36:30Z
2026-09-16,EMNIS,153.8,153.8,149,149,7058,borsapy_fallback_from_yahoo,acilis,2026-09-21T07:36:30Z
2026-09-16,EMPAE,57.5,58,51.75,55.45,6072895,borsapy_fallback_from_yahoo,acilis,2026-09-21T07:36:30Z
2026-09-16,ENDAE,15.52,16.3,14.92,15.5,4102792,borsapy_fallback_from_yahoo,acilis,2026-09-21T07:36:30Z
2026-09-16,ENERY,12.75,13.26,11.43,11.94,211817625,borsapy_fallback_from_yahoo,acilis,2026-09-21T07:36:30Z
2026-09-16,ENJSA,112,114.5,102.6,107.3,8273308,borsapy_fallback_from_yahoo,acilis,2026-09-21T07:36:30Z
2026-09-16,ENKAI,85.95,86.75,79.25,81.95,19409897,borsapy_fallback_from_yahoo,acilis,2026-09-21T07:36:30Z
2026-09-16,ENPRA,52,52,48,49.44,47876,borsapy_fallback_from_yahoo,acilis,2026-09-21T07:36:30Z
2026-09-16,ENSRI,4.11,4.11,3.79,3.89,20016959,borsapy_fallback_from_yahoo,acilis,2026-09-21T07:36:30Z
2026-09-16,ENTRA,4.23,4.26,3.85,3.87,28431136,borsapy_fallback_from_yahoo,acilis,2026-09-21T07:36:30Z
2026-09-16,EPLAS,6.48,6.48,5.76,5.76,11863008,borsapy_fallback_from_yahoo,acilis,2026-09-21T07:36:30Z
2026-09-16,ERBOS,143.8,145,136,140,57398,borsapy_fallback_from_yahoo,acilis,2026-09-21T07:36:30Z
2026-09-16,ERCB,42.5,42.62,40.2,41.16,758469,borsapy_fallback_from_yahoo,acilis,2026-09-21T07:36:30Z
2026-09-16,EREGL,38.34,38.46,34.44,34.78,227522412,borsapy_fallback_from_yahoo,acilis,2026-09-21T07:36:30Z
2026-09-16,ERSU,21.56,21.56,19.57,20.68,678035,borsapy_fallback_from_yahoo,acilis,2026-09-21T07:36:30Z
2026-09-16,ESCAR,38.08,42.86,38.08,41.48,5716394,borsapy_fallback_from_yahoo,acilis,2026-09-21T07:36:30Z
2026-09-16,ESCOM,5.01,5.02,4.6,4.71,21495025,borsapy_fallback_from_yahoo,acilis,2026-09-21T07:36:30Z
2026-09-16,ESEN,3.31,3.35,3.06,3.19,28959649,borsapy_fallback_from_yahoo,acilis,2026-09-21T07:36:30Z
2026-09-16,ETILR,6.02,6.11,5.59,5.94,9712037,borsapy_fallback_from_yahoo,acilis,2026-09-21T07:36:30Z
2026-09-16,ETYAT,11.52,12.04,11.52,11.52,853232,borsapy_fallback_from_yahoo,acilis,2026-09-21T07:36:30Z
2026-09-16,EUHOL,9,9,8.75,8.75,470431,borsapy_fallback_from_yahoo,acilis,2026-09-21T07:36:30Z
2026-09-16,EUKYO,14.05,15.5,13.98,14.15,520502,borsapy_fallback_from_yahoo,acilis,2026-09-21T07:36:30Z
2026-09-16,EUPWR,69.8,71.5,62.95,62.95,8620067,borsapy_fallback_from_yahoo,acilis,2026-09-21T07:36:30Z
2026-09-16,EUREN,3.74,3.76,3.4,3.53,29529298,borsapy_fallback_from_yahoo,acilis,2026-09-21T07:36:30Z
2026-09-16,EUYO,4.61,4.67,4.33,4.58,1795938,borsapy_fallback_from_yahoo,acilis,2026-09-21T07:36:30Z
2026-09-16,EYGYO,2.55,2.55,2.31,2.39,9607615,borsapy_fallback_from_yahoo,acilis,2026-09-21T07:36:30Z
2026-09-16,FADE,14.66,14.82,13.29,13.59,2452137,borsapy_fallback_from_yahoo,acilis,2026-09-21T07:36:30Z
2026-09-16,FENER,2.72,2.75,2.53,2.58,155213330,borsapy_fallback_from_yahoo,acilis,2026-09-21T07:36:30Z
2026-09-16,FLAP,11.79,12.9,11.63,11.65,1996771,borsapy_fallback_from_yahoo,acilis,2026-09-21T07:36:30Z
2026-09-16,FMIZP,287,290.75,269.5,276.25,89719,borsapy_fallback_from_yahoo,acilis,2026-09-21T07:36:30Z
2026-09-16,FONET,4.26,4.32,4.01,4.12,18701852,borsapy_fallback_from_yahoo,acilis,2026-09-21T07:36:30Z
2026-09-16,FORMT,1.42,1.42,1.28,1.31,29853096,borsapy_fallback_from_yahoo,acilis,2026-09-21T07:36:30Z
2026-09-16,FORTE,112.4,113,101.1,102.8,2341127,borsapy_fallback_from_yahoo,acilis,2026-09-21T07:36:30Z
2026-09-16,FRIGO,2.23,2.24,2.16,2.23,18528465,borsapy_fallback_from_yahoo,acilis,2026-09-21T07:36:30Z
2026-09-16,FRMPL,29.3,29.64,27.3,28.34,2950080,borsapy_fallback_from_yahoo,acilis,2026-09-21T07:36:30Z
2026-09-16,FROTO,78.5,78.85,72.05,74.65,41150447,borsapy_fallback_from_yahoo,acilis,2026-09-21T07:36:30Z
2026-09-16,FZLGY,9.39,9.46,8.87,8.99,17779866,borsapy_fallback_from_yahoo,acilis,2026-09-21T07:36:30Z
2026-09-16,GARAN,128.4,128.8,117.8,120.9,54050349,borsapy_fallback_from_yahoo,acilis,2026-09-21T07:36:30Z
2026-09-16,GARFA,26.44,26.6,24.22,24.94,1108058,borsapy_fallback_from_yahoo,acilis,2026-09-21T07:36:30Z
2026-09-16,GATEG,271.25,271.25,269.25,269.25,20227,borsapy_fallback_from_yahoo,acilis,2026-09-21T07:36:30Z
2026-09-16,GEDIK,5.51,5.55,5.19,5.26,5572253,borsapy_fallback_from_yahoo,acilis,2026-09-21T07:36:30Z
2026-09-16,GEDZA,25.78,26,24.5,24.96,629419,borsapy_fallback_from_yahoo,acilis,2026-09-21T07:36:30Z
2026-09-16,GENIL,11.11,11.17,9.99,9.99,113942293,borsapy_fallback_from_yahoo,acilis,2026-09-21T07:36:30Z
2026-09-16,GENKM,10.37,10.49,9.9,10.23,12410598,borsapy_fallback_from_yahoo,acilis,2026-09-21T07:36:30Z
2026-09-16,GENTS,4.9,4.96,4.6,4.7,6894419,borsapy_fallback_from_yahoo,acilis,2026-09-21T07:36:30Z
2026-09-16,GEREL,32.5,33.36,29.68,29.68,8224554,borsapy_fallback_from_yahoo,acilis,2026-09-21T07:36:30Z
2026-09-16,GESAN,60,60,53.4,53.4,8866750,borsapy_fallback_from_yahoo,acilis,2026-09-21T07:36:30Z
2026-09-16,GIPTA,69,69,61.7,61.7,1563791,borsapy_fallback_from_yahoo,acilis,2026-09-21T07:36:30Z
2026-09-16,GLBMD,11.22,11.29,10.8,11.14,200853,borsapy_fallback_from_yahoo,acilis,2026-09-21T07:36:30Z
2026-09-16,GLCVY,52,52.1,47.1,48,1174153,borsapy_fallback_from_yahoo,acilis,2026-09-21T07:36:30Z
2026-09-16,GLRMK,164.2,166,148.6,153,5795281,borsapy_fallback_from_yahoo,acilis,2026-09-21T07:36:30Z
2026-09-16,GLRYH,2.95,2.95,2.66,2.68,32788321,borsapy_fallback_from_yahoo,acilis,2026-09-21T07:36:30Z
2026-09-16,GLYHO,16.25,16.28,14.82,15.17,8239265,borsapy_fallback_from_yahoo,acilis,2026-09-21T07:36:30Z
2026-09-16,GMTAS,48.76,48.76,43.9,44.6,4050900,borsapy_fallback_from_yahoo,acilis,2026-09-21T07:36:30Z
2026-09-16,GOKNR,17.8,17.9,16.37,17.07,5542557,borsapy_fallback_from_yahoo,acilis,2026-09-21T07:36:30Z
2026-09-16,GOLDA,12.2,12.25,11.32,11.77,17606271,borsapy_fallback_from_yahoo,acilis,2026-09-21T07:36:30Z
2026-09-16,GOLTS,285,286,273,275.75,127015,borsapy_fallback_from_yahoo,acilis,2026-09-21T07:36:30Z
2026-09-16,GOODY,2.61,2.66,2.49,2.51,26121471,borsapy_fallback_from_yahoo,acilis,2026-09-21T07:36:30Z
2026-09-16,GOZDE,22.3,22.44,20.86,21.32,1389929,borsapy_fallback_from_yahoo,acilis,2026-09-21T07:36:30Z
2026-09-16,GRNYO,11.03,11.3,10.52,10.7,517323,borsapy_fallback_from_yahoo,acilis,2026-09-21T07:36:30Z
2026-09-16,GRSEL,293,294.75,267.75,284,671535,borsapy_fallback_from_yahoo,acilis,2026-09-21T07:36:30Z
2026-09-16,GRTHO,220.3,222.3,198.3,198.3,499950,borsapy_fallback_from_yahoo,acilis,2026-09-21T07:36:30Z
2026-09-16,GSDDE,13.7,14.35,12.59,12.98,8394189,borsapy_fallback_from_yahoo,acilis,2026-09-21T07:36:30Z
2026-09-16,GSDHO,4.6,4.67,4.18,4.37,15456963,borsapy_fallback_from_yahoo,acilis,2026-09-21T07:36:30Z
2026-09-16,GSRAY,1,1,0.95,0.97,258175933,borsapy_fallback_from_yahoo,acilis,2026-09-21T07:36:30Z
2026-09-16,GUBRF,455,455,415,415,1903951,borsapy_fallback_from_yahoo,acilis,2026-09-21T07:36:30Z
2026-09-16,GUNDG,660.5,660.5,660.5,660.5,2076,borsapy_fallback_from_yahoo,acilis,2026-09-21T07:36:30Z
2026-09-16,GWIND,22.12,22.2,20.94,21.26,4191481,borsapy_fallback_from_yahoo,acilis,2026-09-21T07:36:30Z
2026-09-16,GZNMI,47,47.34,42.3,43,1193922,borsapy_fallback_from_yahoo,acilis,2026-09-21T07:36:30Z
2026-09-16,HALKB,46.48,47.5,44.26,46.78,83917495,borsapy_fallback_from_yahoo,acilis,2026-09-21T07:36:30Z
2026-09-16,HATEK,12.8,12.8,11.41,11.83,1690172,borsapy_fallback_from_yahoo,acilis,2026-09-21T07:36:30Z
2026-09-16,HATSN,60.05,60.3,54.05,54.05,5077697,borsapy_fallback_from_yahoo,acilis,2026-09-21T07:36:30Z
2026-09-16,HDFGS,2.07,2.1,1.87,1.87,56134951,borsapy_fallback_from_yahoo,acilis,2026-09-21T07:36:30Z
2026-09-16,HEDEF,23.88,23.88,23.88,23.88,462936,borsapy_fallback_from_yahoo,acilis,2026-09-21T07:36:30Z
2026-09-16,HEKTS,2.68,2.7,2.41,2.41,515884450,borsapy_fallback_from_yahoo,acilis,2026-09-21T07:36:30Z
2026-09-16,HKTM,12.6,12.7,11.54,11.94,4692001,borsapy_fallback_from_yahoo,acilis,2026-09-21T07:36:30Z
2026-09-16,HLGYO,4.19,4.2,3.9,4,25234635,borsapy_fallback_from_yahoo,acilis,2026-09-21T07:36:30Z
2026-09-16,HOROZ,58.75,58.75,50.75,51.6,1427319,borsapy_fallback_from_yahoo,acilis,2026-09-21T07:36:30Z
2026-09-16,HRKET,81.15,85,76,83,6644761,borsapy_fallback_from_yahoo,acilis,2026-09-21T07:36:30Z
2026-09-16,HTTBT,32.88,33,30.16,31.3,617139,borsapy_fallback_from_yahoo,acilis,2026-09-21T07:36:30Z
2026-09-16,HUBVC,2.12,2.15,1.93,2.03,3770986,borsapy_fallback_from_yahoo,acilis,2026-09-21T07:36:30Z
2026-09-16,HUNER,3.94,3.96,3.82,3.92,57864209,borsapy_fallback_from_yahoo,acilis,2026-09-21T07:36:30Z
2026-09-16,HURGZ,7.69,7.89,7.31,7.68,10473310,borsapy_fallback_from_yahoo,acilis,2026-09-21T07:36:30Z
2026-09-16,ICBCT,18.21,18.21,16.9,17.33,1304085,borsapy_fallback_from_yahoo,acilis,2026-09-21T07:36:30Z
2026-09-16,ICUGS,3.42,3.45,3.07,3.19,26887401,borsapy_fallback_from_yahoo,acilis,2026-09-21T07:36:30Z
2026-09-16,IDGYO,2.79,2.8,2.5,2.55,2527213,borsapy_fallback_from_yahoo,acilis,2026-09-21T07:36:30Z
2026-09-16,IEYHO,207,207,207,207,29855,borsapy_fallback_from_yahoo,acilis,2026-09-21T07:36:30Z
2026-09-16,IHAAS,48,49,43.26,46,1028578,borsapy_fallback_from_yahoo,acilis,2026-09-21T07:36:30Z
2026-09-16,IHEVA,1.91,1.96,1.8,1.85,2064985,borsapy_fallback_from_yahoo,acilis,2026-09-21T07:36:30Z
2026-09-16,IHGZT,1.19,1.19,1.11,1.14,17457894,borsapy_fallback_from_yahoo,acilis,2026-09-21T07:36:30Z
2026-09-16,IHLAS,1.1,1.13,1.04,1.04,284357390,borsapy_fallback_from_yahoo,acilis,2026-09-21T07:36:30Z
2026-09-16,IHLGM,1.59,1.6,1.49,1.51,37013760,borsapy_fallback_from_yahoo,acilis,2026-09-21T07:36:30Z
2026-09-16,IHYAY,1.25,1.26,1.17,1.18,5436954,borsapy_fallback_from_yahoo,acilis,2026-09-21T07:36:30Z
2026-09-16,IMASM,2.24,2.27,2.05,2.09,23745198,borsapy_fallback_from_yahoo,acilis,2026-09-21T07:36:30Z
2026-09-16,INDES,11.15,11.22,10.2,10.59,7346392,borsapy_fallback_from_yahoo,acilis,2026-09-21T07:36:30Z
2026-09-16,INFO,2.42,2.45,2.18,2.18,121729911,borsapy_fallback_from_yahoo,acilis,2026-09-21T07:36:30Z
2026-09-16,INGRM,363,364,346.25,349.5,40522,borsapy_fallback_from_yahoo,acilis,2026-09-21T07:36:30Z
2026-09-16,INTEK,216.5,216.5,205,205,12223,borsapy_fallback_from_yahoo,acilis,2026-09-21T07:36:30Z
2026-09-16,INTEM,232.7,232.7,218.2,218.3,55764,borsapy_fallback_from_yahoo,acilis,2026-09-21T07:36:30Z
2026-09-16,INTET,57.2,57.95,51.3,51.3,12206898,borsapy_fallback_from_yahoo,acilis,2026-09-21T07:36:30Z
2026-09-16,INVEO,6.73,6.83,6.12,6.32,9872988,borsapy_fallback_from_yahoo,acilis,2026-09-21T07:36:30Z
2026-09-16,INVES,773.5,800,755,781,74759,borsapy_fallback_from_yahoo,acilis,2026-09-21T07:36:30Z
2026-09-16,ISBIR,70,70,68,68,16951,borsapy_fallback_from_yahoo,acilis,2026-09-21T07:36:30Z
2026-09-16,ISBTR,487747.5,487747.5,487697.5,487697.5,4,borsapy_fallback_from_yahoo,acilis,2026-09-21T07:36:30Z
2026-09-16,ISCTR,13.38,13.41,12.03,12.22,1150939450,borsapy_fallback_from_yahoo,acilis,2026-09-21T07:36:30Z
2026-09-16,ISDMR,61,62.4,55.8,57.3,2912008,borsapy_fallback_from_yahoo,acilis,2026-09-21T07:36:30Z
2026-09-16,ISFIN,18.64,18.64,17.45,17.87,2404498,borsapy_fallback_from_yahoo,acilis,2026-09-21T07:36:30Z
2026-09-16,ISGYO,22.4,22.48,21.26,21.82,1617612,borsapy_fallback_from_yahoo,acilis,2026-09-21T07:36:30Z
2026-09-16,ISKPL,6.49,7.12,5.84,5.84,121155455,borsapy_fallback_from_yahoo,acilis,2026-09-21T07:36:30Z
2026-09-16,ISMEN,33.56,33.74,31.24,32.86,7423551,borsapy_fallback_from_yahoo,acilis,2026-09-21T07:36:30Z
2026-09-16,ISSEN,6.87,6.87,6.44,6.57,2074159,borsapy_fallback_from_yahoo,acilis,2026-09-21T07:36:30Z
2026-09-16,ISVEA,94.5,95.2,87.4,87.4,664306,borsapy_fallback_from_yahoo,acilis,2026-09-21T07:36:30Z
2026-09-16,IZENR,6.4,6.58,5.94,5.94,34809909,borsapy_fallback_from_yahoo,acilis,2026-09-21T07:36:30Z
2026-09-16,IZFAS,51.1,53.75,45.9,45.9,7787799,borsapy_fallback_from_yahoo,acilis,2026-09-21T07:36:30Z
2026-09-16,IZINV,47.72,47.72,43.64,44.58,314553,borsapy_fallback_from_yahoo,acilis,2026-09-21T07:36:30Z
2026-09-16,IZMDC,9.45,9.45,8.59,8.92,9655177,borsapy_fallback_from_yahoo,acilis,2026-09-21T07:36:30Z
2026-09-16,JANTS,16.15,16.25,14.95,15.24,5030694,borsapy_fallback_from_yahoo,acilis,2026-09-21T07:36:30Z
2026-09-16,KAPLM,328,335.5,301.5,301.5,148114,borsapy_fallback_from_yahoo,acilis,2026-09-21T07:36:30Z
2026-09-16,KARCL,229.7,232.9,209.7,209.7,1177954,borsapy_fallback_from_yahoo,acilis,2026-09-21T07:36:30Z
2026-09-16,KAREL,7.69,7.72,6.9,6.97,16500097,borsapy_fallback_from_yahoo,acilis,2026-09-21T07:36:30Z
2026-09-16,KARSN,13.05,13.3,11.7,11.7,10556560,borsapy_fallback_from_yahoo,acilis,2026-09-21T07:36:30Z
2026-09-16,KARTN,151,152.7,135.1,141.4,603747,borsapy_fallback_from_yahoo,acilis,2026-09-21T07:36:30Z
2026-09-16,KATMR,1.81,1.83,1.66,1.72,82045949,borsapy_fallback_from_yahoo,acilis,2026-09-21T07:36:30Z
2026-09-16,KAYSE,3.85,3.85,3.63,3.73,10430334,borsapy_fallback_from_yahoo,acilis,2026-09-21T07:36:30Z
2026-09-16,KBORU,16.23,16.37,14.58,14.83,14651318,borsapy_fallback_from_yahoo,acilis,2026-09-21T07:36:30Z
2026-09-16,KCAER,12.79,12.82,11.49,12,17869236,borsapy_fallback_from_yahoo,acilis,2026-09-21T07:36:30Z
2026-09-16,KCHOL,219.6,219.6,200.5,206.5,41341261,borsapy_fallback_from_yahoo,acilis,2026-09-21T07:36:30Z
2026-09-16,KENT,320,330,320,325,4140,borsapy_fallback_from_yahoo,acilis,2026-09-21T07:36:30Z
2026-09-16,KERVN,8.2,8.2,7.74,7.74,1179522,borsapy_fallback_from_yahoo,acilis,2026-09-21T07:36:30Z
2026-09-16,KFEIN,7.82,7.93,7.1,7.23,4678727,borsapy_fallback_from_yahoo,acilis,2026-09-21T07:36:30Z
2026-09-16,KGYO,11.84,11.9,11,11.88,16185781,borsapy_fallback_from_yahoo,acilis,2026-09-21T07:36:30Z
2026-09-16,KIMMR,12.91,12.91,11.7,11.7,1329363,borsapy_fallback_from_yahoo,acilis,2026-09-21T07:36:30Z
2026-09-16,KLGYO,4.42,4.43,3.96,4.06,8931047,borsapy_fallback_from_yahoo,acilis,2026-09-21T07:36:30Z
2026-09-16,KLKIM,25.4,25.52,23.62,24.04,2904701,borsapy_fallback_from_yahoo,acilis,2026-09-21T07:36:30Z
2026-09-16,KLMSN,26.62,26.66,24.56,25.1,659441,borsapy_fallback_from_yahoo,acilis,2026-09-21T07:36:30Z
2026-09-16,KLNMA,8.9,8.9,8.6,8.6,221176,borsapy_fallback_from_yahoo,acilis,2026-09-21T07:36:30Z
2026-09-16,KLRHO,55.75,55.75,50.05,52.25,34949764,borsapy_fallback_from_yahoo,acilis,2026-09-21T07:36:30Z
2026-09-16,KLSER,22.58,22.7,21.22,21.28,1474092,borsapy_fallback_from_yahoo,acilis,2026-09-21T07:36:30Z
2026-09-16,KLSYN,15.7,15.71,14.13,14.13,5023875,borsapy_fallback_from_yahoo,acilis,2026-09-21T07:36:30Z
2026-09-16,KLYPV,60.25,60.7,56.65,57.5,3172065,borsapy_fallback_from_yahoo,acilis,2026-09-21T07:36:30Z
2026-09-16,KMPUR,18.26,18.37,16.94,17.05,2020800,borsapy_fallback_from_yahoo,acilis,2026-09-21T07:36:30Z
2026-09-16,KNFRT,12.51,12.84,11.62,12.04,4494249,borsapy_fallback_from_yahoo,acilis,2026-09-21T07:36:30Z
2026-09-16,KOCMT,4.25,4.35,3.8,3.8,55518586,borsapy_fallback_from_yahoo,acilis,2026-09-21T07:36:30Z
2026-09-16,KONKA,8.88,8.94,7.95,8.47,3965128,borsapy_fallback_from_yahoo,acilis,2026-09-21T07:36:30Z
2026-09-16,KONTR,3.3,3.3,3.06,3.15,5237129,borsapy_fallback_from_yahoo,acilis,2026-09-21T07:36:30Z
2026-09-16,KONYA,4100,4195,3940,4017.5,25638,borsapy_fallback_from_yahoo,acilis,2026-09-21T07:36:30Z
2026-09-16,KOPOL,4.93,4.95,4.47,4.59,11158470,borsapy_fallback_from_yahoo,acilis,2026-09-21T07:36:30Z
2026-09-16,KORDS,3.74,3.8,3.37,3.37,39764676,borsapy_fallback_from_yahoo,acilis,2026-09-21T07:36:30Z
2026-09-16,KOTON,12.06,12.1,11.18,11.46,2985811,borsapy_fallback_from_yahoo,acilis,2026-09-21T07:36:30Z
2026-09-16,KPEKS,96.45,97.55,94.5,94.5,9605499,borsapy_fallback_from_yahoo,acilis,2026-09-21T07:36:30Z
2026-09-16,KRDMA,47.68,47.9,42.84,43.5,7610455,borsapy_fallback_from_yahoo,acilis,2026-09-21T07:36:30Z
2026-09-16,KRDMB,95.3,99.9,85.5,85.5,1703112,borsapy_fallback_from_yahoo,acilis,2026-09-21T07:36:30Z
2026-09-16,KRDMD,44,44.04,39.6,41.56,70021785,borsapy_fallback_from_yahoo,acilis,2026-09-21T07:36:30Z
2026-09-16,KRGYO,3.7,3.77,3.54,3.68,28510580,borsapy_fallback_from_yahoo,acilis,2026-09-21T07:36:30Z
2026-09-16,KRONT,21.5,21.5,19.6,19.78,1068347,borsapy_fallback_from_yahoo,acilis,2026-09-21T07:36:30Z
2026-09-16,KRPLS,12,12.4,11.2,11.56,7872586,borsapy_fallback_from_yahoo,acilis,2026-09-21T07:36:30Z
2026-09-16,KRSTL,8.18,8.2,7.75,7.9,7326450,borsapy_fallback_from_yahoo,acilis,2026-09-21T07:36:30Z
2026-09-16,KRTEK,5.87,5.98,5.5,5.65,802351,borsapy_fallback_from_yahoo,acilis,2026-09-21T07:36:30Z
2026-09-16,KRVGD,2.26,2.26,2.09,2.1,7346915,borsapy_fallback_from_yahoo,acilis,2026-09-21T07:36:30Z
2026-09-16,KSTUR,2340,2340,2180,2240,666,borsapy_fallback_from_yahoo,acilis,2026-09-21T07:36:30Z
2026-09-16,KTLEV,27.46,27.46,27.46,27.46,2259007,borsapy_fallback_from_yahoo,acilis,2026-09-21T07:36:30Z
2026-09-16,KTSKR,73,73.3,65.95,68.75,454747,borsapy_fallback_from_yahoo,acilis,2026-09-21T07:36:30Z
2026-09-16,KUTPO,79.6,82.9,74.55,77,525071,borsapy_fallback_from_yahoo,acilis,2026-09-21T07:36:30Z
2026-09-16,KUVVA,170.1,176.8,158,163.6,133334,borsapy_fallback_from_yahoo,acilis,2026-09-21T07:36:30Z
2026-09-16,KUYAS,69.75,70.25,62.7,62.7,12480012,borsapy_fallback_from_yahoo,acilis,2026-09-21T07:36:30Z
2026-09-16,KZBGY,1.72,1.73,1.59,1.61,52086119,borsapy_fallback_from_yahoo,acilis,2026-09-21T07:36:30Z
2026-09-16,KZGYO,25.98,26.5,25,25,4284972,borsapy_fallback_from_yahoo,acilis,2026-09-21T07:36:30Z
2026-09-16,LIDER,21.68,21.76,19.5,19.5,8459756,borsapy_fallback_from_yahoo,acilis,2026-09-21T07:36:30Z
2026-09-16,LIDFA,1.55,1.56,1.43,1.45,29388267,borsapy_fallback_from_yahoo,acilis,2026-09-21T07:36:30Z
2026-09-16,LILAK,27.4,27.72,25.08,25.6,3163384,borsapy_fallback_from_yahoo,acilis,2026-09-21T07:36:30Z
2026-09-16,LINK,4.99,5.07,4.63,4.75,22752009,borsapy_fallback_from_yahoo,acilis,2026-09-21T07:36:30Z
2026-09-16,LKMNH,13.1,13.4,12.12,12.34,2819539,borsapy_fallback_from_yahoo,acilis,2026-09-21T07:36:30Z
2026-09-16,LMKDC,21.36,21.46,19.55,20.22,5912064,borsapy_fallback_from_yahoo,acilis,2026-09-21T07:36:30Z
2026-09-16,LOGO,134.4,135.6,121.1,127.4,1158998,borsapy_fallback_from_yahoo,acilis,2026-09-21T07:36:30Z
2026-09-16,LRSHO,2.41,2.41,2.16,2.21,22607840,borsapy_fallback_from_yahoo,acilis,2026-09-21T07:36:30Z
2026-09-16,LUKSK,79.1,79.65,74,75.1,112391,borsapy_fallback_from_yahoo,acilis,2026-09-21T07:36:30Z
2026-09-16,LXGYO,8.52,8.61,7.71,7.93,8593951,borsapy_fallback_from_yahoo,acilis,2026-09-21T07:36:30Z
2026-09-16,LYDHO,128,128.2,115.2,116.1,812162,borsapy_fallback_from_yahoo,acilis,2026-09-21T07:36:30Z
2026-09-16,LYDYE,11700,11802.5,11250,11525,1581,borsapy_fallback_from_yahoo,acilis,2026-09-21T07:36:30Z
2026-09-16,MAALT,1047,1047,975.5,990,71396,borsapy_fallback_from_yahoo,acilis,2026-09-21T07:36:30Z
2026-09-16,MACKO,34.24,34.3,30.84,32.66,704742,borsapy_fallback_from_yahoo,acilis,2026-09-21T07:36:30Z
2026-09-16,MAGEN,33.54,34.9,31.92,33.62,35009134,borsapy_fallback_from_yahoo,acilis,2026-09-21T07:36:30Z
2026-09-16,MAKIM,14.06,14.06,12.69,13.1,1051503,borsapy_fallback_from_yahoo,acilis,2026-09-21T07:36:30Z
2026-09-16,MAKTK,9.07,9.11,8.33,8.58,3203798,borsapy_fallback_from_yahoo,acilis,2026-09-21T07:36:30Z
2026-09-16,MANAS,33.44,33.64,30.1,30.1,10460447,borsapy_fallback_from_yahoo,acilis,2026-09-21T07:36:30Z
2026-09-16,MARBL,12.01,12.02,11.2,11.5,2102734,borsapy_fallback_from_yahoo,acilis,2026-09-21T07:36:30Z
2026-09-16,MARMR,1.94,1.95,1.75,1.78,85621204,borsapy_fallback_from_yahoo,acilis,2026-09-21T07:36:30Z
2026-09-16,MARTI,3.09,3.34,2.74,2.74,181473326,borsapy_fallback_from_yahoo,acilis,2026-09-21T07:36:30Z
2026-09-16,MASFN,36,36,32.42,34.02,7697528,borsapy_fallback_from_yahoo,acilis,2026-09-21T07:36:30Z
2026-09-16,MAVI,35.94,36.08,33.3,34.3,9544061,borsapy_fallback_from_yahoo,acilis,2026-09-21T07:36:30Z
2026-09-16,MCARD,153.5,155,137.7,137.7,1754397,borsapy_fallback_from_yahoo,acilis,2026-09-21T07:36:30Z
2026-09-16,MEDTR,23.1,23.1,21,21.64,470709,borsapy_fallback_from_yahoo,acilis,2026-09-21T07:36:30Z
2026-09-16,MEGAP,1.64,1.64,1.48,1.52,824134,borsapy_fallback_from_yahoo,acilis,2026-09-21T07:36:30Z
2026-09-16,MEGMT,41.94,42.1,37.78,37.78,8862851,borsapy_fallback_from_yahoo,acilis,2026-09-21T07:36:30Z
2026-09-16,MEKAG,2.71,2.72,2.57,2.64,8863262,borsapy_fallback_from_yahoo,acilis,2026-09-21T07:36:30Z
2026-09-16,MEPET,18.85,20.98,18.85,18.98,333567,borsapy_fallback_from_yahoo,acilis,2026-09-21T07:36:30Z
2026-09-16,MERCN,17.38,17.52,16.15,16.85,6181806,borsapy_fallback_from_yahoo,acilis,2026-09-21T07:36:30Z
2026-09-16,MERIT,15.5,15.68,14.42,14.82,2486293,borsapy_fallback_from_yahoo,acilis,2026-09-21T07:36:30Z
2026-09-16,MERKO,1.15,1.17,1.08,1.12,38828198,borsapy_fallback_from_yahoo,acilis,2026-09-21T07:36:30Z
2026-09-16,METEN,17.9,18,16.11,17,23261139,borsapy_fallback_from_yahoo,acilis,2026-09-21T07:36:30Z
2026-09-16,METRO,8.14,8.22,7.37,7.58,9389862,borsapy_fallback_from_yahoo,acilis,2026-09-21T07:36:30Z
2026-09-16,MEYSU,10.13,10.18,9.15,9.79,15053603,borsapy_fallback_from_yahoo,acilis,2026-09-21T07:36:30Z
2026-09-16,MGROS,514,517,483.5,498,4935428,borsapy_fallback_from_yahoo,acilis,2026-09-21T07:36:30Z
2026-09-16,MHRGY,2.18,2.19,1.98,2,11776957,borsapy_fallback_from_yahoo,acilis,2026-09-21T07:36:30Z
2026-09-16,MIATK,34.2,34.9,31.22,31.22,10331361,borsapy_fallback_from_yahoo,acilis,2026-09-21T07:36:30Z
2026-09-16,MMCAS,37.88,37.88,35,35,55322,borsapy_fallback_from_yahoo,acilis,2026-09-21T07:36:30Z
2026-09-16,MNDRS,10.71,10.74,10.01,10.26,3768089,borsapy_fallback_from_yahoo,acilis,2026-09-21T07:36:30Z
2026-09-16,MNDTR,4.88,4.92,4.55,4.74,2503711,borsapy_fallback_from_yahoo,acilis,2026-09-21T07:36:30Z
2026-09-16,MOBTL,12.4,12.7,11.8,12.4,4681392,borsapy_fallback_from_yahoo,acilis,2026-09-21T07:36:30Z
2026-09-16,MOGAN,12.61,12.69,11.35,11.5,34714722,borsapy_fallback_from_yahoo,acilis,2026-09-21T07:36:30Z
2026-09-16,MOPAS,23.8,23.94,21.6,22.08,3754762,borsapy_fallback_from_yahoo,acilis,2026-09-21T07:36:30Z
2026-09-16,MPARK,427.25,431.75,404.25,414.5,826784,borsapy_fallback_from_yahoo,acilis,2026-09-21T07:36:30Z
2026-09-16,MRGYO,2.35,2.46,2.13,2.13,82213969,borsapy_fallback_from_yahoo,acilis,2026-09-21T07:36:30Z
2026-09-16,MRSHL,1634,1641,1530,1570,29435,borsapy_fallback_from_yahoo,acilis,2026-09-21T07:36:30Z
2026-09-16,MSGYO,5.53,5.59,5.26,5.33,1949740,borsapy_fallback_from_yahoo,acilis,2026-09-21T07:36:30Z
2026-09-16,MTRKS,26.84,26.84,24.3,24.3,1342456,borsapy_fallback_from_yahoo,acilis,2026-09-21T07:36:30Z
2026-09-16,MTRYO,8.81,8.81,7.96,8.31,254198,borsapy_fallback_from_yahoo,acilis,2026-09-21T07:36:30Z
2026-09-16,MZHLD,5.61,5.77,5.31,5.38,1349431,borsapy_fallback_from_yahoo,acilis,2026-09-21T07:36:30Z
2026-09-16,NATEN,5.09,5.16,4.76,4.83,8158419,borsapy_fallback_from_yahoo,acilis,2026-09-21T07:36:30Z
2026-09-16,NETAS,98,98,91.5,93.5,981809,borsapy_fallback_from_yahoo,acilis,2026-09-21T07:36:30Z
2026-09-16,NETCD,112.5,112.7,100.7,101,4797450,borsapy_fallback_from_yahoo,acilis,2026-09-21T07:36:30Z
2026-09-16,NIBAS,4.05,4.13,3.76,3.76,11955489,borsapy_fallback_from_yahoo,acilis,2026-09-21T07:36:30Z
2026-09-16,NTGAZ,11.08,11.11,10.23,10.4,5557479,borsapy_fallback_from_yahoo,acilis,2026-09-21T07:36:30Z
2026-09-16,NTHOL,39.1,39.36,36.76,38.06,2489769,borsapy_fallback_from_yahoo,acilis,2026-09-21T07:36:30Z
2026-09-16,NUGYO,8.85,8.9,8.13,8.32,3076761,borsapy_fallback_from_yahoo,acilis,2026-09-21T07:36:30Z
2026-09-16,NUHCM,214,215.7,206.7,210.4,67461,borsapy_fallback_from_yahoo,acilis,2026-09-21T07:36:30Z
2026-09-16,OBAMS,5.19,5.22,4.68,4.8,33946787,borsapy_fallback_from_yahoo,acilis,2026-09-21T07:36:30Z
2026-09-16,OBASE,35,35.02,32.02,34.22,357274,borsapy_fallback_from_yahoo,acilis,2026-09-21T07:36:30Z
2026-09-16,ODAS,6.99,7.35,6.6,6.88,176387984,borsapy_fallback_from_yahoo,acilis,2026-09-21T07:36:30Z
2026-09-16,ODINE,570.5,570.5,570.5,570.5,3203,borsapy_fallback_from_yahoo,acilis,2026-09-21T07:36:30Z
2026-09-16,OFSYM,64.6,65.2,58.35,60.4,1645750,borsapy_fallback_from_yahoo,acilis,2026-09-21T07:36:30Z
2026-09-16,ONCSM,151.1,167.9,142.6,142.6,703936,borsapy_fallback_from_yahoo,acilis,2026-09-21T07:36:30Z
2026-09-16,ONRYT,14.26,14.36,12.9,13.28,4713198,borsapy_fallback_from_yahoo,acilis,2026-09-21T07:36:30Z
2026-09-16,ORCAY,3.33,3.33,3.1,3.13,1352135,borsapy_fallback_from_yahoo,acilis,2026-09-21T07:36:30Z
2026-09-16,ORGE,22.34,22.56,20.58,21.9,5259704,borsapy_fallback_from_yahoo,acilis,2026-09-21T07:36:30Z
2026-09-16,ORMA,146,146,139.5,139.5,13080,borsapy_fallback_from_yahoo,acilis,2026-09-21T07:36:30Z
2026-09-16,ORZAX,80.5,80.8,73.75,75,3304062,borsapy_fallback_from_yahoo,acilis,2026-09-21T07:36:30Z
2026-09-16,OSMEN,6.73,6.76,6.08,6.43,3063082,borsapy_fallback_from_yahoo,acilis,2026-09-21T07:36:30Z
2026-09-16,OSTIM,1.6,1.6,1.49,1.54,15314597,borsapy_fallback_from_yahoo,acilis,2026-09-21T07:36:30Z
2026-09-16,OTKAR,304,305.25,289.5,300.75,385009,borsapy_fallback_from_yahoo,acilis,2026-09-21T07:36:30Z
2026-09-16,OTTO,126.4,126.4,110.8,113.1,357536,borsapy_fallback_from_yahoo,acilis,2026-09-21T07:36:30Z
2026-09-16,OYAKC,20.96,21.04,18.87,19.4,38983391,borsapy_fallback_from_yahoo,acilis,2026-09-21T07:36:30Z
2026-09-16,OYAYO,41.5,41.5,38,39.96,69365,borsapy_fallback_from_yahoo,acilis,2026-09-21T07:36:30Z
2026-09-16,OYLUM,6.65,6.85,6.47,6.58,808833,borsapy_fallback_from_yahoo,acilis,2026-09-21T07:36:30Z
2026-09-16,OYYAT,33.3,33.6,30.54,31.3,484715,borsapy_fallback_from_yahoo,acilis,2026-09-21T07:36:30Z
2026-09-16,OZATD,4970,5115,4482.5,4482.5,125205,borsapy_fallback_from_yahoo,acilis,2026-09-21T07:36:30Z
2026-09-16,OZGYO,2.04,2.06,1.94,1.96,22878233,borsapy_fallback_from_yahoo,acilis,2026-09-21T07:36:30Z
2026-09-16,OZKGY,12.52,12.65,11.99,12.21,7026036,borsapy_fallback_from_yahoo,acilis,2026-09-21T07:36:30Z
2026-09-16,OZRDN,30.14,31.68,28.78,29,316890,borsapy_fallback_from_yahoo,acilis,2026-09-21T07:36:30Z
2026-09-16,OZSUB,39.76,40.18,37.82,38.6,1747669,borsapy_fallback_from_yahoo,acilis,2026-09-21T07:36:30Z
2026-09-16,OZYSR,11.4,11.71,10.26,11.61,3828376,borsapy_fallback_from_yahoo,acilis,2026-09-21T07:36:30Z
2026-09-16,PAGYO,135.2,136.1,125.7,128,153977,borsapy_fallback_from_yahoo,acilis,2026-09-21T07:36:30Z
2026-09-16,PAHOL,1.3,1.3,1.17,1.18,406218910,borsapy_fallback_from_yahoo,acilis,2026-09-21T07:36:30Z
2026-09-16,PAMEL,66.95,69.25,60.6,63.2,393268,borsapy_fallback_from_yahoo,acilis,2026-09-21T07:36:30Z
2026-09-16,PAPIL,12.1,12.17,10.89,11.14,7313393,borsapy_fallback_from_yahoo,acilis,2026-09-21T07:36:30Z
2026-09-16,PARSN,69.95,70.2,65.65,66.65,415716,borsapy_fallback_from_yahoo,acilis,2026-09-21T07:36:30Z
2026-09-16,PASEU,68.4,68.4,68.4,68.4,176565,borsapy_fallback_from_yahoo,acilis,2026-09-21T07:36:30Z
2026-09-16,PATEK,26,26,22.66,22.78,62152106,borsapy_fallback_from_yahoo,acilis,2026-09-21T07:36:30Z
2026-09-16,PCILT,30.08,30.44,28.7,29.34,2925978,borsapy_fallback_from_yahoo,acilis,2026-09-21T07:36:30Z
2026-09-16,PEKGY,11.68,11.68,10.53,10.53,44574910,borsapy_fallback_from_yahoo,acilis,2026-09-21T07:36:30Z
2026-09-16,PENGD,9,9.08,8.36,8.48,2618479,borsapy_fallback_from_yahoo,acilis,2026-09-21T07:36:30Z
2026-09-16,PENTA,12.82,12.82,12.09,12.29,2299717,borsapy_fallback_from_yahoo,acilis,2026-09-21T07:36:30Z
2026-09-16,PETKM,22.68,22.68,20.42,20.98,167768421,borsapy_fallback_from_yahoo,acilis,2026-09-21T07:36:30Z
2026-09-16,PETUN,11.52,11.52,10.72,11.05,2534486,borsapy_fallback_from_yahoo,acilis,2026-09-21T07:36:30Z
2026-09-16,PGSUS,150.1,150.3,140.5,145.2,16413278,borsapy_fallback_from_yahoo,acilis,2026-09-21T07:36:30Z
2026-09-16,PINSU,9.9,9.93,9.31,9.44,2789318,borsapy_fallback_from_yahoo,acilis,2026-09-21T07:36:30Z
2026-09-16,PKART,102,106,97,99,723488,borsapy_fallback_from_yahoo,acilis,2026-09-21T07:36:30Z
2026-09-16,PKENT,120,121.1,111.5,114.5,172360,borsapy_fallback_from_yahoo,acilis,2026-09-21T07:36:30Z
2026-09-16,PLTUR,19.6,19.99,17.74,18.5,2574854,borsapy_fallback_from_yahoo,acilis,2026-09-21T07:36:30Z
2026-09-16,PNLSN,38.2,38.76,36.6,37.16,1003874,borsapy_fallback_from_yahoo,acilis,2026-09-21T07:36:30Z
2026-09-16,PNSUT,11.21,11.22,10.57,10.7,3344891,borsapy_fallback_from_yahoo,acilis,2026-09-21T07:36:30Z
2026-09-16,POLHO,21.62,21.9,20.38,20.94,1897210,borsapy_fallback_from_yahoo,acilis,2026-09-21T07:36:30Z
2026-09-16,POLTK,4077.5,4137.5,3845,3910,8613,borsapy_fallback_from_yahoo,acilis,2026-09-21T07:36:30Z
2026-09-16,PRDGS,6.61,6.66,5.95,5.97,10946861,borsapy_fallback_from_yahoo,acilis,2026-09-21T07:36:30Z
2026-09-16,PRKAB,30.72,33,29.48,29.7,4031796,borsapy_fallback_from_yahoo,acilis,2026-09-21T07:36:30Z
2026-09-16,PRKME,17.93,18.09,16.95,17.44,2436587,borsapy_fallback_from_yahoo,acilis,2026-09-21T07:36:30Z
2026-09-16,PRZMA,68,68.5,62.9,62.9,545961,borsapy_fallback_from_yahoo,acilis,2026-09-21T07:36:30Z
2026-09-16,PSDTC,137.5,138.3,123,126.7,271236,borsapy_fallback_from_yahoo,acilis,2026-09-21T07:36:30Z
2026-09-16,PSGYO,2.86,2.9,2.59,2.59,142601731,borsapy_fallback_from_yahoo,acilis,2026-09-21T07:36:30Z
2026-09-16,QNBFK,40,40,39,39,24842,borsapy_fallback_from_yahoo,acilis,2026-09-21T07:36:30Z
2026-09-16,QNBTR,177,177,169,169,17013,borsapy_fallback_from_yahoo,acilis,2026-09-21T07:36:30Z
2026-09-16,QUAGR,2.85,2.89,2.63,2.7,49573417,borsapy_fallback_from_yahoo,acilis,2026-09-21T07:36:30Z
2026-09-16,QUICK,58.25,58.25,52.3,53.6,3185382,borsapy_fallback_from_yahoo,acilis,2026-09-21T07:36:30Z
2026-09-16,RALYH,265,266.25,238.5,238.5,363039,borsapy_fallback_from_yahoo,acilis,2026-09-21T07:36:30Z
2026-09-16,RAYSG,146.4,147.8,137.4,140.5,148865,borsapy_fallback_from_yahoo,acilis,2026-09-21T07:36:30Z
2026-09-16,REEDR,5.35,5.62,5.06,5.19,34345401,borsapy_fallback_from_yahoo,acilis,2026-09-21T07:36:30Z
2026-09-16,RGYAS,192.8,195.1,184.5,190,6752589,borsapy_fallback_from_yahoo,acilis,2026-09-21T07:36:30Z
2026-09-16,RNPOL,2.19,2.2,2.01,2.13,8970942,borsapy_fallback_from_yahoo,acilis,2026-09-21T07:36:30Z
2026-09-16,RODRG,22.1,22.3,20.5,21.5,225875,borsapy_fallback_from_yahoo,acilis,2026-09-21T07:36:30Z
2026-09-16,RTALB,2.75,2.86,2.6,2.64,49070197,borsapy_fallback_from_yahoo,acilis,2026-09-21T07:36:30Z
2026-09-16,RUBNS,27.98,28.2,24.9,25.3,2472524,borsapy_fallback_from_yahoo,acilis,2026-09-21T07:36:30Z
2026-09-16,RUZYE,8.21,8.4,7.47,7.61,11182724,borsapy_fallback_from_yahoo,acilis,2026-09-21T07:36:30Z
2026-09-16,RYGYO,42.5,43.3,40.38,42.6,3594379,borsapy_fallback_from_yahoo,acilis,2026-09-21T07:36:30Z
2026-09-16,RYSAS,25.4,25.96,23.74,25.1,14144092,borsapy_fallback_from_yahoo,acilis,2026-09-21T07:36:30Z
2026-09-16,SAFKR,13.13,13.13,11.7,12.06,8011919,borsapy_fallback_from_yahoo,acilis,2026-09-21T07:36:30Z
2026-09-16,SAHOL,90.5,91.2,82.3,84.3,64620926,borsapy_fallback_from_yahoo,acilis,2026-09-21T07:36:30Z
2026-09-16,SAMAT,5.05,5.11,4.6,4.73,2366511,borsapy_fallback_from_yahoo,acilis,2026-09-21T07:36:30Z
2026-09-16,SANEL,44.6,44.8,40.34,41.76,488010,borsapy_fallback_from_yahoo,acilis,2026-09-21T07:36:30Z
2026-09-16,SANFM,8.53,8.53,7.69,7.69,3608626,borsapy_fallback_from_yahoo,acilis,2026-09-21T07:36:30Z
2026-09-16,SANKO,20,20.1,18.9,19.73,700768,borsapy_fallback_from_yahoo,acilis,2026-09-21T07:36:30Z
2026-09-16,SARAE,78.6,80.4,70.65,70.65,22144927,borsapy_fallback_from_yahoo,acilis,2026-09-21T07:36:30Z
2026-09-16,SARKY,22.36,22.66,21.06,21.74,5923084,borsapy_fallback_from_yahoo,acilis,2026-09-21T07:36:30Z
2026-09-16,SASA,2.81,2.82,2.52,2.52,6329555400,borsapy_fallback_from_yahoo,acilis,2026-09-21T07:36:30Z
2026-09-16,SAYAS,50,50.25,45.3,48.18,2273912,borsapy_fallback_from_yahoo,acilis,2026-09-21T07:36:30Z
2026-09-16,SDTTR,19.51,19.92,18.29,18.53,8853345,borsapy_fallback_from_yahoo,acilis,2026-09-21T07:36:30Z
2026-09-16,SEGMN,37.78,38.76,35.8,35.8,576419,borsapy_fallback_from_yahoo,acilis,2026-09-21T07:36:30Z
2026-09-16,SEGYO,3.38,3.38,3.02,3.1,6181960,borsapy_fallback_from_yahoo,acilis,2026-09-21T07:36:30Z
2026-09-16,SEKFK,4.29,4.29,3.94,4.06,895574,borsapy_fallback_from_yahoo,acilis,2026-09-21T07:36:30Z
2026-09-16,SEKUR,8.81,8.81,7.93,8.17,3466074,borsapy_fallback_from_yahoo,acilis,2026-09-21T07:36:30Z
2026-09-16,SELEC,262.75,262.75,262.75,262.75,46363,borsapy_fallback_from_yahoo,acilis,2026-09-21T07:36:30Z
2026-09-16,SELVA,1.47,1.47,1.34,1.37,24372034,borsapy_fallback_from_yahoo,acilis,2026-09-21T07:36:30Z
2026-09-16,SERNT,8.05,8.05,7.16,7.24,6159513,borsapy_fallback_from_yahoo,acilis,2026-09-21T07:36:30Z
2026-09-16,SEYKM,4.21,4.34,4.03,4.12,1001461,borsapy_fallback_from_yahoo,acilis,2026-09-21T07:36:30Z
2026-09-16,SILVR,2.17,2.2,1.98,2.05,3969960,borsapy_fallback_from_yahoo,acilis,2026-09-21T07:36:30Z
2026-09-16,SISE,42.46,42.64,38.16,38.22,167004117,borsapy_fallback_from_yahoo,acilis,2026-09-21T07:36:30Z
2026-09-16,SKBNK,6.34,6.37,5.95,6.1,126483171,borsapy_fallback_from_yahoo,acilis,2026-09-21T07:36:30Z
2026-09-16,SKTAS,3.2,3.23,2.97,3.03,12769170,borsapy_fallback_from_yahoo,acilis,2026-09-21T07:36:30Z
2026-09-16,SKYLP,153,159.8,142.2,142.2,104974,borsapy_fallback_from_yahoo,acilis,2026-09-21T07:36:30Z
2026-09-16,SKYMD,16.78,17.44,15.27,16.75,3937750,borsapy_fallback_from_yahoo,acilis,2026-09-21T07:36:30Z
2026-09-16,SMART,21.56,21.7,19.65,20.3,1022958,borsapy_fallback_from_yahoo,acilis,2026-09-21T07:36:30Z
2026-09-16,SMRTG,8.31,8.31,7.43,7.43,18039352,borsapy_fallback_from_yahoo,acilis,2026-09-21T07:36:30Z
2026-09-16,SMRVA,10.07,10.19,9.01,9.3,8735473,borsapy_fallback_from_yahoo,acilis,2026-09-21T07:36:30Z
2026-09-16,SNGYO,3.02,3.02,2.7,2.75,80483626,borsapy_fallback_from_yahoo,acilis,2026-09-21T07:36:30Z
2026-09-16,SNICA,3.08,3.09,2.85,2.91,14864698,borsapy_fallback_from_yahoo,acilis,2026-09-21T07:36:30Z
2026-09-16,SNPAM,18.47,18.47,18.05,18.09,44908,borsapy_fallback_from_yahoo,acilis,2026-09-21T07:36:30Z
2026-09-16,SODSN,7.13,7.13,6.77,6.81,113992,borsapy_fallback_from_yahoo,acilis,2026-09-21T07:36:30Z
2026-09-16,SOHOE,10.99,11.27,9.9,10,19315111,borsapy_fallback_from_yahoo,acilis,2026-09-21T07:36:30Z
2026-09-16,SOKE,9.66,9.83,8.9,9,5799931,borsapy_fallback_from_yahoo,acilis,2026-09-21T07:36:30Z
2026-09-16,SOKM,58.15,59,54.75,56.25,3729274,borsapy_fallback_from_yahoo,acilis,2026-09-21T07:36:30Z
2026-09-16,SONME,133.3,133.9,127.6,130.3,43842,borsapy_fallback_from_yahoo,acilis,2026-09-21T07:36:30Z
2026-09-16,SRVGY,2.35,2.38,2.17,2.22,15985711,borsapy_fallback_from_yahoo,acilis,2026-09-21T07:36:30Z
2026-09-16,SSAAT,30.9,31.08,27.86,28.9,3949853,borsapy_fallback_from_yahoo,acilis,2026-09-21T07:36:30Z
2026-09-16,SUMAS,250,255,250,255,5447,borsapy_fallback_from_yahoo,acilis,2026-09-21T07:36:30Z
2026-09-16,SUNTK,30.8,31.42,28.64,29.5,540050,borsapy_fallback_from_yahoo,acilis,2026-09-21T07:36:30Z
2026-09-16,SURGY,28.86,28.86,25.96,26.7,3548320,borsapy_fallback_from_yahoo,acilis,2026-09-21T07:36:30Z
2026-09-16,SUWEN,6.75,6.9,6.19,6.34,3917636,borsapy_fallback_from_yahoo,acilis,2026-09-21T07:36:30Z
2026-09-16,SVGYO,15.5,15.6,14,14,6816678,borsapy_fallback_from_yahoo,acilis,2026-09-21T07:36:30Z
2026-09-16,TABGD,226,229.5,217.5,226.9,1291636,borsapy_fallback_from_yahoo,acilis,2026-09-21T07:36:30Z
2026-09-16,TARKM,518,518,482.5,492.5,154981,borsapy_fallback_from_yahoo,acilis,2026-09-21T07:36:30Z
2026-09-16,TATEN,7.2,7.21,6.48,6.72,26536271,borsapy_fallback_from_yahoo,acilis,2026-09-21T07:36:30Z
2026-09-16,TATGD,17.41,17.49,16.26,16.67,2612390,borsapy_fallback_from_yahoo,acilis,2026-09-21T07:36:30Z
2026-09-16,TAVHL,256.5,260,243.2,252.5,5302200,borsapy_fallback_from_yahoo,acilis,2026-09-21T07:36:30Z
2026-09-16,TBORG,129.6,130.4,124.9,126.1,181520,borsapy_fallback_from_yahoo,acilis,2026-09-21T07:36:30Z
2026-09-16,TCELL,99.6,102.2,92.25,95.75,46662512,borsapy_fallback_from_yahoo,acilis,2026-09-21T07:36:30Z
2026-09-16,TCKRC,129.9,131,117.1,117.1,2910702,borsapy_fallback_from_yahoo,acilis,2026-09-21T07:36:30Z
2026-09-16,TDGYO,20.48,22.52,18.44,18.44,4164492,borsapy_fallback_from_yahoo,acilis,2026-09-21T07:36:30Z
2026-09-16,TEHOL,47.82,48.08,43.04,43.04,12421834,borsapy_fallback_from_yahoo,acilis,2026-09-21T07:36:30Z
2026-09-16,TEKTU,6.82,6.83,6.23,6.26,6448920,borsapy_fallback_from_yahoo,acilis,2026-09-21T07:36:30Z
2026-09-16,TERA,226.9,227.1,201.6,201.6,5492925,borsapy_fallback_from_yahoo,acilis,2026-09-21T07:36:30Z
2026-09-16,TEZOL,8.58,8.72,8.24,8.32,4011247,borsapy_fallback_from_yahoo,acilis,2026-09-21T07:36:30Z
2026-09-16,TGSAS,198,198.2,178.2,178.2,450114,borsapy_fallback_from_yahoo,acilis,2026-09-21T07:36:30Z
2026-09-16,THYAO,287.25,288,258.25,273,79653407,borsapy_fallback_from_yahoo,acilis,2026-09-21T07:36:30Z
2026-09-16,TKFEN,230.5,234.7,213.5,234.7,9388558,borsapy_fallback_from_yahoo,acilis,2026-09-21T07:36:30Z
2026-09-16,TKNKA,152.5,158,141,141,2771953,borsapy_fallback_from_yahoo,acilis,2026-09-21T07:36:30Z
2026-09-16,TKNSA,16,16.18,15.09,15.46,3622740,borsapy_fallback_from_yahoo,acilis,2026-09-21T07:36:30Z
2026-09-16,TLMAN,76,76.9,71.15,72,209064,borsapy_fallback_from_yahoo,acilis,2026-09-21T07:36:30Z
2026-09-16,TMPOL,289,294.75,259.5,259.5,192122,borsapy_fallback_from_yahoo,acilis,2026-09-21T07:36:30Z
2026-09-16,TMSN,70.75,77,66.9,69.45,2952133,borsapy_fallback_from_yahoo,acilis,2026-09-21T07:36:30Z
2026-09-16,TNZTP,31.8,34.86,28.54,29,6879651,borsapy_fallback_from_yahoo,acilis,2026-09-21T07:36:30Z
2026-09-16,TOASO,285,285.5,260,272.25,3384012,borsapy_fallback_from_yahoo,acilis,2026-09-21T07:36:30Z
2026-09-16,TRALT,51,51.25,45.72,47.34,129749977,borsapy_fallback_from_yahoo,acilis,2026-09-21T07:36:30Z
2026-09-16,TRCAS,49.2,49.9,45.7,47.2,1620409,borsapy_fallback_from_yahoo,acilis,2026-09-21T07:36:30Z
2026-09-16,TRENJ,104,105.8,96.15,99.05,1899245,borsapy_fallback_from_yahoo,acilis,2026-09-21T07:36:30Z
2026-09-16,TRGYO,92.15,92.75,87.3,89.9,2057934,borsapy_fallback_from_yahoo,acilis,2026-09-21T07:36:30Z
2026-09-16,TRHOL,4457.5,4470,4050,4050,47148,borsapy_fallback_from_yahoo,acilis,2026-09-21T07:36:30Z
2026-09-16,TRILC,1.01,1.01,0.99,0.99,4927399,borsapy_fallback_from_yahoo,acilis,2026-09-21T07:36:30Z
2026-09-16,TRMET,132.8,133.4,121.9,125.1,4606009,borsapy_fallback_from_yahoo,acilis,2026-09-21T07:36:30Z
2026-09-16,TSGYO,5.62,5.62,5.21,5.23,3389305,borsapy_fallback_from_yahoo,acilis,2026-09-21T07:36:30Z
2026-09-16,TSKB,11.23,11.23,10.18,10.45,29459800,borsapy_fallback_from_yahoo,acilis,2026-09-21T07:36:30Z
2026-09-16,TSPOR,0.97,0.97,0.92,0.93,473439060,borsapy_fallback_from_yahoo,acilis,2026-09-21T07:36:30Z
2026-09-16,TTKOM,55,55.3,49.38,49.84,72719455,borsapy_fallback_from_yahoo,acilis,2026-09-21T07:36:30Z
2026-09-16,TTRAK,419.5,420.5,402,409.5,174817,borsapy_fallback_from_yahoo,acilis,2026-09-21T07:36:30Z
2026-09-16,TUCLK,3.76,4.07,3.59,3.84,34882050,borsapy_fallback_from_yahoo,acilis,2026-09-21T07:36:30Z
2026-09-16,TUKAS,2,2,1.85,1.91,93291694,borsapy_fallback_from_yahoo,acilis,2026-09-21T07:36:30Z
2026-09-16,TUPRS,411.5,413,380,401.75,32764924,borsapy_fallback_from_yahoo,acilis,2026-09-21T07:36:30Z
2026-09-16,TUREX,5.81,5.83,5.3,5.38,18296997,borsapy_fallback_from_yahoo,acilis,2026-09-21T07:36:30Z
2026-09-16,TURGG,28,29.42,26.78,28.2,1755980,borsapy_fallback_from_yahoo,acilis,2026-09-21T07:36:30Z
2026-09-16,TURSG,6.05,6.13,5.78,5.98,100929689,borsapy_fallback_from_yahoo,acilis,2026-09-21T07:36:30Z
2026-09-16,UCAYM,20.4,20.48,18.75,19.15,3572229,borsapy_fallback_from_yahoo,acilis,2026-09-21T07:36:30Z
2026-09-16,UFUK,1400,1400,1251,1255,402791,borsapy_fallback_from_yahoo,acilis,2026-09-21T07:36:30Z
2026-09-16,ULAS,21,21.08,19.8,20.2,253424,borsapy_fallback_from_yahoo,acilis,2026-09-21T07:36:30Z
2026-09-16,ULKER,89.4,89.6,82.35,85.25,8508362,borsapy_fallback_from_yahoo,acilis,2026-09-21T07:36:30Z
2026-09-16,ULUFA,1.58,1.6,1.46,1.5,37536857,borsapy_fallback_from_yahoo,acilis,2026-09-21T07:36:30Z
2026-09-16,ULUSE,227,228.1,209.5,215.9,184728,borsapy_fallback_from_yahoo,acilis,2026-09-21T07:36:30Z
2026-09-16,ULUUN,7.72,7.79,7.06,7.25,11015489,borsapy_fallback_from_yahoo,acilis,2026-09-21T07:36:30Z
2026-09-16,UNLU,11.06,11.33,11.06,11.33,2562766,borsapy_fallback_from_yahoo,acilis,2026-09-21T07:36:30Z
2026-09-16,USAK,1.17,1.17,1.08,1.1,65633480,borsapy_fallback_from_yahoo,acilis,2026-09-21T07:36:30Z
2026-09-16,USHOL,67.9,67.9,61.15,61.15,537990,borsapy_fallback_from_yahoo,acilis,2026-09-21T07:36:30Z
2026-09-16,VAKBN,33.98,34.02,30.5,30.86,121798679,borsapy_fallback_from_yahoo,acilis,2026-09-21T07:36:30Z
2026-09-16,VAKFA,10.85,10.89,10,10.34,6431398,borsapy_fallback_from_yahoo,acilis,2026-09-21T07:36:30Z
2026-09-16,VAKFN,1.1,1.1,0.99,1.02,139627967,borsapy_fallback_from_yahoo,acilis,2026-09-21T07:36:30Z
2026-09-16,VAKKO,66,68.1,62.9,64.9,210643,borsapy_fallback_from_yahoo,acilis,2026-09-21T07:36:30Z
2026-09-16,VANGD,88.25,90,79.65,84.5,269089,borsapy_fallback_from_yahoo,acilis,2026-09-21T07:36:30Z
2026-09-16,VBTYZ,32.5,32.78,30.28,30.62,1910971,borsapy_fallback_from_yahoo,acilis,2026-09-21T07:36:30Z
2026-09-16,VERUS,525,565,507,519.5,143604,borsapy_fallback_from_yahoo,acilis,2026-09-21T07:36:30Z
2026-09-16,VESBE,5.75,5.79,5.25,5.34,24325228,borsapy_fallback_from_yahoo,acilis,2026-09-21T07:36:30Z
2026-09-16,VESTL,25.9,26.08,23.16,23.84,18284284,borsapy_fallback_from_yahoo,acilis,2026-09-21T07:36:30Z
2026-09-16,VEYAS,104.1,104.2,97.15,97.15,2281996,borsapy_fallback_from_yahoo,acilis,2026-09-21T07:36:30Z
2026-09-16,VKFYO,21.8,21.8,19.84,20.18,192495,borsapy_fallback_from_yahoo,acilis,2026-09-21T07:36:30Z
2026-09-16,VKGYO,1.9,1.9,1.73,1.76,45763149,borsapy_fallback_from_yahoo,acilis,2026-09-21T07:36:30Z
2026-09-16,VKING,20.36,20.6,19.24,19.53,383533,borsapy_fallback_from_yahoo,acilis,2026-09-21T07:36:30Z
2026-09-16,VRGYO,1.7,1.71,1.58,1.6,13327231,borsapy_fallback_from_yahoo,acilis,2026-09-21T07:36:30Z
2026-09-16,VSNMD,38.02,40.8,36.12,37.4,3158151,borsapy_fallback_from_yahoo,acilis,2026-09-21T07:36:30Z
2026-09-16,YAPRK,10.28,11.23,10.11,10.13,24091718,borsapy_fallback_from_yahoo,acilis,2026-09-21T07:36:30Z
2026-09-16,YATAS,29.78,29.78,26.8,27.48,2765017,borsapy_fallback_from_yahoo,acilis,2026-09-21T07:36:30Z
2026-09-16,YAYLA,20.98,22,20.2,20.66,1621480,borsapy_fallback_from_yahoo,acilis,2026-09-21T07:36:30Z
2026-09-16,YBTAS,12.7,12.7,12.4,12.4,55294,borsapy_fallback_from_yahoo,acilis,2026-09-21T07:36:30Z
2026-09-16,YEOTK,32.48,33.24,29.12,29.52,23536806,borsapy_fallback_from_yahoo,acilis,2026-09-21T07:36:30Z
2026-09-16,YESIL,1.14,1.14,1.07,1.1,25223565,borsapy_fallback_from_yahoo,acilis,2026-09-21T07:36:30Z
2026-09-16,YGGYO,223.6,225.5,212.6,214.1,216224,borsapy_fallback_from_yahoo,acilis,2026-09-21T07:36:30Z
2026-09-16,YIGIT,21.18,21.26,19.55,20.1,3685857,borsapy_fallback_from_yahoo,acilis,2026-09-21T07:36:30Z
2026-09-16,YKBNK,34.7,34.76,31.22,32.12,478797150,borsapy_fallback_from_yahoo,acilis,2026-09-21T07:36:30Z
2026-09-16,YKSLN,5.1,5.16,4.58,4.58,16259271,borsapy_fallback_from_yahoo,acilis,2026-09-21T07:36:30Z
2026-09-16,YONGA,42.3,42.3,41.4,41.4,11687,borsapy_fallback_from_yahoo,acilis,2026-09-21T07:36:30Z
2026-09-16,YUNSA,7.25,7.29,6.64,6.77,7087125,borsapy_fallback_from_yahoo,acilis,2026-09-21T07:36:30Z
2026-09-16,YYAPI,0.77,0.77,0.73,0.73,3193353,borsapy_fallback_from_yahoo,acilis,2026-09-21T07:36:30Z
2026-09-16,YYLGD,9.72,9.74,8.84,9.04,7765673,borsapy_fallback_from_yahoo,acilis,2026-09-21T07:36:30Z
2026-09-16,ZEDUR,7.26,7.28,6.8,7,1375166,borsapy_fallback_from_yahoo,acilis,2026-09-21T07:36:30Z
2026-09-16,ZERGY,9.23,9.23,8.31,8.31,11101221,borsapy_fallback_from_yahoo,acilis,2026-09-21T07:36:30Z
2026-09-16,ZGYO,21.04,21.44,18.94,18.94,4594599,borsapy_fallback_from_yahoo,acilis,2026-09-21T07:36:30Z
2026-09-16,ZOREN,2.54,2.67,2.36,2.55,340984110,borsapy_fallback_from_yahoo,acilis,2026-09-21T07:36:30Z
2026-09-16,ZRGYO,20.06,20.18,18.89,19.55,3755146,borsapy_fallback_from_yahoo,acilis,2026-09-21T07:36:30Z
2026-09-16,XU100,,,,13122.58,,borsapy_fallback_from_yahoo,acilis,2026-09-21T07:36:30Z
2026-09-17,A1CAP,6.16,6.38,5.81,5.81,25733147,borsapy_fallback_from_yahoo,acilis,2026-09-21T07:36:30Z
2026-09-17,A1YEN,2.4,2.43,2.16,2.16,25675239,borsapy_fallback_from_yahoo,acilis,2026-09-21T07:36:30Z
2026-09-17,AAGYO,10.41,10.45,9.37,9.37,14156067,borsapy_fallback_from_yahoo,acilis,2026-09-21T07:36:30Z
2026-09-17,ACSEL,103.3,105.4,99.5,102.3,164839,borsapy_fallback_from_yahoo,acilis,2026-09-21T07:36:30Z
2026-09-17,ADEL,29.58,29.72,28.52,29.66,2554778,borsapy_fallback_from_yahoo,acilis,2026-09-21T07:36:30Z
2026-09-17,ADESE,0.77,0.81,0.77,0.8,133208537,borsapy_fallback_from_yahoo,acilis,2026-09-21T07:36:30Z
2026-09-17,ADGYO,53,53.9,49.52,49.52,1308911,borsapy_fallback_from_yahoo,acilis,2026-09-21T07:36:30Z
2026-09-17,AEFES,18.07,19.4,17.92,19.08,41557038,borsapy_fallback_from_yahoo,acilis,2026-09-21T07:36:30Z
2026-09-17,AFYON,11.72,12,11.69,11.9,1832657,borsapy_fallback_from_yahoo,acilis,2026-09-21T07:36:30Z
2026-09-17,AGESA,235.7,241.9,233,241,278053,borsapy_fallback_from_yahoo,acilis,2026-09-21T07:36:30Z
2026-09-17,AGHOL,33.22,35.08,32.92,34.88,6893660,borsapy_fallback_from_yahoo,acilis,2026-09-21T07:36:30Z
2026-09-17,AGROT,1.82,1.82,1.72,1.74,42694612,borsapy_fallback_from_yahoo,acilis,2026-09-21T07:36:30Z
2026-09-17,AGYO,7.31,7.76,7.21,7.54,367433,borsapy_fallback_from_yahoo,acilis,2026-09-21T07:36:30Z
2026-09-17,AHGAZ,38.42,41,36.56,40.98,12975333,borsapy_fallback_from_yahoo,acilis,2026-09-21T07:36:30Z
2026-09-17,AHSGY,13.71,13.71,13.71,13.71,4197929,borsapy_fallback_from_yahoo,acilis,2026-09-21T07:36:30Z
2026-09-17,AKBNK,65.5,71.7,65,71.55,303189390,borsapy_fallback_from_yahoo,acilis,2026-09-21T07:36:30Z
2026-09-17,AKCNS,224.4,224.4,215,215.5,2030939,borsapy_fallback_from_yahoo,acilis,2026-09-21T07:36:30Z
2026-09-17,AKENR,9.7,9.82,9.43,9.71,5017029,borsapy_fallback_from_yahoo,acilis,2026-09-21T07:36:30Z
2026-09-17,AKFGY,2.53,2.6,2.42,2.45,67319891,borsapy_fallback_from_yahoo,acilis,2026-09-21T07:36:30Z
2026-09-17,AKFIS,12.74,14.39,12.52,13.95,25542878,borsapy_fallback_from_yahoo,acilis,2026-09-21T07:36:30Z
2026-09-17,AKFYE,21.74,22.6,21.24,21.6,12359902,borsapy_fallback_from_yahoo,acilis,2026-09-21T07:36:30Z
2026-09-17,AKGRT,5.37,5.75,5.37,5.64,14588127,borsapy_fallback_from_yahoo,acilis,2026-09-21T07:36:30Z
2026-09-17,AKHAN,27.96,33.04,27.96,30.4,2535650,borsapy_fallback_from_yahoo,acilis,2026-09-21T07:36:30Z
2026-09-17,AKMGY,235,240,225.7,238.8,37787,borsapy_fallback_from_yahoo,acilis,2026-09-21T07:36:30Z
2026-09-17,AKSA,10.59,11.17,10.5,11.12,20645643,borsapy_fallback_from_yahoo,acilis,2026-09-21T07:36:30Z
2026-09-17,AKSEN,61.6,69.8,61.15,68.5,12255861,borsapy_fallback_from_yahoo,acilis,2026-09-21T07:36:30Z
2026-09-17,AKSGY,9.61,9.7,9.42,9.56,5020874,borsapy_fallback_from_yahoo,acilis,2026-09-21T07:36:30Z
2026-09-17,AKSUE,21.02,23.02,21,21,3248892,borsapy_fallback_from_yahoo,acilis,2026-09-21T07:36:30Z
2026-09-17,AKYHO,1.94,1.96,1.86,1.89,1702637,borsapy_fallback_from_yahoo,acilis,2026-09-21T07:36:30Z
2026-09-17,ALARK,104.6,109.9,103.3,109.5,5822078,borsapy_fallback_from_yahoo,acilis,2026-09-21T07:36:30Z
2026-09-17,ALBRK,7.99,8.7,7.96,8.54,40186343,borsapy_fallback_from_yahoo,acilis,2026-09-21T07:36:30Z
2026-09-17,ALBTN,27.14,27.4,25.8,27.02,6936796,borsapy_fallback_from_yahoo,acilis,2026-09-21T07:36:30Z
2026-09-17,ALCAR,680.5,702.5,666.5,698.5,50606,borsapy_fallback_from_yahoo,acilis,2026-09-21T07:36:30Z
2026-09-17,ALCTL,96.5,99.75,95.2,95.4,380417,borsapy_fallback_from_yahoo,acilis,2026-09-21T07:36:30Z
2026-09-17,ALFAS,34.58,35.42,32.86,33.8,2006364,borsapy_fallback_from_yahoo,acilis,2026-09-21T07:36:30Z
2026-09-17,ALGYO,3.32,3.4,3.27,3.35,24881468,borsapy_fallback_from_yahoo,acilis,2026-09-21T07:36:30Z
2026-09-17,ALKA,7.39,7.45,7.1,7.2,2855286,borsapy_fallback_from_yahoo,acilis,2026-09-21T07:36:30Z
2026-09-17,ALKIM,14.05,14.28,13.75,14.01,1486939,borsapy_fallback_from_yahoo,acilis,2026-09-21T07:36:30Z
2026-09-17,ALKLC,421.25,421.25,421.25,421.25,7993,borsapy_fallback_from_yahoo,acilis,2026-09-21T07:36:30Z
2026-09-17,ALTIN,73.37,74.45,73.37,74.27,19221463,borsapy_fallback_from_yahoo,acilis,2026-09-21T07:36:30Z
2026-09-17,ALTNY,14.52,15.07,13.8,14.68,34827503,borsapy_fallback_from_yahoo,acilis,2026-09-21T07:36:30Z
2026-09-17,ALVES,0.73,0.73,0.73,0.73,15520635,borsapy_fallback_from_yahoo,acilis,2026-09-21T07:36:30Z
2026-09-17,ANELE,116.7,116.7,116.7,116.7,3914,borsapy_fallback_from_yahoo,acilis,2026-09-21T07:36:30Z
2026-09-17,ANGEN,8.35,8.5,7.98,8.07,2578732,borsapy_fallback_from_yahoo,acilis,2026-09-21T07:36:30Z
2026-09-17,ANHYT,102.7,109.4,102.7,108.2,1079261,borsapy_fallback_from_yahoo,acilis,2026-09-21T07:36:30Z
2026-09-17,ANSGR,25.88,26.6,25.52,26.32,5693487,borsapy_fallback_from_yahoo,acilis,2026-09-21T07:36:30Z
2026-09-17,ARASE,109.2,114.9,107.4,114.9,303133,borsapy_fallback_from_yahoo,acilis,2026-09-21T07:36:30Z
2026-09-17,ARCLK,86.85,90.15,86.55,89.75,1647372,borsapy_fallback_from_yahoo,acilis,2026-09-21T07:36:30Z
2026-09-17,ARDYZ,64.3,67.95,60.3,60.3,13473885,borsapy_fallback_from_yahoo,acilis,2026-09-21T07:36:30Z
2026-09-17,ARENA,16.62,19.21,16.62,17.7,1356853,borsapy_fallback_from_yahoo,acilis,2026-09-21T07:36:30Z
2026-09-17,ARFYE,17.32,17.32,16.01,16.01,4852905,borsapy_fallback_from_yahoo,acilis,2026-09-21T07:36:30Z
2026-09-17,ARMGD,171.5,179,171.4,176.9,1577198,borsapy_fallback_from_yahoo,acilis,2026-09-21T07:36:30Z
2026-09-17,ARSAN,3.69,3.97,3.69,3.82,24851700,borsapy_fallback_from_yahoo,acilis,2026-09-21T07:36:30Z
2026-09-17,ARTMS,39,41,36,38.5,993269,borsapy_fallback_from_yahoo,acilis,2026-09-21T07:36:30Z
2026-09-17,ARZUM,1.39,1.39,1.33,1.35,11517015,borsapy_fallback_from_yahoo,acilis,2026-09-21T07:36:30Z
2026-09-17,ASELS,360,383.25,357,379.75,40373803,borsapy_fallback_from_yahoo,acilis,2026-09-21T07:36:30Z
2026-09-17,ASGYO,10.4,10.51,10.15,10.31,3258940,borsapy_fallback_from_yahoo,acilis,2026-09-21T07:36:30Z
2026-09-17,ASTOR,242.1,260.5,238.9,255.5,58151941,borsapy_fallback_from_yahoo,acilis,2026-09-21T07:36:30Z
2026-09-17,ASUZU,44.34,47.28,44.02,46.32,659009,borsapy_fallback_from_yahoo,acilis,2026-09-21T07:36:30Z
2026-09-17,ATAGY,9.72,9.76,9.48,9.65,187764,borsapy_fallback_from_yahoo,acilis,2026-09-21T07:36:30Z
2026-09-17,ATAKP,36.16,36.98,35.32,36.16,399594,borsapy_fallback_from_yahoo,acilis,2026-09-21T07:36:30Z
2026-09-17,ATATP,267.5,269.5,254.25,265,591823,borsapy_fallback_from_yahoo,acilis,2026-09-21T07:36:30Z
2026-09-17,ATATR,10.28,10.28,10.28,10.28,1869767,borsapy_fallback_from_yahoo,acilis,2026-09-21T07:36:30Z
2026-09-17,ATEKS,85.75,85.75,84.7,84.7,11275,borsapy_fallback_from_yahoo,acilis,2026-09-21T07:36:30Z
2026-09-17,ATLAS,6.3,6.44,5.67,5.67,1689583,borsapy_fallback_from_yahoo,acilis,2026-09-21T07:36:30Z
2026-09-17,ATSYH,103,114.2,103,113,54111,borsapy_fallback_from_yahoo,acilis,2026-09-21T07:36:30Z
2026-09-17,AVGYO,15.7,16.3,14.45,15.63,1462001,borsapy_fallback_from_yahoo,acilis,2026-09-21T07:36:30Z
2026-09-17,AVHOL,33.2,33.5,29.88,31.9,1699191,borsapy_fallback_from_yahoo,acilis,2026-09-21T07:36:30Z
2026-09-17,AVOD,3.9,3.94,3.71,3.76,7245740,borsapy_fallback_from_yahoo,acilis,2026-09-21T07:36:30Z
2026-09-17,AVPGY,53.1,55.5,53.1,55.05,812734,borsapy_fallback_from_yahoo,acilis,2026-09-21T07:36:30Z
2026-09-17,AYCES,400,428.5,397,419.75,125121,borsapy_fallback_from_yahoo,acilis,2026-09-21T07:36:30Z
2026-09-17,AYDEM,23.98,24.82,23.64,24.46,2379414,borsapy_fallback_from_yahoo,acilis,2026-09-21T07:36:30Z
2026-09-17,AYEN,28.5,29.54,28.44,29.06,582158,borsapy_fallback_from_yahoo,acilis,2026-09-21T07:36:30Z
2026-09-17,AYES,26.2,26.2,25.8,25.8,68939,borsapy_fallback_from_yahoo,acilis,2026-09-21T07:36:30Z
2026-09-17,AYGAZ,315.5,323.5,308.5,320,1057388,borsapy_fallback_from_yahoo,acilis,2026-09-21T07:36:30Z
2026-09-17,AZTEK,3.15,3.46,3.02,3.46,9029234,borsapy_fallback_from_yahoo,acilis,2026-09-21T07:36:30Z
2026-09-17,BAGFS,25.28,25.9,24.04,25.88,1145523,borsapy_fallback_from_yahoo,acilis,2026-09-21T07:36:30Z
2026-09-17,BAHKM,162,173.4,151,170,2241131,borsapy_fallback_from_yahoo,acilis,2026-09-21T07:36:30Z
2026-09-17,BAKAB,34.5,35.34,33.6,34.96,183875,borsapy_fallback_from_yahoo,acilis,2026-09-21T07:36:30Z
2026-09-17,BALAT,65.9,66.45,65.9,66.45,56710,borsapy_fallback_from_yahoo,acilis,2026-09-21T07:36:30Z
2026-09-17,BALSU,7.01,7.3,6.71,6.95,76056536,borsapy_fallback_from_yahoo,acilis,2026-09-21T07:36:30Z
2026-09-17,BANVT,140,143.1,138.7,141.4,114147,borsapy_fallback_from_yahoo,acilis,2026-09-21T07:36:30Z
2026-09-17,BARMA,7.57,7.87,7.57,7.87,699505,borsapy_fallback_from_yahoo,acilis,2026-09-21T07:36:30Z
2026-09-17,BASCM,12.74,12.74,12.61,12.61,79953,borsapy_fallback_from_yahoo,acilis,2026-09-21T07:36:30Z
2026-09-17,BASGZ,40.4,42.3,40.34,42.3,574734,borsapy_fallback_from_yahoo,acilis,2026-09-21T07:36:30Z
2026-09-17,BAYRK,3.76,3.81,3.39,3.48,5942336,borsapy_fallback_from_yahoo,acilis,2026-09-21T07:36:30Z
2026-09-17,BEGYO,3.04,3.07,2.91,2.95,4330747,borsapy_fallback_from_yahoo,acilis,2026-09-21T07:36:30Z
2026-09-17,BERA,12.3,12.82,12.14,12.76,6904778,borsapy_fallback_from_yahoo,acilis,2026-09-21T07:36:30Z
2026-09-17,BESLR,11.94,12.38,11.91,12.3,2271284,borsapy_fallback_from_yahoo,acilis,2026-09-21T07:36:30Z
2026-09-17,BESTE,26.44,29.14,24.8,27.78,10838793,borsapy_fallback_from_yahoo,acilis,2026-09-21T07:36:30Z
2026-09-17,BETAE,64.35,70.25,63.1,64.8,16863895,borsapy_fallback_from_yahoo,acilis,2026-09-21T07:36:30Z
2026-09-17,BEYAZ,21.82,21.82,20.8,20.98,1566733,borsapy_fallback_from_yahoo,acilis,2026-09-21T07:36:30Z
2026-09-17,BFREN,118.5,121,116.9,120.4,232839,borsapy_fallback_from_yahoo,acilis,2026-09-21T07:36:30Z
2026-09-17,BIENY,18.8,19.5,18.04,18.5,2964444,borsapy_fallback_from_yahoo,acilis,2026-09-21T07:36:30Z
2026-09-17,BIGCH,4.72,4.81,4.58,4.75,5435894,borsapy_fallback_from_yahoo,acilis,2026-09-21T07:36:30Z
2026-09-17,BIGEN,127.2,127.2,127.2,127.2,18529,borsapy_fallback_from_yahoo,acilis,2026-09-21T07:36:30Z
2026-09-17,BIGTK,276,276.25,248.4,248.4,242223,borsapy_fallback_from_yahoo,acilis,2026-09-21T07:36:30Z
2026-09-17,BIMAS,406.25,424.5,404.75,418,14578275,borsapy_fallback_from_yahoo,acilis,2026-09-21T07:36:30Z
2026-09-17,BINBN,161,169,150.8,150.8,489848,borsapy_fallback_from_yahoo,acilis,2026-09-21T07:36:30Z
2026-09-17,BINHO,7.85,8.44,7.83,7.83,34512607,borsapy_fallback_from_yahoo,acilis,2026-09-21T07:36:30Z
2026-09-17,BIOEN,14.7,16.26,14.7,15.71,8173168,borsapy_fallback_from_yahoo,acilis,2026-09-21T07:36:30Z
2026-09-17,BIZIM,22.62,23.18,22.42,22.74,269492,borsapy_fallback_from_yahoo,acilis,2026-09-21T07:36:30Z
2026-09-17,BJKAS,2.13,2.13,2.13,2.13,43234238,borsapy_fallback_from_yahoo,acilis,2026-09-21T07:36:30Z
2026-09-17,BKRGY,7.13,7.2,6.78,6.86,27765075,borsapy_fallback_from_yahoo,acilis,2026-09-21T07:36:30Z
2026-09-17,BLCYT,1.77,1.85,1.73,1.79,23248919,borsapy_fallback_from_yahoo,acilis,2026-09-21T07:36:30Z
2026-09-17,BLUME,35.82,38.7,34.46,38.3,2534066,borsapy_fallback_from_yahoo,acilis,2026-09-21T07:36:30Z
2026-09-17,BMSCH,11.18,11.18,10.07,10.25,4077496,borsapy_fallback_from_yahoo,acilis,2026-09-21T07:36:30Z
2026-09-17,BMSTL,47.86,49.12,44.4,48.4,8544866,borsapy_fallback_from_yahoo,acilis,2026-09-21T07:36:30Z
2026-09-17,BNTAS,5.79,5.9,5.68,5.8,3886847,borsapy_fallback_from_yahoo,acilis,2026-09-21T07:36:30Z
2026-09-17,BOBET,18.3,18.9,18.15,18.15,9940183,borsapy_fallback_from_yahoo,acilis,2026-09-21T07:36:30Z
2026-09-17,BORLS,2.33,2.52,2.33,2.37,31556094,borsapy_fallback_from_yahoo,acilis,2026-09-21T07:36:30Z
2026-09-17,BORSK,5.91,6.06,5.64,5.91,8275406,borsapy_fallback_from_yahoo,acilis,2026-09-21T07:36:30Z
2026-09-17,BOSSA,6.48,6.92,6.48,6.83,5841057,borsapy_fallback_from_yahoo,acilis,2026-09-21T07:36:30Z
2026-09-17,BRISA,71.5,75,71,75,340892,borsapy_fallback_from_yahoo,acilis,2026-09-21T07:36:30Z
2026-09-17,BRKO,9.24,9.24,9.24,9.24,908202,borsapy_fallback_from_yahoo,acilis,2026-09-21T07:36:30Z
2026-09-17,BRKSN,7.4,7.55,7.17,7.2,233775,borsapy_fallback_from_yahoo,acilis,2026-09-21T07:36:30Z
2026-09-17,BRKVY,73.95,75.85,67.9,67.9,446556,borsapy_fallback_from_yahoo,acilis,2026-09-21T07:36:30Z
2026-09-17,BRLSM,15.03,15.7,14.55,15.13,8518661,borsapy_fallback_from_yahoo,acilis,2026-09-21T07:36:30Z
2026-09-17,BRMEN,9.1,10,9.1,9.8,2836774,borsapy_fallback_from_yahoo,acilis,2026-09-21T07:36:30Z
2026-09-17,BRSAN,637.5,669.5,621.5,666,3162896,borsapy_fallback_from_yahoo,acilis,2026-09-21T07:36:30Z
2026-09-17,BRYAT,1599,1638,1559,1616,82367,borsapy_fallback_from_yahoo,acilis,2026-09-21T07:36:30Z
2026-09-17,BSOKE,17.9,18.2,15.9,15.9,6716740,borsapy_fallback_from_yahoo,acilis,2026-09-21T07:36:30Z
2026-09-17,BTCIM,3.3,3.43,3.03,3.11,231240546,borsapy_fallback_from_yahoo,acilis,2026-09-21T07:36:30Z
2026-09-17,BUCIM,5.26,5.46,5.26,5.36,3694093,borsapy_fallback_from_yahoo,acilis,2026-09-21T07:36:30Z
2026-09-17,BULGS,24.12,25.68,23.4,23.4,2741604,borsapy_fallback_from_yahoo,acilis,2026-09-21T07:36:30Z
2026-09-17,BURCE,27.34,31,27.34,29.58,2660965,borsapy_fallback_from_yahoo,acilis,2026-09-21T07:36:30Z
2026-09-17,BURVA,609.5,690,567,607.5,84637,borsapy_fallback_from_yahoo,acilis,2026-09-21T07:36:30Z
2026-09-17,BVSAN,98,105.6,97.15,97.15,1376223,borsapy_fallback_from_yahoo,acilis,2026-09-21T07:36:30Z
2026-09-17,BYDNR,31.08,32.18,27.98,27.98,1793627,borsapy_fallback_from_yahoo,acilis,2026-09-21T07:36:30Z
2026-09-17,CANTE,1.35,1.36,1.24,1.25,635710760,borsapy_fallback_from_yahoo,acilis,2026-09-21T07:36:30Z
2026-09-17,CASA,62.6,62.6,59.15,61.55,19880,borsapy_fallback_from_yahoo,acilis,2026-09-21T07:36:30Z
2026-09-17,CATES,51.1,55.75,51.05,51.05,988055,borsapy_fallback_from_yahoo,acilis,2026-09-21T07:36:30Z
2026-09-17,CCOLA,75.05,80.6,75.05,80.4,8243211,borsapy_fallback_from_yahoo,acilis,2026-09-21T07:36:30Z
2026-09-17,CELHA,26.32,31,26.28,28,3693501,borsapy_fallback_from_yahoo,acilis,2026-09-21T07:36:30Z
2026-09-17,CEMAS,3.87,3.92,3.5,3.5,23737567,borsapy_fallback_from_yahoo,acilis,2026-09-21T07:36:30Z
2026-09-17,CEMTS,8.08,8.3,7.98,8.15,1903868,borsapy_fallback_from_yahoo,acilis,2026-09-21T07:36:30Z
2026-09-17,CEMZY,13.12,13.84,12.79,12.79,17891076,borsapy_fallback_from_yahoo,acilis,2026-09-21T07:36:30Z
2026-09-17,CEOEM,29.98,32.1,27.92,32,5585328,borsapy_fallback_from_yahoo,acilis,2026-09-21T07:36:30Z
2026-09-17,CGCAM,26.34,28.2,24.98,25.06,4051773,borsapy_fallback_from_yahoo,acilis,2026-09-21T07:36:30Z
2026-09-17,CIMSA,40.76,42.3,40.28,42.1,12432189,borsapy_fallback_from_yahoo,acilis,2026-09-21T07:36:30Z
2026-09-17,CITAS,128.8,128.8,128.8,128.8,102779,borsapy_fallback_from_yahoo,acilis,2026-09-21T07:36:30Z
2026-09-17,CLEBI,1370,1426,1359,1417,37118,borsapy_fallback_from_yahoo,acilis,2026-09-21T07:36:30Z
2026-09-17,CMBTN,1540,1540,1479,1520,17671,borsapy_fallback_from_yahoo,acilis,2026-09-21T07:36:30Z
2026-09-17,CMENT,222,241.1,222,241.1,6407,borsapy_fallback_from_yahoo,acilis,2026-09-21T07:36:30Z
2026-09-17,CONSE,2.01,2.07,1.97,1.99,7457894,borsapy_fallback_from_yahoo,acilis,2026-09-21T07:36:30Z
2026-09-17,COSMO,107.1,113,105.9,108.8,36616,borsapy_fallback_from_yahoo,acilis,2026-09-21T07:36:30Z
2026-09-17,CRDFA,18.71,18.71,18.71,18.71,451369,borsapy_fallback_from_yahoo,acilis,2026-09-21T07:36:30Z
2026-09-17,CRFSA,215,249.9,215,248.9,2168407,borsapy_fallback_from_yahoo,acilis,2026-09-21T07:36:30Z
2026-09-17,CUSAN,22.9,23.34,22.08,22.52,663341,borsapy_fallback_from_yahoo,acilis,2026-09-21T07:36:30Z
2026-09-17,CVKMD,13.41,14.36,13.25,14.15,46111466,borsapy_fallback_from_yahoo,acilis,2026-09-21T07:36:30Z
2026-09-17,CWENE,25.8,26.64,24.42,24.42,36575811,borsapy_fallback_from_yahoo,acilis,2026-09-21T07:36:30Z
2026-09-17,DAGI,7.88,8.6,7.47,7.47,9158017,borsapy_fallback_from_yahoo,acilis,2026-09-21T07:36:30Z
2026-09-17,DAPGM,6.16,6.16,6.16,6.16,9380224,borsapy_fallback_from_yahoo,acilis,2026-09-21T07:36:30Z
2026-09-17,DARDL,1.38,1.41,1.35,1.36,27491595,borsapy_fallback_from_yahoo,acilis,2026-09-21T07:36:30Z
2026-09-17,DCTTR,5.21,5.81,4.77,4.77,21646781,borsapy_fallback_from_yahoo,acilis,2026-09-21T07:36:30Z
2026-09-17,DENGE,2.3,2.35,2.21,2.26,24300996,borsapy_fallback_from_yahoo,acilis,2026-09-21T07:36:30Z
2026-09-17,DERHL,1.97,1.97,1.78,1.82,24083720,borsapy_fallback_from_yahoo,acilis,2026-09-21T07:36:30Z
2026-09-17,DERIM,31.5,35.08,31.44,31.44,447816,borsapy_fallback_from_yahoo,acilis,2026-09-21T07:36:30Z
2026-09-17,DESA,8.89,9.29,8.79,9.05,2557496,borsapy_fallback_from_yahoo,acilis,2026-09-21T07:36:30Z
2026-09-17,DESPC,36,39.28,35.62,36.04,1100377,borsapy_fallback_from_yahoo,acilis,2026-09-21T07:36:30Z
2026-09-17,DEVA,94.05,99.9,93.1,99.9,670103,borsapy_fallback_from_yahoo,acilis,2026-09-21T07:36:30Z
2026-09-17,DGATE,78.1,82.45,74.6,79.7,549075,borsapy_fallback_from_yahoo,acilis,2026-09-21T07:36:30Z
2026-09-17,DGGYO,31.22,32.16,28.34,30.52,355712,borsapy_fallback_from_yahoo,acilis,2026-09-21T07:36:30Z
2026-09-17,DGNMO,6.05,6.05,5.5,5.74,3866135,borsapy_fallback_from_yahoo,acilis,2026-09-21T07:36:30Z
2026-09-17,DIRIT,25.5,25.5,21.9,23.68,62671,borsapy_fallback_from_yahoo,acilis,2026-09-21T07:36:30Z
2026-09-17,DITAS,13.8,14.74,13.56,13.56,2138235,borsapy_fallback_from_yahoo,acilis,2026-09-21T07:36:30Z
2026-09-17,DMLKT,6.95,7.02,6.87,7.02,8124121,borsapy_fallback_from_yahoo,acilis,2026-09-21T07:36:30Z
2026-09-17,DMRGD,10.54,11.88,10.28,11.88,240754010,borsapy_fallback_from_yahoo,acilis,2026-09-21T07:36:30Z
2026-09-17,DMSAS,7.21,7.58,6.75,6.75,5532967,borsapy_fallback_from_yahoo,acilis,2026-09-21T07:36:30Z
2026-09-17,DNISI,4.49,4.56,4.36,4.46,4116149,borsapy_fallback_from_yahoo,acilis,2026-09-21T07:36:30Z
2026-09-17,DOAS,155,158.1,153.3,156.9,1035232,borsapy_fallback_from_yahoo,acilis,2026-09-21T07:36:30Z
2026-09-17,DOCO,10747.5,10882.5,10450,10600,10297,borsapy_fallback_from_yahoo,acilis,2026-09-21T07:36:30Z
2026-09-17,DOFER,24.8,25.5,24.38,24.66,474810,borsapy_fallback_from_yahoo,acilis,2026-09-21T07:36:30Z
2026-09-17,DOFRB,93.5,94.9,88.6,88.6,4053731,borsapy_fallback_from_yahoo,acilis,2026-09-21T07:36:30Z
2026-09-17,DOGUB,50,50,48.34,48.34,221752,borsapy_fallback_from_yahoo,acilis,2026-09-21T07:36:30Z
2026-09-17,DOHOL,20.22,21.18,20.22,20.86,13848017,borsapy_fallback_from_yahoo,acilis,2026-09-21T07:36:30Z
2026-09-17,DOKTA,20.94,22.44,20.86,21.24,340413,borsapy_fallback_from_yahoo,acilis,2026-09-21T07:36:30Z
2026-09-17,DSTKF,2204,2204,2204,2204,6675,borsapy_fallback_from_yahoo,acilis,2026-09-21T07:36:30Z
2026-09-17,DUNYH,85,92,83.7,83.7,432703,borsapy_fallback_from_yahoo,acilis,2026-09-21T07:36:30Z
2026-09-17,DURDO,4.97,5.15,4.91,4.98,3386556,borsapy_fallback_from_yahoo,acilis,2026-09-21T07:36:30Z
2026-09-17,DURKN,17.05,17.27,15.9,16.1,3324586,borsapy_fallback_from_yahoo,acilis,2026-09-21T07:36:30Z
2026-09-17,DYOBY,12.3,12.55,12.06,12.21,1997464,borsapy_fallback_from_yahoo,acilis,2026-09-21T07:36:30Z
2026-09-17,DZGYO,7.29,7.46,7.04,7.15,5811048,borsapy_fallback_from_yahoo,acilis,2026-09-21T07:36:30Z
2026-09-17,EBEBK,79.15,82.75,78.85,82.75,738387,borsapy_fallback_from_yahoo,acilis,2026-09-21T07:36:30Z
2026-09-17,ECILC,60.3,64.5,59.9,64.3,7297580,borsapy_fallback_from_yahoo,acilis,2026-09-21T07:36:30Z
2026-09-17,ECOGR,34.94,36.4,34.62,35.2,2772697,borsapy_fallback_from_yahoo,acilis,2026-09-21T07:36:30Z
2026-09-17,ECZYT,264.5,267.5,257,261,663177,borsapy_fallback_from_yahoo,acilis,2026-09-21T07:36:30Z
2026-09-17,EDATA,15.3,15.3,13.84,13.84,6570880,borsapy_fallback_from_yahoo,acilis,2026-09-21T07:36:30Z
2026-09-17,EDIP,33.58,34.58,33.24,34,619382,borsapy_fallback_from_yahoo,acilis,2026-09-21T07:36:30Z
2026-09-17,EFOR,19.6,20.46,17.91,18.19,108990809,borsapy_fallback_from_yahoo,acilis,2026-09-21T07:36:30Z
2026-09-17,EGEEN,6010,6055,5800,5815,34034,borsapy_fallback_from_yahoo,acilis,2026-09-21T07:36:30Z
2026-09-17,EGEGY,18.13,18.13,18.13,18.13,1312160,borsapy_fallback_from_yahoo,acilis,2026-09-21T07:36:30Z
2026-09-17,EGEPO,8.23,8.33,7.44,7.87,6593349,borsapy_fallback_from_yahoo,acilis,2026-09-21T07:36:30Z
2026-09-17,EGGUB,100.2,103.8,99,102.4,500763,borsapy_fallback_from_yahoo,acilis,2026-09-21T07:36:30Z
2026-09-17,EGPRO,34.82,37.2,34.66,36.46,1716502,borsapy_fallback_from_yahoo,acilis,2026-09-21T07:36:30Z
2026-09-17,EGSER,2.78,2.9,2.75,2.79,2390876,borsapy_fallback_from_yahoo,acilis,2026-09-21T07:36:30Z
2026-09-17,EKDMR,39.18,40.2,37.98,40.12,8241495,borsapy_fallback_from_yahoo,acilis,2026-09-21T07:36:30Z
2026-09-17,EKGYO,18.5,19.49,18.15,19.24,232089875,borsapy_fallback_from_yahoo,acilis,2026-09-21T07:36:30Z
2026-09-17,EKIM,16.1,17.8,15.63,16.99,11334909,borsapy_fallback_from_yahoo,acilis,2026-09-21T07:36:30Z
2026-09-17,EKIZ,57,57,51.2,51.2,13099,borsapy_fallback_from_yahoo,acilis,2026-09-21T07:36:30Z
2026-09-17,EKOS,4,4.33,3.9,4.06,11106430,borsapy_fallback_from_yahoo,acilis,2026-09-21T07:36:30Z
2026-09-17,EKSUN,4.95,5.1,4.89,4.94,3837045,borsapy_fallback_from_yahoo,acilis,2026-09-21T07:36:30Z
2026-09-17,ELITE,22.52,23.28,22.28,22.94,1037096,borsapy_fallback_from_yahoo,acilis,2026-09-21T07:36:30Z
2026-09-17,EMKEL,11.36,11.4,10.28,10.59,5043995,borsapy_fallback_from_yahoo,acilis,2026-09-21T07:36:30Z
2026-09-17,EMNIS,148.9,148.9,145,145,5377,borsapy_fallback_from_yahoo,acilis,2026-09-21T07:36:30Z
2026-09-17,EMPAE,54.5,55.65,52.5,53.05,4686210,borsapy_fallback_from_yahoo,acilis,2026-09-21T07:36:30Z
2026-09-17,ENDAE,15.5,15.89,15.09,15.65,4263276,borsapy_fallback_from_yahoo,acilis,2026-09-21T07:36:30Z
2026-09-17,ENERY,11.76,12.75,10.89,12.66,149440571,borsapy_fallback_from_yahoo,acilis,2026-09-21T07:36:30Z
2026-09-17,ENJSA,107.1,112.1,105,111.5,5954715,borsapy_fallback_from_yahoo,acilis,2026-09-21T07:36:30Z
2026-09-17,ENKAI,82,86.85,81.25,85.75,16255560,borsapy_fallback_from_yahoo,acilis,2026-09-21T07:36:30Z
2026-09-17,ENPRA,48.9,49.02,48.9,49.02,92646,borsapy_fallback_from_yahoo,acilis,2026-09-21T07:36:30Z
2026-09-17,ENSRI,3.89,3.9,3.7,3.75,12010749,borsapy_fallback_from_yahoo,acilis,2026-09-21T07:36:30Z
2026-09-17,ENTRA,3.8,4.04,3.76,4.03,31276609,borsapy_fallback_from_yahoo,acilis,2026-09-21T07:36:30Z
2026-09-17,EPLAS,5.88,6.05,5.59,5.93,10707268,borsapy_fallback_from_yahoo,acilis,2026-09-21T07:36:30Z
2026-09-17,ERBOS,139.9,146,135.9,138.8,71365,borsapy_fallback_from_yahoo,acilis,2026-09-21T07:36:30Z
2026-09-17,ERCB,40.8,41.66,39.48,39.88,761863,borsapy_fallback_from_yahoo,acilis,2026-09-21T07:36:30Z
2026-09-17,EREGL,34.68,36.92,34.62,36.14,312019310,borsapy_fallback_from_yahoo,acilis,2026-09-21T07:36:30Z
2026-09-17,ERSU,19.03,19.92,18.62,19.4,579026,borsapy_fallback_from_yahoo,acilis,2026-09-21T07:36:30Z
2026-09-17,ESCAR,39.9,41.64,37.34,37.34,2537506,borsapy_fallback_from_yahoo,acilis,2026-09-21T07:36:30Z
2026-09-17,ESCOM,4.5,4.84,4.5,4.76,13821517,borsapy_fallback_from_yahoo,acilis,2026-09-21T07:36:30Z
2026-09-17,ESEN,3.19,3.23,3.06,3.09,41261219,borsapy_fallback_from_yahoo,acilis,2026-09-21T07:36:30Z
2026-09-17,ETILR,5.9,6.17,5.65,5.75,7840456,borsapy_fallback_from_yahoo,acilis,2026-09-21T07:36:30Z
2026-09-17,ETYAT,10.42,12.07,10.37,10.37,1029395,borsapy_fallback_from_yahoo,acilis,2026-09-21T07:36:30Z
2026-09-17,EUHOL,9,9,7.88,7.88,1226113,borsapy_fallback_from_yahoo,acilis,2026-09-21T07:36:30Z
2026-09-17,EUKYO,14.11,14.2,13.45,13.9,972093,borsapy_fallback_from_yahoo,acilis,2026-09-21T07:36:30Z
2026-09-17,EUPWR,56.7,61.15,56.7,56.7,37027412,borsapy_fallback_from_yahoo,acilis,2026-09-21T07:36:30Z
2026-09-17,EUREN,3.53,3.57,3.35,3.38,33162372,borsapy_fallback_from_yahoo,acilis,2026-09-21T07:36:30Z
2026-09-17,EUYO,4.49,4.52,4.13,4.27,1285067,borsapy_fallback_from_yahoo,acilis,2026-09-21T07:36:30Z
2026-09-17,EYGYO,2.24,2.36,2.24,2.26,8550894,borsapy_fallback_from_yahoo,acilis,2026-09-21T07:36:30Z
2026-09-17,FADE,13.64,13.87,13.22,13.5,2111133,borsapy_fallback_from_yahoo,acilis,2026-09-21T07:36:30Z
2026-09-17,FENER,2.58,2.65,2.55,2.63,136533682,borsapy_fallback_from_yahoo,acilis,2026-09-21T07:36:30Z
2026-09-17,FLAP,11.11,11.89,11.11,11.4,1263815,borsapy_fallback_from_yahoo,acilis,2026-09-21T07:36:30Z
2026-09-17,FMIZP,276.25,284.5,274,284.5,77482,borsapy_fallback_from_yahoo,acilis,2026-09-21T07:36:30Z
2026-09-17,FONET,4.09,4.22,3.93,4.04,18388502,borsapy_fallback_from_yahoo,acilis,2026-09-21T07:36:30Z
2026-09-17,FORMT,1.3,1.32,1.25,1.26,27081907,borsapy_fallback_from_yahoo,acilis,2026-09-21T07:36:30Z
2026-09-17,FORTE,101.2,112.2,98.45,100.3,1740855,borsapy_fallback_from_yahoo,acilis,2026-09-21T07:36:30Z
2026-09-17,FRIGO,2.21,2.28,2.01,2.01,39555992,borsapy_fallback_from_yahoo,acilis,2026-09-21T07:36:30Z
2026-09-17,FRMPL,26,28.44,26,27.24,2522892,borsapy_fallback_from_yahoo,acilis,2026-09-21T07:36:30Z
2026-09-17,FROTO,74.7,78.25,74.15,77.45,41861278,borsapy_fallback_from_yahoo,acilis,2026-09-21T07:36:30Z
2026-09-17,FZLGY,8.97,9.24,8.55,9.19,16070044,borsapy_fallback_from_yahoo,acilis,2026-09-21T07:36:30Z
2026-09-17,GARAN,120.9,132.9,120.9,132.5,66570738,borsapy_fallback_from_yahoo,acilis,2026-09-21T07:36:30Z
2026-09-17,GARFA,25,25.9,24.62,25.68,1151743,borsapy_fallback_from_yahoo,acilis,2026-09-21T07:36:30Z
2026-09-17,GATEG,242.4,242.4,242.4,242.4,13835,borsapy_fallback_from_yahoo,acilis,2026-09-21T07:36:30Z
2026-09-17,GEDIK,4.78,5.27,4.78,4.99,7517082,borsapy_fallback_from_yahoo,acilis,2026-09-21T07:36:30Z
2026-09-17,GEDZA,24.64,25.5,24.64,25.08,531788,borsapy_fallback_from_yahoo,acilis,2026-09-21T07:36:30Z
2026-09-17,GENIL,9,9.63,9,9,60677592,borsapy_fallback_from_yahoo,acilis,2026-09-21T07:36:30Z
2026-09-17,GENKM,10.1,10.27,9.21,9.21,18289078,borsapy_fallback_from_yahoo,acilis,2026-09-21T07:36:30Z
2026-09-17,GENTS,4.71,4.79,4.5,4.71,4784358,borsapy_fallback_from_yahoo,acilis,2026-09-21T07:36:30Z
2026-09-17,GEREL,26.72,30.14,26.72,29.5,10261054,borsapy_fallback_from_yahoo,acilis,2026-09-21T07:36:30Z
2026-09-17,GESAN,48.06,48.06,48.06,48.06,6706474,borsapy_fallback_from_yahoo,acilis,2026-09-21T07:36:30Z
2026-09-17,GIPTA,55.55,55.55,55.55,55.55,554394,borsapy_fallback_from_yahoo,acilis,2026-09-21T07:36:30Z
2026-09-17,GLBMD,10.98,11.21,10.3,10.3,209322,borsapy_fallback_from_yahoo,acilis,2026-09-21T07:36:30Z
2026-09-17,GLCVY,46.6,48.94,46.6,48.1,763315,borsapy_fallback_from_yahoo,acilis,2026-09-21T07:36:30Z
2026-09-17,GLRMK,150,157.9,137.7,137.7,9694941,borsapy_fallback_from_yahoo,acilis,2026-09-21T07:36:30Z
2026-09-17,GLRYH,2.63,2.7,2.42,2.42,27706953,borsapy_fallback_from_yahoo,acilis,2026-09-21T07:36:30Z
2026-09-17,GLYHO,15.17,15.85,14.99,15.75,6869088,borsapy_fallback_from_yahoo,acilis,2026-09-21T07:36:30Z
2026-09-17,GMTAS,44.12,45.16,42.68,43.98,3782450,borsapy_fallback_from_yahoo,acilis,2026-09-21T07:36:30Z
2026-09-17,GOKNR,16.65,17.97,16.5,17.8,5639035,borsapy_fallback_from_yahoo,acilis,2026-09-21T07:36:30Z
2026-09-17,GOLDA,11.66,11.8,10.6,10.71,21218840,borsapy_fallback_from_yahoo,acilis,2026-09-21T07:36:30Z
2026-09-17,GOLTS,279,283,267.75,279,109032,borsapy_fallback_from_yahoo,acilis,2026-09-21T07:36:30Z
2026-09-17,GOODY,2.53,2.54,2.45,2.5,13622613,borsapy_fallback_from_yahoo,acilis,2026-09-21T07:36:30Z
2026-09-17,GOZDE,21.12,21.78,21.02,21.32,1013411,borsapy_fallback_from_yahoo,acilis,2026-09-21T07:36:30Z
2026-09-17,GRNYO,10.7,11.77,10.54,11.01,1096509,borsapy_fallback_from_yahoo,acilis,2026-09-21T07:36:30Z
2026-09-17,GRSEL,280,294,272.5,276,558299,borsapy_fallback_from_yahoo,acilis,2026-09-21T07:36:30Z
2026-09-17,GRTHO,178.5,188,178.5,178.5,652728,borsapy_fallback_from_yahoo,acilis,2026-09-21T07:36:30Z
2026-09-17,GSDDE,12.9,13.5,12.55,13.48,6309534,borsapy_fallback_from_yahoo,acilis,2026-09-21T07:36:30Z
2026-09-17,GSDHO,4.05,4.44,4.05,4.32,15709657,borsapy_fallback_from_yahoo,acilis,2026-09-21T07:36:30Z
2026-09-17,GSRAY,0.97,0.98,0.95,0.97,268770310,borsapy_fallback_from_yahoo,acilis,2026-09-21T07:36:30Z
2026-09-17,GUBRF,387.75,436.25,379,429.25,10959024,borsapy_fallback_from_yahoo,acilis,2026-09-21T07:36:30Z
2026-09-17,GUNDG,594.5,594.5,594.5,594.5,2458,borsapy_fallback_from_yahoo,acilis,2026-09-21T07:36:30Z
2026-09-17,GWIND,21,21.66,20.98,21.5,3005830,borsapy_fallback_from_yahoo,acilis,2026-09-21T07:36:30Z
2026-09-17,GZNMI,38.7,42.98,38.7,39.98,1602278,borsapy_fallback_from_yahoo,acilis,2026-09-21T07:36:30Z
2026-09-17,HALKB,47,49.92,46.64,47.8,111638694,borsapy_fallback_from_yahoo,acilis,2026-09-21T07:36:30Z
2026-09-17,HATEK,11.8,12.15,11.52,11.64,1485993,borsapy_fallback_from_yahoo,acilis,2026-09-21T07:36:30Z
2026-09-17,HATSN,48.66,51.1,48.66,48.66,4712599,borsapy_fallback_from_yahoo,acilis,2026-09-21T07:36:30Z
2026-09-17,HDFGS,1.69,1.69,1.69,1.69,5700234,borsapy_fallback_from_yahoo,acilis,2026-09-21T07:36:30Z
2026-09-17,HEDEF,21.5,21.5,21.5,21.5,509825,borsapy_fallback_from_yahoo,acilis,2026-09-21T07:36:30Z
2026-09-17,HEKTS,2.3,2.46,2.25,2.43,620645720,borsapy_fallback_from_yahoo,acilis,2026-09-21T07:36:30Z
2026-09-17,HKTM,11.85,12.04,11.54,11.79,3354217,borsapy_fallback_from_yahoo,acilis,2026-09-21T07:36:30Z
2026-09-17,HLGYO,3.99,4.4,3.98,4.14,42783295,borsapy_fallback_from_yahoo,acilis,2026-09-21T07:36:30Z
2026-09-17,HOROZ,52,52.95,46.98,47.52,1812005,borsapy_fallback_from_yahoo,acilis,2026-09-21T07:36:30Z
2026-09-17,HRKET,81.7,90.2,79.6,89.5,4038370,borsapy_fallback_from_yahoo,acilis,2026-09-21T07:36:30Z
2026-09-17,HTTBT,31.28,32.82,30.8,32.7,1177664,borsapy_fallback_from_yahoo,acilis,2026-09-21T07:36:30Z
2026-09-17,HUBVC,1.83,2.08,1.83,2.01,5238273,borsapy_fallback_from_yahoo,acilis,2026-09-21T07:36:30Z
2026-09-17,HUNER,3.9,4.03,3.71,4.02,123494630,borsapy_fallback_from_yahoo,acilis,2026-09-21T07:36:30Z
2026-09-17,HURGZ,7.68,7.68,6.96,7.35,11259931,borsapy_fallback_from_yahoo,acilis,2026-09-21T07:36:30Z
2026-09-17,ICBCT,17.33,19,16.97,17.78,2214782,borsapy_fallback_from_yahoo,acilis,2026-09-21T07:36:30Z
2026-09-17,ICUGS,2.88,3.22,2.88,2.88,26589189,borsapy_fallback_from_yahoo,acilis,2026-09-21T07:36:30Z
2026-09-17,IDGYO,2.45,2.56,2.33,2.46,1771781,borsapy_fallback_from_yahoo,acilis,2026-09-21T07:36:30Z
2026-09-17,IEYHO,186.3,186.3,186.3,186.3,34585,borsapy_fallback_from_yahoo,acilis,2026-09-21T07:36:30Z
2026-09-17,IHAAS,45.1,45.6,42.62,42.62,481240,borsapy_fallback_from_yahoo,acilis,2026-09-21T07:36:30Z
2026-09-17,IHEVA,1.83,1.88,1.79,1.83,966139,borsapy_fallback_from_yahoo,acilis,2026-09-21T07:36:30Z
2026-09-17,IHGZT,1.14,1.15,1.11,1.12,12951644,borsapy_fallback_from_yahoo,acilis,2026-09-21T07:36:30Z
2026-09-17,IHLAS,1.02,1.05,1.01,1.03,203194383,borsapy_fallback_from_yahoo,acilis,2026-09-21T07:36:30Z
2026-09-17,IHLGM,1.51,1.53,1.47,1.49,16335753,borsapy_fallback_from_yahoo,acilis,2026-09-21T07:36:30Z
2026-09-17,IHYAY,1.13,1.19,1.13,1.17,3080434,borsapy_fallback_from_yahoo,acilis,2026-09-21T07:36:30Z
2026-09-17,IMASM,2.09,2.12,2.03,2.04,18801486,borsapy_fallback_from_yahoo,acilis,2026-09-21T07:36:30Z
2026-09-17,INDES,10.35,10.97,10.34,10.82,12617516,borsapy_fallback_from_yahoo,acilis,2026-09-21T07:36:30Z
2026-09-17,INFO,1.97,1.97,1.97,1.97,10919776,borsapy_fallback_from_yahoo,acilis,2026-09-21T07:36:30Z
2026-09-17,INGRM,345.75,351.5,336.25,342.5,39301,borsapy_fallback_from_yahoo,acilis,2026-09-21T07:36:30Z
2026-09-17,INTEK,205.5,205.5,186.3,197.3,13754,borsapy_fallback_from_yahoo,acilis,2026-09-21T07:36:30Z
2026-09-17,INTEM,221,224.9,213.6,224,68479,borsapy_fallback_from_yahoo,acilis,2026-09-21T07:36:30Z
2026-09-17,INTET,47.12,50,46.18,47.72,17185584,borsapy_fallback_from_yahoo,acilis,2026-09-21T07:36:30Z
2026-09-17,INVEO,5.77,6.37,5.77,6.15,6179123,borsapy_fallback_from_yahoo,acilis,2026-09-21T07:36:30Z
2026-09-17,INVES,770,782.5,703,782,88913,borsapy_fallback_from_yahoo,acilis,2026-09-21T07:36:30Z
2026-09-17,ISBIR,67.9,68.3,67.9,68.3,27315,borsapy_fallback_from_yahoo,acilis,2026-09-21T07:36:30Z
2026-09-17,ISBTR,484397.5,484397.5,483997.5,483997.5,3,borsapy_fallback_from_yahoo,acilis,2026-09-21T07:36:30Z
2026-09-17,ISCTR,12.22,13.44,12.18,13.37,1116699820,borsapy_fallback_from_yahoo,acilis,2026-09-21T07:36:30Z
2026-09-17,ISDMR,57.3,62.75,56.05,62.1,3990757,borsapy_fallback_from_yahoo,acilis,2026-09-21T07:36:30Z
2026-09-17,ISFIN,17.52,18.57,17.52,18.48,1868348,borsapy_fallback_from_yahoo,acilis,2026-09-21T07:36:30Z
2026-09-17,ISGYO,21.5,23.98,21.5,23.4,2262047,borsapy_fallback_from_yahoo,acilis,2026-09-21T07:36:30Z
2026-09-17,ISKPL,5.26,5.55,5.26,5.26,27212810,borsapy_fallback_from_yahoo,acilis,2026-09-21T07:36:30Z
2026-09-17,ISMEN,32.84,35.36,32.56,34.72,10341765,borsapy_fallback_from_yahoo,acilis,2026-09-21T07:36:30Z
2026-09-17,ISSEN,6.57,6.6,6.25,6.38,879310,borsapy_fallback_from_yahoo,acilis,2026-09-21T07:36:30Z
2026-09-17,ISVEA,78.7,78.7,78.7,78.7,47578,borsapy_fallback_from_yahoo,acilis,2026-09-21T07:36:30Z
2026-09-17,IZENR,5.45,5.69,5.35,5.35,43945401,borsapy_fallback_from_yahoo,acilis,2026-09-21T07:36:30Z
2026-09-17,IZFAS,41.32,41.32,41.32,41.32,442227,borsapy_fallback_from_yahoo,acilis,2026-09-21T07:36:30Z
2026-09-17,IZINV,42,44.26,40.14,40.42,623466,borsapy_fallback_from_yahoo,acilis,2026-09-21T07:36:30Z
2026-09-17,IZMDC,8.92,8.93,8.03,8.1,17524583,borsapy_fallback_from_yahoo,acilis,2026-09-21T07:36:30Z
2026-09-17,JANTS,15.24,15.48,15.01,15.48,2485619,borsapy_fallback_from_yahoo,acilis,2026-09-21T07:36:30Z
2026-09-17,KAPLM,272,305.5,271.5,271.5,222205,borsapy_fallback_from_yahoo,acilis,2026-09-21T07:36:30Z
2026-09-17,KARCL,188.8,188.8,188.8,188.8,74779,borsapy_fallback_from_yahoo,acilis,2026-09-21T07:36:30Z
2026-09-17,KAREL,7,7.07,6.58,6.7,11755006,borsapy_fallback_from_yahoo,acilis,2026-09-21T07:36:30Z
2026-09-17,KARSN,10.53,11.08,10.53,10.53,36747645,borsapy_fallback_from_yahoo,acilis,2026-09-21T07:36:30Z
2026-09-17,KARTN,137.8,148.8,127.3,133.9,1528065,borsapy_fallback_from_yahoo,acilis,2026-09-21T07:36:30Z
2026-09-17,KATMR,1.71,1.74,1.65,1.68,99106691,borsapy_fallback_from_yahoo,acilis,2026-09-21T07:36:30Z
2026-09-17,KAYSE,3.73,3.79,3.59,3.69,8642245,borsapy_fallback_from_yahoo,acilis,2026-09-21T07:36:30Z
2026-09-17,KBORU,14.7,15.01,13.7,14.14,12029494,borsapy_fallback_from_yahoo,acilis,2026-09-21T07:36:30Z
2026-09-17,KCAER,12,12.31,11.7,12.06,15193639,borsapy_fallback_from_yahoo,acilis,2026-09-21T07:36:30Z
2026-09-17,KCHOL,206.3,220.6,206,218.7,53633479,borsapy_fallback_from_yahoo,acilis,2026-09-21T07:36:30Z
2026-09-17,KENT,325,325,319,320.5,5869,borsapy_fallback_from_yahoo,acilis,2026-09-21T07:36:30Z
2026-09-17,KERVN,6.97,7.18,6.97,7.18,5624458,borsapy_fallback_from_yahoo,acilis,2026-09-21T07:36:30Z
2026-09-17,KFEIN,7.23,7.61,6.77,6.9,5061147,borsapy_fallback_from_yahoo,acilis,2026-09-21T07:36:30Z
2026-09-17,KGYO,11.85,12.34,10.7,11.38,35236501,borsapy_fallback_from_yahoo,acilis,2026-09-21T07:36:30Z
2026-09-17,KIMMR,11.7,12.33,11.66,11.93,1880176,borsapy_fallback_from_yahoo,acilis,2026-09-21T07:36:30Z
2026-09-17,KLGYO,3.98,4.19,3.9,4,13333863,borsapy_fallback_from_yahoo,acilis,2026-09-21T07:36:30Z
2026-09-17,KLKIM,24.04,24.82,23.76,24.12,2284421,borsapy_fallback_from_yahoo,acilis,2026-09-21T07:36:30Z
2026-09-17,KLMSN,24.92,25.94,24.6,25.18,880966,borsapy_fallback_from_yahoo,acilis,2026-09-21T07:36:30Z
2026-09-17,KLNMA,8.6,8.76,8.6,8.76,171742,borsapy_fallback_from_yahoo,acilis,2026-09-21T07:36:30Z
2026-09-17,KLRHO,52.25,52.25,47.04,47.04,3395582,borsapy_fallback_from_yahoo,acilis,2026-09-21T07:36:30Z
2026-09-17,KLSER,21.3,21.74,21.12,21.38,1240546,borsapy_fallback_from_yahoo,acilis,2026-09-21T07:36:30Z
2026-09-17,KLSYN,13.04,14.7,12.96,13.6,4220154,borsapy_fallback_from_yahoo,acilis,2026-09-21T07:36:30Z
2026-09-17,KLYPV,56.9,59.4,55.95,58.7,2826445,borsapy_fallback_from_yahoo,acilis,2026-09-21T07:36:30Z
2026-09-17,KMPUR,17.05,18.47,16.42,16.42,1962247,borsapy_fallback_from_yahoo,acilis,2026-09-21T07:36:30Z
2026-09-17,KNFRT,11.85,12.4,11.44,12.27,5383984,borsapy_fallback_from_yahoo,acilis,2026-09-21T07:36:30Z
2026-09-17,KOCMT,3.42,3.58,3.42,3.42,69938750,borsapy_fallback_from_yahoo,acilis,2026-09-21T07:36:30Z
2026-09-17,KONKA,8.47,8.56,8.17,8.33,2541680,borsapy_fallback_from_yahoo,acilis,2026-09-21T07:36:30Z
2026-09-17,KONTR,3.15,3.15,3.15,3.15,4133145,borsapy_fallback_from_yahoo,acilis,2026-09-21T07:36:30Z
2026-09-17,KONYA,4017.5,4067.5,3912.5,3977.5,19096,borsapy_fallback_from_yahoo,acilis,2026-09-21T07:36:30Z
2026-09-17,KOPOL,4.38,4.66,4.14,4.14,18313699,borsapy_fallback_from_yahoo,acilis,2026-09-21T07:36:30Z
2026-09-17,KORDS,3.04,3.49,3.04,3.38,144242916,borsapy_fallback_from_yahoo,acilis,2026-09-21T07:36:30Z
2026-09-17,KOTON,11.45,11.73,11.26,11.49,2759816,borsapy_fallback_from_yahoo,acilis,2026-09-21T07:36:30Z
2026-09-17,KPEKS,95,95.5,85.05,85.05,3714229,borsapy_fallback_from_yahoo,acilis,2026-09-21T07:36:30Z
2026-09-17,KRDMA,43.5,46.64,42.5,46.2,9108522,borsapy_fallback_from_yahoo,acilis,2026-09-21T07:36:30Z
2026-09-17,KRDMB,76.95,94.05,76.95,94.05,4656966,borsapy_fallback_from_yahoo,acilis,2026-09-21T07:36:30Z
2026-09-17,KRDMD,41.7,44.4,40.94,44.08,72508783,borsapy_fallback_from_yahoo,acilis,2026-09-21T07:36:30Z
2026-09-17,KRGYO,3.68,3.73,3.32,3.32,27767908,borsapy_fallback_from_yahoo,acilis,2026-09-21T07:36:30Z
2026-09-17,KRONT,19.42,20.3,18.5,19.8,1440893,borsapy_fallback_from_yahoo,acilis,2026-09-21T07:36:30Z
2026-09-17,KRPLS,11.49,12.1,11.24,11.88,5025612,borsapy_fallback_from_yahoo,acilis,2026-09-21T07:36:30Z
2026-09-17,KRSTL,7.83,8.14,7.83,8.01,3686786,borsapy_fallback_from_yahoo,acilis,2026-09-21T07:36:30Z
2026-09-17,KRTEK,5.65,6.05,5.5,5.72,458759,borsapy_fallback_from_yahoo,acilis,2026-09-21T07:36:30Z
2026-09-17,KRVGD,2.12,2.16,2.06,2.06,8896954,borsapy_fallback_from_yahoo,acilis,2026-09-21T07:36:30Z
2026-09-17,KSTUR,2063,2225,2063,2225,628,borsapy_fallback_from_yahoo,acilis,2026-09-21T07:36:30Z
2026-09-17,KTLEV,24.72,24.72,24.72,24.72,5996257,borsapy_fallback_from_yahoo,acilis,2026-09-21T07:36:30Z
2026-09-17,KTSKR,68.75,69.65,65.35,67.15,330901,borsapy_fallback_from_yahoo,acilis,2026-09-21T07:36:30Z
2026-09-17,KUTPO,76.8,77.1,75,76,161231,borsapy_fallback_from_yahoo,acilis,2026-09-21T07:36:30Z
2026-09-17,KUVVA,163,163.6,147.3,157.6,278273,borsapy_fallback_from_yahoo,acilis,2026-09-21T07:36:30Z
2026-09-17,KUYAS,56.45,56.45,56.45,56.45,759198,borsapy_fallback_from_yahoo,acilis,2026-09-21T07:36:30Z
2026-09-17,KZBGY,1.48,1.62,1.48,1.59,68476324,borsapy_fallback_from_yahoo,acilis,2026-09-21T07:36:30Z
2026-09-17,KZGYO,22.5,22.5,22.5,22.5,365383,borsapy_fallback_from_yahoo,acilis,2026-09-21T07:36:30Z
2026-09-17,LIDER,18,19.77,17.55,17.55,8421823,borsapy_fallback_from_yahoo,acilis,2026-09-21T07:36:30Z
2026-09-17,LIDFA,1.42,1.56,1.41,1.5,26437124,borsapy_fallback_from_yahoo,acilis,2026-09-21T07:36:30Z
2026-09-17,LILAK,25.5,26.3,25.34,25.9,2723413,borsapy_fallback_from_yahoo,acilis,2026-09-21T07:36:30Z
2026-09-17,LINK,4.75,4.78,4.41,4.44,28833188,borsapy_fallback_from_yahoo,acilis,2026-09-21T07:36:30Z
2026-09-17,LKMNH,12.34,13.1,12.15,13.1,3373731,borsapy_fallback_from_yahoo,acilis,2026-09-21T07:36:30Z
2026-09-17,LMKDC,20.1,22.24,19.96,22.24,10892625,borsapy_fallback_from_yahoo,acilis,2026-09-21T07:36:30Z
2026-09-17,LOGO,125.4,138.4,125.4,138.4,1087741,borsapy_fallback_from_yahoo,acilis,2026-09-21T07:36:30Z
2026-09-17,LRSHO,2.18,2.25,2.09,2.14,21646404,borsapy_fallback_from_yahoo,acilis,2026-09-21T07:36:30Z
2026-09-17,LUKSK,77.65,77.65,72.1,73.6,94828,borsapy_fallback_from_yahoo,acilis,2026-09-21T07:36:30Z
2026-09-17,LXGYO,7.2,7.86,7.14,7.16,11306020,borsapy_fallback_from_yahoo,acilis,2026-09-21T07:36:30Z
2026-09-17,LYDHO,106.2,115.6,104.5,104.5,1179176,borsapy_fallback_from_yahoo,acilis,2026-09-21T07:36:30Z
2026-09-17,LYDYE,11525,11655,10372.5,10372.5,2019,borsapy_fallback_from_yahoo,acilis,2026-09-21T07:36:30Z
2026-09-17,MAALT,990,1002,956,987,49535,borsapy_fallback_from_yahoo,acilis,2026-09-21T07:36:30Z
2026-09-17,MACKO,32.66,33.42,31.26,32.78,1117080,borsapy_fallback_from_yahoo,acilis,2026-09-21T07:36:30Z
2026-09-17,MAGEN,33.46,34.08,30.26,30.26,11857215,borsapy_fallback_from_yahoo,acilis,2026-09-21T07:36:30Z
2026-09-17,MAKIM,13.35,14.39,12.98,13.31,1628128,borsapy_fallback_from_yahoo,acilis,2026-09-21T07:36:30Z
2026-09-17,MAKTK,8.58,8.68,8.13,8.13,2585413,borsapy_fallback_from_yahoo,acilis,2026-09-21T07:36:30Z
2026-09-17,MANAS,27.1,27.1,27.1,27.1,261980,borsapy_fallback_from_yahoo,acilis,2026-09-21T07:36:30Z
2026-09-17,MARBL,11.46,11.76,11.01,11.24,1616128,borsapy_fallback_from_yahoo,acilis,2026-09-21T07:36:30Z
2026-09-17,MARMR,1.7,1.88,1.68,1.74,79104162,borsapy_fallback_from_yahoo,acilis,2026-09-21T07:36:30Z
2026-09-17,MARTI,2.47,2.47,2.47,2.47,3105157,borsapy_fallback_from_yahoo,acilis,2026-09-21T07:36:30Z
2026-09-17,MASFN,33,35.44,32.8,35.38,7983725,borsapy_fallback_from_yahoo,acilis,2026-09-21T07:36:30Z
2026-09-17,MAVI,34.94,37.72,34.7,37.72,21315505,borsapy_fallback_from_yahoo,acilis,2026-09-21T07:36:30Z
2026-09-17,MCARD,124,130.4,124,124,2832109,borsapy_fallback_from_yahoo,acilis,2026-09-21T07:36:30Z
2026-09-17,MEDTR,21.64,22.26,20.72,20.96,616363,borsapy_fallback_from_yahoo,acilis,2026-09-21T07:36:30Z
2026-09-17,MEGAP,1.57,1.57,1.5,1.52,992131,borsapy_fallback_from_yahoo,acilis,2026-09-21T07:36:30Z
2026-09-17,MEGMT,34.02,37.26,34.02,36.1,9227016,borsapy_fallback_from_yahoo,acilis,2026-09-21T07:36:30Z
2026-09-17,MEKAG,2.62,2.8,2.56,2.57,7926827,borsapy_fallback_from_yahoo,acilis,2026-09-21T07:36:30Z
2026-09-17,MEPET,18.1,19.95,17.85,17.85,384996,borsapy_fallback_from_yahoo,acilis,2026-09-21T07:36:30Z
2026-09-17,MERCN,16.84,17,15.17,15.97,9718798,borsapy_fallback_from_yahoo,acilis,2026-09-21T07:36:30Z
2026-09-17,MERIT,14.8,15.14,14.63,15.06,2169562,borsapy_fallback_from_yahoo,acilis,2026-09-21T07:36:30Z
2026-09-17,MERKO,1.1,1.12,1.08,1.09,30619045,borsapy_fallback_from_yahoo,acilis,2026-09-21T07:36:30Z
2026-09-17,METEN,16.54,17.84,15.3,17.53,59187029,borsapy_fallback_from_yahoo,acilis,2026-09-21T07:36:30Z
2026-09-17,METRO,7.49,7.7,7.08,7.12,7873488,borsapy_fallback_from_yahoo,acilis,2026-09-21T07:36:30Z
2026-09-17,MEYSU,9.63,10.08,8.97,9.05,13209044,borsapy_fallback_from_yahoo,acilis,2026-09-21T07:36:30Z
2026-09-17,MGROS,500,527,495.25,524.5,4779352,borsapy_fallback_from_yahoo,acilis,2026-09-21T07:36:30Z
2026-09-17,MHRGY,2,2.05,1.96,1.96,6123636,borsapy_fallback_from_yahoo,acilis,2026-09-21T07:36:30Z
2026-09-17,MIATK,28.1,28.1,28.1,28.1,3566439,borsapy_fallback_from_yahoo,acilis,2026-09-21T07:36:30Z
2026-09-17,MMCAS,34.12,34.12,31.5,31.5,39855,borsapy_fallback_from_yahoo,acilis,2026-09-21T07:36:30Z
2026-09-17,MNDRS,10.22,10.5,10.18,10.4,3105540,borsapy_fallback_from_yahoo,acilis,2026-09-21T07:36:30Z
2026-09-17,MNDTR,4.75,4.88,4.6,4.69,1969136,borsapy_fallback_from_yahoo,acilis,2026-09-21T07:36:30Z
2026-09-17,MOBTL,12,12.58,11.79,12,4205271,borsapy_fallback_from_yahoo,acilis,2026-09-21T07:36:30Z
2026-09-17,MOGAN,11.11,11.35,10.35,10.35,27767477,borsapy_fallback_from_yahoo,acilis,2026-09-21T07:36:30Z
2026-09-17,MOPAS,19.94,22.24,19.94,21.74,2419406,borsapy_fallback_from_yahoo,acilis,2026-09-21T07:36:30Z
2026-09-17,MPARK,412.5,455.75,411.5,435,852478,borsapy_fallback_from_yahoo,acilis,2026-09-21T07:36:30Z
2026-09-17,MRGYO,1.92,1.92,1.92,1.92,2110096,borsapy_fallback_from_yahoo,acilis,2026-09-21T07:36:30Z
2026-09-17,MRSHL,1575,1588,1530,1587,22889,borsapy_fallback_from_yahoo,acilis,2026-09-21T07:36:30Z
2026-09-17,MSGYO,5.38,5.45,5.18,5.24,1452800,borsapy_fallback_from_yahoo,acilis,2026-09-21T07:36:30Z
2026-09-17,MTRKS,24,26.04,22,24.42,2643593,borsapy_fallback_from_yahoo,acilis,2026-09-21T07:36:30Z
2026-09-17,MTRYO,8.15,8.4,7.6,7.94,240870,borsapy_fallback_from_yahoo,acilis,2026-09-21T07:36:30Z
2026-09-17,MZHLD,5.15,5.37,5.11,5.25,1034361,borsapy_fallback_from_yahoo,acilis,2026-09-21T07:36:30Z
2026-09-17,NATEN,4.83,4.93,4.5,4.71,15254339,borsapy_fallback_from_yahoo,acilis,2026-09-21T07:36:30Z
2026-09-17,NETAS,93.25,95.35,84.15,84.15,1356531,borsapy_fallback_from_yahoo,acilis,2026-09-21T07:36:30Z
2026-09-17,NETCD,92.85,101.9,92.85,96.5,4396347,borsapy_fallback_from_yahoo,acilis,2026-09-21T07:36:30Z
2026-09-17,NETGL,28.06,28.06,28.06,28.06,2138427,borsapy_fallback_from_yahoo,acilis,2026-09-21T07:36:30Z
2026-09-17,NIBAS,3.8,3.84,3.53,3.62,11887308,borsapy_fallback_from_yahoo,acilis,2026-09-21T07:36:30Z
2026-09-17,NTGAZ,10.33,10.86,10.31,10.72,5845592,borsapy_fallback_from_yahoo,acilis,2026-09-21T07:36:30Z
2026-09-17,NTHOL,37.52,39.16,37.52,38.68,2615920,borsapy_fallback_from_yahoo,acilis,2026-09-21T07:36:30Z
2026-09-17,NUGYO,8.5,8.66,8.1,8.21,2139848,borsapy_fallback_from_yahoo,acilis,2026-09-21T07:36:30Z
2026-09-17,NUHCM,197.7,213.2,197.7,209.9,50361,borsapy_fallback_from_yahoo,acilis,2026-09-21T07:36:30Z
2026-09-17,OBAMS,4.6,4.91,4.6,4.73,30489969,borsapy_fallback_from_yahoo,acilis,2026-09-21T07:36:30Z
2026-09-17,OBASE,32.52,34.48,32.52,33.28,392656,borsapy_fallback_from_yahoo,acilis,2026-09-21T07:36:30Z
2026-09-17,ODAS,6.93,7.12,6.77,7.06,67286281,borsapy_fallback_from_yahoo,acilis,2026-09-21T07:36:30Z
2026-09-17,ODINE,513.5,513.5,513.5,513.5,7549,borsapy_fallback_from_yahoo,acilis,2026-09-21T07:36:30Z
2026-09-17,OFSYM,60.45,63.9,59.25,63.4,1038351,borsapy_fallback_from_yahoo,acilis,2026-09-21T07:36:30Z
2026-09-17,ONCSM,132.3,140,128.4,128.4,607085,borsapy_fallback_from_yahoo,acilis,2026-09-21T07:36:30Z
2026-09-17,ONRYT,13.28,13.51,11.96,12.13,5519900,borsapy_fallback_from_yahoo,acilis,2026-09-21T07:36:30Z
2026-09-17,ORCAY,2.88,3.15,2.82,2.82,2824779,borsapy_fallback_from_yahoo,acilis,2026-09-21T07:36:30Z
2026-09-17,ORGE,21.6,22.48,21.4,22.36,4993950,borsapy_fallback_from_yahoo,acilis,2026-09-21T07:36:30Z
2026-09-17,ORMA,133.5,139,133.5,134.5,10302,borsapy_fallback_from_yahoo,acilis,2026-09-21T07:36:30Z
2026-09-17,ORZAX,75.2,76.2,69.75,74.6,8088163,borsapy_fallback_from_yahoo,acilis,2026-09-21T07:36:30Z
2026-09-17,OSMEN,6.4,6.4,5.8,5.95,4887197,borsapy_fallback_from_yahoo,acilis,2026-09-21T07:36:30Z
2026-09-17,OSTIM,1.5,1.52,1.43,1.48,19213623,borsapy_fallback_from_yahoo,acilis,2026-09-21T07:36:30Z
2026-09-17,OTKAR,300,307.5,294,306.5,347869,borsapy_fallback_from_yahoo,acilis,2026-09-21T07:36:30Z
2026-09-17,OTTO,111.6,117,105.1,106,326196,borsapy_fallback_from_yahoo,acilis,2026-09-21T07:36:30Z
2026-09-17,OYAKC,19.4,20.56,19.19,20.42,28225582,borsapy_fallback_from_yahoo,acilis,2026-09-21T07:36:30Z
2026-09-17,OYAYO,39,40.52,38.48,40,80012,borsapy_fallback_from_yahoo,acilis,2026-09-21T07:36:30Z
2026-09-17,OYLUM,6.57,6.69,6.29,6.44,438522,borsapy_fallback_from_yahoo,acilis,2026-09-21T07:36:30Z
2026-09-17,OYYAT,30,31.46,30,30.22,506922,borsapy_fallback_from_yahoo,acilis,2026-09-21T07:36:30Z
2026-09-17,OZATD,4035,4035,4035,4035,1510,borsapy_fallback_from_yahoo,acilis,2026-09-21T07:36:30Z
2026-09-17,OZGYO,1.96,2,1.92,1.95,14877434,borsapy_fallback_from_yahoo,acilis,2026-09-21T07:36:30Z
2026-09-17,OZKGY,12.2,12.67,12.2,12.58,3855920,borsapy_fallback_from_yahoo,acilis,2026-09-21T07:36:30Z
2026-09-17,OZRDN,29,31,26.1,28.36,280761,borsapy_fallback_from_yahoo,acilis,2026-09-21T07:36:30Z
2026-09-17,OZSUB,34.74,40.46,34.74,38.3,2478572,borsapy_fallback_from_yahoo,acilis,2026-09-21T07:36:30Z
2026-09-17,OZYSR,11.56,11.68,10.85,10.85,2315381,borsapy_fallback_from_yahoo,acilis,2026-09-21T07:36:30Z
2026-09-17,PAGYO,127,128.2,124,125,149266,borsapy_fallback_from_yahoo,acilis,2026-09-21T07:36:30Z
2026-09-17,PAHOL,1.17,1.2,1.08,1.11,699065860,borsapy_fallback_from_yahoo,acilis,2026-09-21T07:36:30Z
2026-09-17,PAMEL,63.2,63.9,59.35,60,291333,borsapy_fallback_from_yahoo,acilis,2026-09-21T07:36:30Z
2026-09-17,PAPIL,11.11,11.15,10.03,10.3,12464770,borsapy_fallback_from_yahoo,acilis,2026-09-21T07:36:30Z
2026-09-17,PARSN,66.65,68,65.65,66.85,403796,borsapy_fallback_from_yahoo,acilis,2026-09-21T07:36:30Z
2026-09-17,PASEU,61.6,61.6,61.6,61.6,182326,borsapy_fallback_from_yahoo,acilis,2026-09-21T07:36:30Z
2026-09-17,PATEK,20.6,22,20.52,20.52,19882811,borsapy_fallback_from_yahoo,acilis,2026-09-21T07:36:30Z
2026-09-17,PCILT,29.16,31.18,29.16,30.74,2359002,borsapy_fallback_from_yahoo,acilis,2026-09-21T07:36:30Z
2026-09-17,PEKGY,9.48,9.48,9.48,9.48,1500846,borsapy_fallback_from_yahoo,acilis,2026-09-21T07:36:30Z
2026-09-17,PENGD,8.33,8.71,8.33,8.46,2294530,borsapy_fallback_from_yahoo,acilis,2026-09-21T07:36:30Z
2026-09-17,PENTA,12.3,12.41,11.69,11.83,2636455,borsapy_fallback_from_yahoo,acilis,2026-09-21T07:36:30Z
2026-09-17,PETKM,20.5,22.12,20.18,21.54,166419811,borsapy_fallback_from_yahoo,acilis,2026-09-21T07:36:30Z
2026-09-17,PETUN,11,11.42,10.88,11.2,1894056,borsapy_fallback_from_yahoo,acilis,2026-09-21T07:36:30Z
2026-09-17,PGSUS,144.5,151.7,144.1,150.2,18488091,borsapy_fallback_from_yahoo,acilis,2026-09-21T07:36:30Z
2026-09-17,PINSU,9.44,9.62,9.33,9.47,1490243,borsapy_fallback_from_yahoo,acilis,2026-09-21T07:36:30Z
2026-09-17,PKART,97.1,102.2,94.4,96.6,508375,borsapy_fallback_from_yahoo,acilis,2026-09-21T07:36:30Z
2026-09-17,PKENT,114.5,115.1,109,110.4,146590,borsapy_fallback_from_yahoo,acilis,2026-09-21T07:36:30Z
2026-09-17,PLTUR,18,18.68,17.8,17.83,2609227,borsapy_fallback_from_yahoo,acilis,2026-09-21T07:36:30Z
2026-09-17,PNLSN,37,38.2,36.28,36.94,672331,borsapy_fallback_from_yahoo,acilis,2026-09-21T07:36:30Z
2026-09-17,PNSUT,10.7,10.93,10.57,10.73,2803271,borsapy_fallback_from_yahoo,acilis,2026-09-21T07:36:30Z
2026-09-17,POLHO,21.2,21.56,20.38,20.38,2257150,borsapy_fallback_from_yahoo,acilis,2026-09-21T07:36:30Z
2026-09-17,POLTK,3930,3935,3740,3810,6598,borsapy_fallback_from_yahoo,acilis,2026-09-21T07:36:30Z
2026-09-17,PRDGS,5.97,5.97,5.38,5.38,6018999,borsapy_fallback_from_yahoo,acilis,2026-09-21T07:36:30Z
2026-09-17,PRKAB,29.7,30.56,28.62,29.22,966976,borsapy_fallback_from_yahoo,acilis,2026-09-21T07:36:30Z
2026-09-17,PRKME,17.45,17.89,16.6,17.06,1673461,borsapy_fallback_from_yahoo,acilis,2026-09-21T07:36:30Z
2026-09-17,PRZMA,56.65,56.65,56.65,56.65,32296,borsapy_fallback_from_yahoo,acilis,2026-09-21T07:36:30Z
2026-09-17,PSDTC,114.1,121.1,114.1,114.1,367329,borsapy_fallback_from_yahoo,acilis,2026-09-21T07:36:30Z
2026-09-17,PSGYO,2.37,2.41,2.34,2.34,35932692,borsapy_fallback_from_yahoo,acilis,2026-09-21T07:36:30Z
2026-09-17,QNBFK,37.2,40.14,37.2,39,40144,borsapy_fallback_from_yahoo,acilis,2026-09-21T07:36:30Z
2026-09-17,QNBTR,167.5,176.6,167.5,175,24179,borsapy_fallback_from_yahoo,acilis,2026-09-21T07:36:30Z
2026-09-17,QUAGR,2.66,2.7,2.54,2.61,60641432,borsapy_fallback_from_yahoo,acilis,2026-09-21T07:36:30Z
2026-09-17,QUICK,53,53.85,51.45,52.35,2612449,borsapy_fallback_from_yahoo,acilis,2026-09-21T07:36:30Z
2026-09-17,RALYH,214.7,235.5,214.7,220,1530208,borsapy_fallback_from_yahoo,acilis,2026-09-21T07:36:30Z
2026-09-17,RAYSG,135.3,142.3,135.3,141.8,155260,borsapy_fallback_from_yahoo,acilis,2026-09-21T07:36:30Z
2026-09-17,REEDR,5.22,5.25,4.97,5.03,19854615,borsapy_fallback_from_yahoo,acilis,2026-09-21T07:36:30Z
2026-09-17,RGYAS,190,193.4,188.9,191.3,1762783,borsapy_fallback_from_yahoo,acilis,2026-09-21T07:36:30Z
2026-09-17,RNPOL,2.2,2.2,2.05,2.05,1721584,borsapy_fallback_from_yahoo,acilis,2026-09-21T07:36:30Z
2026-09-17,RODRG,20.62,21.16,19.8,20.3,267766,borsapy_fallback_from_yahoo,acilis,2026-09-21T07:36:30Z
2026-09-17,RTALB,2.7,2.73,2.46,2.5,40833176,borsapy_fallback_from_yahoo,acilis,2026-09-21T07:36:30Z
2026-09-17,RUBNS,25.3,27.8,22.92,24.9,2075212,borsapy_fallback_from_yahoo,acilis,2026-09-21T07:36:30Z
2026-09-17,RUZYE,7.52,7.8,6.85,6.85,9435389,borsapy_fallback_from_yahoo,acilis,2026-09-21T07:36:30Z
2026-09-17,RYGYO,42.6,43.76,40.52,42.94,1780958,borsapy_fallback_from_yahoo,acilis,2026-09-21T07:36:30Z
2026-09-17,RYSAS,25.08,25.08,23.46,23.8,6591781,borsapy_fallback_from_yahoo,acilis,2026-09-21T07:36:30Z
2026-09-17,SAFKR,11.8,12.27,11.51,11.86,4930430,borsapy_fallback_from_yahoo,acilis,2026-09-21T07:36:30Z
2026-09-17,SAHOL,85,91.3,84,90.6,52181665,borsapy_fallback_from_yahoo,acilis,2026-09-21T07:36:30Z
2026-09-17,SAMAT,4.65,4.94,4.42,4.59,1310399,borsapy_fallback_from_yahoo,acilis,2026-09-21T07:36:30Z
2026-09-17,SANEL,39.72,42.52,38.12,39.8,344347,borsapy_fallback_from_yahoo,acilis,2026-09-21T07:36:30Z
2026-09-17,SANFM,6.97,7.16,6.93,6.93,6354861,borsapy_fallback_from_yahoo,acilis,2026-09-21T07:36:30Z
2026-09-17,SANKO,19.31,20.2,19.04,20.2,434839,borsapy_fallback_from_yahoo,acilis,2026-09-21T07:36:30Z
2026-09-17,SARAE,63.6,66.25,63.6,63.6,15426026,borsapy_fallback_from_yahoo,acilis,2026-09-21T07:36:30Z
2026-09-17,SARKY,21.74,22.78,21.4,22.5,5746987,borsapy_fallback_from_yahoo,acilis,2026-09-21T07:36:30Z
2026-09-17,SASA,2.27,2.5,2.27,2.42,8176565500,borsapy_fallback_from_yahoo,acilis,2026-09-21T07:36:30Z
2026-09-17,SAYAS,48.18,48.72,45.84,46.68,1851335,borsapy_fallback_from_yahoo,acilis,2026-09-21T07:36:30Z
2026-09-17,SDTTR,18.53,19.13,18.32,18.93,8558525,borsapy_fallback_from_yahoo,acilis,2026-09-21T07:36:30Z
2026-09-17,SEGMN,32.22,35.04,32.22,33.18,1788580,borsapy_fallback_from_yahoo,acilis,2026-09-21T07:36:30Z
2026-09-17,SEGYO,2.99,3.12,2.95,2.99,5040797,borsapy_fallback_from_yahoo,acilis,2026-09-21T07:36:30Z
2026-09-17,SEKFK,4.05,4.07,3.85,4.03,525546,borsapy_fallback_from_yahoo,acilis,2026-09-21T07:36:30Z
2026-09-17,SEKUR,8,8,7.36,7.36,1873289,borsapy_fallback_from_yahoo,acilis,2026-09-21T07:36:30Z
2026-09-17,SELEC,236.5,236.5,236.5,236.5,7768,borsapy_fallback_from_yahoo,acilis,2026-09-21T07:36:30Z
2026-09-17,SELVA,1.32,1.39,1.32,1.34,19290462,borsapy_fallback_from_yahoo,acilis,2026-09-21T07:36:30Z
2026-09-17,SERNT,7.29,7.55,6.62,6.69,9063652,borsapy_fallback_from_yahoo,acilis,2026-09-21T07:36:30Z
2026-09-17,SEYKM,3.81,4.1,3.71,3.71,2451410,borsapy_fallback_from_yahoo,acilis,2026-09-21T07:36:30Z
2026-09-17,SILVR,2.05,2.07,1.95,2.04,4511911,borsapy_fallback_from_yahoo,acilis,2026-09-21T07:36:30Z
2026-09-17,SISE,38,40.54,37.58,40.18,125872777,borsapy_fallback_from_yahoo,acilis,2026-09-21T07:36:30Z
2026-09-17,SKBNK,6.11,6.3,6.01,6.26,211946408,borsapy_fallback_from_yahoo,acilis,2026-09-21T07:36:30Z
2026-09-17,SKTAS,2.98,3.06,2.82,2.94,12970738,borsapy_fallback_from_yahoo,acilis,2026-09-21T07:36:30Z
2026-09-17,SKYLP,128,128,128,128,20629,borsapy_fallback_from_yahoo,acilis,2026-09-21T07:36:30Z
2026-09-17,SKYMD,16.75,16.75,15.08,15.08,3670298,borsapy_fallback_from_yahoo,acilis,2026-09-21T07:36:30Z
2026-09-17,SMART,20,20.62,19.43,19.52,875621,borsapy_fallback_from_yahoo,acilis,2026-09-21T07:36:30Z
2026-09-17,SMRTG,6.69,7.57,6.69,6.69,40621515,borsapy_fallback_from_yahoo,acilis,2026-09-21T07:36:30Z
2026-09-17,SMRVA,8.66,9.3,8.37,8.37,12081021,borsapy_fallback_from_yahoo,acilis,2026-09-21T07:36:30Z
2026-09-17,SNGYO,2.75,2.84,2.7,2.78,43407728,borsapy_fallback_from_yahoo,acilis,2026-09-21T07:36:30Z
2026-09-17,SNICA,2.89,2.96,2.81,2.88,11075823,borsapy_fallback_from_yahoo,acilis,2026-09-21T07:36:30Z
2026-09-17,SNPAM,18.78,18.78,18.43,18.43,35691,borsapy_fallback_from_yahoo,acilis,2026-09-21T07:36:30Z
2026-09-17,SODSN,6.7,6.7,6.15,6.32,134131,borsapy_fallback_from_yahoo,acilis,2026-09-21T07:36:30Z
2026-09-17,SOHOE,9.67,10,9.39,9.7,11740052,borsapy_fallback_from_yahoo,acilis,2026-09-21T07:36:30Z
2026-09-17,SOKE,9.01,9.3,8.88,9.04,2881098,borsapy_fallback_from_yahoo,acilis,2026-09-21T07:36:30Z
2026-09-17,SOKM,56.2,59,54.7,57.15,4473979,borsapy_fallback_from_yahoo,acilis,2026-09-21T07:36:30Z
2026-09-17,SONME,129.8,138,127.6,129.8,31316,borsapy_fallback_from_yahoo,acilis,2026-09-21T07:36:30Z
2026-09-17,SRVGY,2.3,2.31,2.18,2.21,21048121,borsapy_fallback_from_yahoo,acilis,2026-09-21T07:36:30Z
2026-09-17,SSAAT,28.9,28.9,27.5,28.3,2439429,borsapy_fallback_from_yahoo,acilis,2026-09-21T07:36:30Z
2026-09-17,SUMAS,248.1,248.1,245,245,3876,borsapy_fallback_from_yahoo,acilis,2026-09-21T07:36:30Z
2026-09-17,SUNTK,26.62,31.1,26.62,29.04,816309,borsapy_fallback_from_yahoo,acilis,2026-09-21T07:36:30Z
2026-09-17,SURGY,26.02,26.68,25.3,26.48,2369153,borsapy_fallback_from_yahoo,acilis,2026-09-21T07:36:30Z
2026-09-17,SUWEN,6.17,6.33,5.87,6.1,3780538,borsapy_fallback_from_yahoo,acilis,2026-09-21T07:36:30Z
2026-09-17,SVGYO,12.6,12.6,12.6,12.6,296021,borsapy_fallback_from_yahoo,acilis,2026-09-21T07:36:30Z
2026-09-17,TABGD,224.1,235,224,231.5,1072198,borsapy_fallback_from_yahoo,acilis,2026-09-21T07:36:30Z
2026-09-17,TARKM,482,498,460,465,181048,borsapy_fallback_from_yahoo,acilis,2026-09-21T07:36:30Z
2026-09-17,TATEN,6.62,6.62,6.05,6.05,19168153,borsapy_fallback_from_yahoo,acilis,2026-09-21T07:36:30Z
2026-09-17,TATGD,16.6,17.17,16.47,17.14,1643529,borsapy_fallback_from_yahoo,acilis,2026-09-21T07:36:30Z
2026-09-17,TAVHL,252,275.75,250.75,273.75,5662675,borsapy_fallback_from_yahoo,acilis,2026-09-21T07:36:30Z
2026-09-17,TBORG,126,136.2,125.3,132.7,368801,borsapy_fallback_from_yahoo,acilis,2026-09-21T07:36:30Z
2026-09-17,TCELL,96.1,99.8,95.3,99.15,41933901,borsapy_fallback_from_yahoo,acilis,2026-09-21T07:36:30Z
2026-09-17,TCKRC,105.8,121.5,105.8,117,5211276,borsapy_fallback_from_yahoo,acilis,2026-09-21T07:36:30Z
2026-09-17,TDGYO,16.6,18.43,16.6,16.6,2512345,borsapy_fallback_from_yahoo,acilis,2026-09-21T07:36:30Z
2026-09-17,TEHOL,38.74,38.74,38.74,38.74,204376,borsapy_fallback_from_yahoo,acilis,2026-09-21T07:36:30Z
2026-09-17,TEKTU,6,6.3,5.91,5.97,6735760,borsapy_fallback_from_yahoo,acilis,2026-09-21T07:36:30Z
2026-09-17,TERA,181.5,181.5,181.5,181.5,160309,borsapy_fallback_from_yahoo,acilis,2026-09-21T07:36:30Z
2026-09-17,TEZOL,8.32,8.34,7.99,8.15,4428603,borsapy_fallback_from_yahoo,acilis,2026-09-21T07:36:30Z
2026-09-17,TGSAS,178.2,178.2,160.4,160.4,1049896,borsapy_fallback_from_yahoo,acilis,2026-09-21T07:36:30Z
2026-09-17,THYAO,276.5,290,273.5,289.25,72724185,borsapy_fallback_from_yahoo,acilis,2026-09-21T07:36:30Z
2026-09-17,TKFEN,235,258,232.7,258,7657480,borsapy_fallback_from_yahoo,acilis,2026-09-21T07:36:30Z
2026-09-17,TKNKA,126.9,126.9,126.9,126.9,26896,borsapy_fallback_from_yahoo,acilis,2026-09-21T07:36:30Z
2026-09-17,TKNSA,15.35,15.69,15.12,15.53,3538443,borsapy_fallback_from_yahoo,acilis,2026-09-21T07:36:30Z
2026-09-17,TLMAN,72,73.8,71,73.35,122128,borsapy_fallback_from_yahoo,acilis,2026-09-21T07:36:30Z
2026-09-17,TMPOL,233.6,233.6,233.6,233.6,9625,borsapy_fallback_from_yahoo,acilis,2026-09-21T07:36:30Z
2026-09-17,TMSN,70.5,71.75,67.35,69.6,1496384,borsapy_fallback_from_yahoo,acilis,2026-09-21T07:36:30Z
2026-09-17,TNZTP,29,29.1,27.7,28.14,4518515,borsapy_fallback_from_yahoo,acilis,2026-09-21T07:36:30Z
2026-09-17,TOASO,272.25,287.75,270.5,287,3558549,borsapy_fallback_from_yahoo,acilis,2026-09-21T07:36:30Z
2026-09-17,TRALT,47.5,49.96,46.74,49.56,145439019,borsapy_fallback_from_yahoo,acilis,2026-09-21T07:36:30Z
2026-09-17,TRCAS,46.2,48,46.1,47.14,936468,borsapy_fallback_from_yahoo,acilis,2026-09-21T07:36:30Z
2026-09-17,TRENJ,99.15,104.3,97.55,103.8,1578513,borsapy_fallback_from_yahoo,acilis,2026-09-21T07:36:30Z
2026-09-17,TRGYO,89.9,98.8,89,92,2376831,borsapy_fallback_from_yahoo,acilis,2026-09-21T07:36:30Z
2026-09-17,TRHOL,3645,3645,3645,3645,561,borsapy_fallback_from_yahoo,acilis,2026-09-21T07:36:30Z
2026-09-17,TRILC,0.93,0.96,0.93,0.96,3630553,borsapy_fallback_from_yahoo,acilis,2026-09-21T07:36:30Z
2026-09-17,TRMET,125.4,132,122.7,132,8526901,borsapy_fallback_from_yahoo,acilis,2026-09-21T07:36:30Z
2026-09-17,TSGYO,5.23,5.42,5.21,5.35,1702487,borsapy_fallback_from_yahoo,acilis,2026-09-21T07:36:30Z
2026-09-17,TSKB,10.44,11.31,10.36,11.22,36952210,borsapy_fallback_from_yahoo,acilis,2026-09-21T07:36:30Z
2026-09-17,TSPOR,0.94,0.96,0.91,0.92,305814090,borsapy_fallback_from_yahoo,acilis,2026-09-21T07:36:30Z
2026-09-17,TTKOM,49.9,53.4,49.36,52.8,52420466,borsapy_fallback_from_yahoo,acilis,2026-09-21T07:36:30Z
2026-09-17,TTRAK,409.5,420.75,389.25,419,147325,borsapy_fallback_from_yahoo,acilis,2026-09-21T07:36:30Z
2026-09-17,TUCLK,3.85,4,3.52,3.64,23366485,borsapy_fallback_from_yahoo,acilis,2026-09-21T07:36:30Z
2026-09-17,TUKAS,1.87,1.93,1.87,1.9,106602993,borsapy_fallback_from_yahoo,acilis,2026-09-21T07:36:30Z
2026-09-17,TUPRS,401.75,415.25,399.25,412,28915314,borsapy_fallback_from_yahoo,acilis,2026-09-21T07:36:30Z
2026-09-17,TUREX,5.38,5.47,5.22,5.3,16711702,borsapy_fallback_from_yahoo,acilis,2026-09-21T07:36:30Z
2026-09-17,TURGG,28.2,28.24,27.08,27.2,557371,borsapy_fallback_from_yahoo,acilis,2026-09-21T07:36:30Z
2026-09-17,TURSG,5.9,6.24,5.87,6,350768840,borsapy_fallback_from_yahoo,acilis,2026-09-21T07:36:30Z
2026-09-17,UCAYM,19.14,19.44,18.2,18.7,4239466,borsapy_fallback_from_yahoo,acilis,2026-09-21T07:36:30Z
2026-09-17,UFUK,1130,1229,1130,1130,29415,borsapy_fallback_from_yahoo,acilis,2026-09-21T07:36:30Z
2026-09-17,ULAS,20,20.52,19.37,19.48,272718,borsapy_fallback_from_yahoo,acilis,2026-09-21T07:36:30Z
2026-09-17,ULKER,85.25,89.8,84.25,89.6,8520264,borsapy_fallback_from_yahoo,acilis,2026-09-21T07:36:30Z
2026-09-17,ULUFA,1.45,1.53,1.45,1.5,36934119,borsapy_fallback_from_yahoo,acilis,2026-09-21T07:36:30Z
2026-09-17,ULUSE,204,217.7,194.4,205.2,209120,borsapy_fallback_from_yahoo,acilis,2026-09-21T07:36:30Z
2026-09-17,ULUUN,7.1,7.4,7.1,7.23,7436098,borsapy_fallback_from_yahoo,acilis,2026-09-21T07:36:30Z
2026-09-17,UNLU,12.46,12.46,10.2,10.54,16587978,borsapy_fallback_from_yahoo,acilis,2026-09-21T07:36:30Z
2026-09-17,USAK,1.09,1.12,1.06,1.09,57479985,borsapy_fallback_from_yahoo,acilis,2026-09-21T07:36:30Z
2026-09-17,USHOL,55.05,63.25,55.05,58.1,635708,borsapy_fallback_from_yahoo,acilis,2026-09-21T07:36:30Z
2026-09-17,VAKBN,30.92,33.6,30.76,33,129581917,borsapy_fallback_from_yahoo,acilis,2026-09-21T07:36:30Z
2026-09-17,VAKFA,10.27,10.76,10.23,10.73,9805810,borsapy_fallback_from_yahoo,acilis,2026-09-21T07:36:30Z
2026-09-17,VAKFN,1.01,1.05,1,1.03,89620761,borsapy_fallback_from_yahoo,acilis,2026-09-21T07:36:30Z
2026-09-17,VAKKO,64.9,67.1,63.65,65.1,116936,borsapy_fallback_from_yahoo,acilis,2026-09-21T07:36:30Z
2026-09-17,VANGD,80.25,82.55,76.05,76.05,233432,borsapy_fallback_from_yahoo,acilis,2026-09-21T07:36:30Z
2026-09-17,VBTYZ,31.18,31.6,30.12,30.78,1918795,borsapy_fallback_from_yahoo,acilis,2026-09-21T07:36:30Z
2026-09-17,VERUS,510,523,467.75,490,89244,borsapy_fallback_from_yahoo,acilis,2026-09-21T07:36:30Z
2026-09-17,VESBE,5.34,5.48,5.33,5.38,12328355,borsapy_fallback_from_yahoo,acilis,2026-09-21T07:36:30Z
2026-09-17,VESTL,23.84,24.5,23.6,24.1,14118509,borsapy_fallback_from_yahoo,acilis,2026-09-21T07:36:30Z
2026-09-17,VEYAS,89.05,93.7,87.45,90.55,5795452,borsapy_fallback_from_yahoo,acilis,2026-09-21T07:36:30Z
2026-09-17,VKFYO,19.96,20.8,19.2,20.66,257011,borsapy_fallback_from_yahoo,acilis,2026-09-21T07:36:30Z
2026-09-17,VKGYO,1.76,1.81,1.75,1.8,22048910,borsapy_fallback_from_yahoo,acilis,2026-09-21T07:36:30Z
2026-09-17,VKING,19.4,19.98,18.24,18.57,533117,borsapy_fallback_from_yahoo,acilis,2026-09-21T07:36:30Z
2026-09-17,VRGYO,1.65,1.65,1.51,1.52,18990501,borsapy_fallback_from_yahoo,acilis,2026-09-21T07:36:30Z
2026-09-17,VSNMD,37.3,37.38,34.78,35.3,1711423,borsapy_fallback_from_yahoo,acilis,2026-09-21T07:36:30Z
2026-09-17,YAPRK,10.14,10.92,9.64,10.01,10628747,borsapy_fallback_from_yahoo,acilis,2026-09-21T07:36:30Z
2026-09-17,YATAS,27.72,28.44,27.22,28.1,1013533,borsapy_fallback_from_yahoo,acilis,2026-09-21T07:36:30Z
2026-09-17,YAYLA,20.7,21.2,19.4,19.55,1289718,borsapy_fallback_from_yahoo,acilis,2026-09-21T07:36:30Z
2026-09-17,YBTAS,12.51,12.51,11.7,12,98008,borsapy_fallback_from_yahoo,acilis,2026-09-21T07:36:30Z
2026-09-17,YEOTK,28.92,31.22,28.66,30.18,23232709,borsapy_fallback_from_yahoo,acilis,2026-09-21T07:36:30Z
2026-09-17,YESIL,1.1,1.11,1.03,1.04,25154565,borsapy_fallback_from_yahoo,acilis,2026-09-21T07:36:30Z
2026-09-17,YGGYO,215,220.8,213.6,216.3,197867,borsapy_fallback_from_yahoo,acilis,2026-09-21T07:36:30Z
2026-09-17,YIGIT,20.1,20.36,19.61,19.96,2712075,borsapy_fallback_from_yahoo,acilis,2026-09-21T07:36:30Z
2026-09-17,YKBNK,32.36,35.32,32.12,35.32,381394740,borsapy_fallback_from_yahoo,acilis,2026-09-21T07:36:30Z
2026-09-17,YKSLN,4.13,4.13,4.13,4.13,524055,borsapy_fallback_from_yahoo,acilis,2026-09-21T07:36:30Z
2026-09-17,YONGA,40.1,40.1,39.9,39.9,22718,borsapy_fallback_from_yahoo,acilis,2026-09-21T07:36:30Z
2026-09-17,YUNSA,6.77,6.92,6.44,6.67,6497360,borsapy_fallback_from_yahoo,acilis,2026-09-21T07:36:30Z
2026-09-17,YYAPI,0.73,0.73,0.69,0.69,6128930,borsapy_fallback_from_yahoo,acilis,2026-09-21T07:36:30Z
2026-09-17,YYLGD,8.91,9.19,8.9,9.03,7272891,borsapy_fallback_from_yahoo,acilis,2026-09-21T07:36:30Z
2026-09-17,ZEDUR,6.85,6.99,6.58,6.72,2058622,borsapy_fallback_from_yahoo,acilis,2026-09-21T07:36:30Z
2026-09-17,ZERGY,7.7,8.82,7.5,8.58,15521448,borsapy_fallback_from_yahoo,acilis,2026-09-21T07:36:30Z
2026-09-17,ZGYO,17.32,19.35,17.05,18.36,6779224,borsapy_fallback_from_yahoo,acilis,2026-09-21T07:36:30Z
2026-09-17,ZOREN,2.55,2.56,2.43,2.45,107950983,borsapy_fallback_from_yahoo,acilis,2026-09-21T07:36:30Z
2026-09-17,ZRGYO,19.5,20.04,19.48,19.91,2927604,borsapy_fallback_from_yahoo,acilis,2026-09-21T07:36:30Z
2026-09-17,XU100,,,,13509.76,,borsapy_fallback_from_yahoo,acilis,2026-09-21T07:36:30Z
2026-09-18,A1CAP,5.24,5.34,5.23,5.23,8356255,borsapy_fallback_from_yahoo,acilis,2026-09-21T07:36:30Z
2026-09-18,A1YEN,1.99,2.09,1.95,1.95,9806695,borsapy_fallback_from_yahoo,acilis,2026-09-21T07:36:30Z
2026-09-18,AAGYO,8.44,8.99,8.44,8.7,14375660,borsapy_fallback_from_yahoo,acilis,2026-09-21T07:36:30Z
2026-09-18,ACSEL,104,104,97.7,98.25,153063,borsapy_fallback_from_yahoo,acilis,2026-09-21T07:36:30Z
2026-09-18,ADEL,29.68,29.7,28.4,28.8,1559169,borsapy_fallback_from_yahoo,acilis,2026-09-21T07:36:30Z
2026-09-18,ADESE,0.8,0.8,0.73,0.75,176751206,borsapy_fallback_from_yahoo,acilis,2026-09-21T07:36:30Z
2026-09-18,ADGYO,49.6,49.86,47.82,49.14,1168579,borsapy_fallback_from_yahoo,acilis,2026-09-21T07:36:30Z
2026-09-18,AEFES,18.99,19.13,18.56,18.79,33234038,borsapy_fallback_from_yahoo,acilis,2026-09-21T07:36:30Z
2026-09-18,AFYON,11.9,11.9,11.48,11.55,1291682,borsapy_fallback_from_yahoo,acilis,2026-09-21T07:36:30Z
2026-09-18,AGESA,240.5,241.2,236,240.5,212594,borsapy_fallback_from_yahoo,acilis,2026-09-21T07:36:30Z
2026-09-18,AGHOL,34.86,35.22,34.06,34.06,8901856,borsapy_fallback_from_yahoo,acilis,2026-09-21T07:36:30Z
2026-09-18,AGROT,1.73,1.73,1.65,1.66,35970610,borsapy_fallback_from_yahoo,acilis,2026-09-21T07:36:30Z
2026-09-18,AGYO,7.5,7.67,7.15,7.53,457918,borsapy_fallback_from_yahoo,acilis,2026-09-21T07:36:30Z
2026-09-18,AHGAZ,40.98,41.76,39.62,41.76,7131587,borsapy_fallback_from_yahoo,acilis,2026-09-21T07:36:30Z
2026-09-18,AHSGY,12.34,14.28,12.34,12.46,5041157,borsapy_fallback_from_yahoo,acilis,2026-09-21T07:36:30Z
2026-09-18,AKBNK,71.3,72.15,68.95,70.7,211343969,borsapy_fallback_from_yahoo,acilis,2026-09-21T07:36:30Z
2026-09-18,AKCNS,215.5,215.5,197.2,201.5,988923,borsapy_fallback_from_yahoo,acilis,2026-09-21T07:36:30Z
2026-09-18,AKENR,9.7,9.7,9.23,9.32,3996105,borsapy_fallback_from_yahoo,acilis,2026-09-21T07:36:30Z
2026-09-18,AKFGY,2.45,2.46,2.35,2.46,24762404,borsapy_fallback_from_yahoo,acilis,2026-09-21T07:36:30Z
2026-09-18,AKFIS,13.96,15.34,13.69,15.34,25016160,borsapy_fallback_from_yahoo,acilis,2026-09-21T07:36:30Z
2026-09-18,AKFYE,21.58,22,20.68,22,9426011,borsapy_fallback_from_yahoo,acilis,2026-09-21T07:36:30Z
2026-09-18,AKGRT,5.61,5.64,5.47,5.52,8581198,borsapy_fallback_from_yahoo,acilis,2026-09-21T07:36:30Z
2026-09-18,AKHAN,30.4,30.58,27.44,28,3344268,borsapy_fallback_from_yahoo,acilis,2026-09-21T07:36:30Z
2026-09-18,AKMGY,238.8,238.8,228,229,25380,borsapy_fallback_from_yahoo,acilis,2026-09-21T07:36:30Z
2026-09-18,AKSA,11.05,11.08,10.66,10.85,17820941,borsapy_fallback_from_yahoo,acilis,2026-09-21T07:36:30Z
2026-09-18,AKSEN,68.5,68.5,65.25,65.65,5888208,borsapy_fallback_from_yahoo,acilis,2026-09-21T07:36:30Z
2026-09-18,AKSGY,9.42,9.55,9.27,9.27,6001925,borsapy_fallback_from_yahoo,acilis,2026-09-21T07:36:30Z
2026-09-18,AKSUE,19.3,20.52,19,19.13,3873081,borsapy_fallback_from_yahoo,acilis,2026-09-21T07:36:30Z
2026-09-18,AKYHO,1.86,1.87,1.76,1.82,1917449,borsapy_fallback_from_yahoo,acilis,2026-09-21T07:36:30Z
2026-09-18,ALARK,108.5,109.4,106.1,107.8,3284107,borsapy_fallback_from_yahoo,acilis,2026-09-21T07:36:30Z
2026-09-18,ALBRK,8.64,8.72,8.43,8.72,22616642,borsapy_fallback_from_yahoo,acilis,2026-09-21T07:36:30Z
2026-09-18,ALBTN,27.02,27.02,25.68,26.1,4454915,borsapy_fallback_from_yahoo,acilis,2026-09-21T07:36:30Z
2026-09-18,ALCAR,689.5,696,670.5,679.5,28523,borsapy_fallback_from_yahoo,acilis,2026-09-21T07:36:30Z
2026-09-18,ALCTL,95.4,95.45,91.5,91.5,281864,borsapy_fallback_from_yahoo,acilis,2026-09-21T07:36:30Z
2026-09-18,ALFAS,33.8,37.18,30.76,33.56,6181710,borsapy_fallback_from_yahoo,acilis,2026-09-21T07:36:30Z
2026-09-18,ALGYO,3.33,3.34,3.19,3.25,22635445,borsapy_fallback_from_yahoo,acilis,2026-09-21T07:36:30Z
2026-09-18,ALKA,7.34,7.34,6.92,7,2132326,borsapy_fallback_from_yahoo,acilis,2026-09-21T07:36:30Z
2026-09-18,ALKIM,14.02,14.04,13.58,13.59,1216277,borsapy_fallback_from_yahoo,acilis,2026-09-21T07:36:30Z
2026-09-18,ALKLC,379.25,379.25,379.25,379.25,68084,borsapy_fallback_from_yahoo,acilis,2026-09-21T07:36:30Z
2026-09-18,ALTIN,74.94,75.87,74.7,75.07,17036658,borsapy_fallback_from_yahoo,acilis,2026-09-21T07:36:30Z
2026-09-18,ALTNY,14.69,14.73,13.97,14.11,19446434,borsapy_fallback_from_yahoo,acilis,2026-09-21T07:36:30Z
2026-09-18,ALVES,0.69,0.69,0.68,0.68,28485079,borsapy_fallback_from_yahoo,acilis,2026-09-21T07:36:30Z
2026-09-18,ANELE,105.1,105.1,105.1,105.1,508839,borsapy_fallback_from_yahoo,acilis,2026-09-21T07:36:30Z
2026-09-18,ANGEN,8.07,8.11,7.57,7.72,2617669,borsapy_fallback_from_yahoo,acilis,2026-09-21T07:36:30Z
2026-09-18,ANHYT,107.7,108.7,98,98,3368403,borsapy_fallback_from_yahoo,acilis,2026-09-21T07:36:30Z
2026-09-18,ANSGR,26.26,27.1,25.94,27.1,8348000,borsapy_fallback_from_yahoo,acilis,2026-09-21T07:36:30Z
2026-09-18,ARASE,112.5,112.6,105.5,107.1,209904,borsapy_fallback_from_yahoo,acilis,2026-09-21T07:36:30Z
2026-09-18,ARCLK,89.55,92.15,87.05,87.15,3007647,borsapy_fallback_from_yahoo,acilis,2026-09-21T07:36:30Z
2026-09-18,ARDYZ,58.75,62.55,55.5,61.4,16574730,borsapy_fallback_from_yahoo,acilis,2026-09-21T07:36:30Z
2026-09-18,ARENA,17.54,17.6,16.68,17,910161,borsapy_fallback_from_yahoo,acilis,2026-09-21T07:36:30Z
2026-09-18,ARFYE,14.81,15.96,14.41,15.96,7939872,borsapy_fallback_from_yahoo,acilis,2026-09-21T07:36:30Z
2026-09-18,ARMGD,179.1,180.4,159.3,159.3,1507711,borsapy_fallback_from_yahoo,acilis,2026-09-21T07:36:30Z
2026-09-18,ARSAN,3.78,3.79,3.54,3.59,22581478,borsapy_fallback_from_yahoo,acilis,2026-09-21T07:36:30Z
2026-09-18,ARTMS,38.5,38.5,35.92,37.06,981481,borsapy_fallback_from_yahoo,acilis,2026-09-21T07:36:30Z
2026-09-18,ARZUM,1.36,1.36,1.28,1.32,7623737,borsapy_fallback_from_yahoo,acilis,2026-09-21T07:36:30Z
2026-09-18,ASELS,379.75,380.75,371,372.75,23957969,borsapy_fallback_from_yahoo,acilis,2026-09-21T07:36:30Z
2026-09-18,ASGYO,10.2,10.25,9.89,10.06,3129318,borsapy_fallback_from_yahoo,acilis,2026-09-21T07:36:30Z
2026-09-18,ASTOR,257.5,263.25,247,248,32145708,borsapy_fallback_from_yahoo,acilis,2026-09-21T07:36:30Z
2026-09-18,ASUZU,45.74,49.78,44.82,45.54,1554589,borsapy_fallback_from_yahoo,acilis,2026-09-21T07:36:30Z
2026-09-18,ATAGY,9.65,9.65,8.73,9.25,190355,borsapy_fallback_from_yahoo,acilis,2026-09-21T07:36:30Z
2026-09-18,ATAKP,36.02,36.04,34.22,34.96,554674,borsapy_fallback_from_yahoo,acilis,2026-09-21T07:36:30Z
2026-09-18,ATATP,265,266,238.5,250,1111100,borsapy_fallback_from_yahoo,acilis,2026-09-21T07:36:30Z
2026-09-18,ATATR,9.26,9.26,9.26,9.26,705506,borsapy_fallback_from_yahoo,acilis,2026-09-21T07:36:30Z
2026-09-18,ATEKS,84.45,85.05,76.5,84.6,10220,borsapy_fallback_from_yahoo,acilis,2026-09-21T07:36:30Z
2026-09-18,ATLAS,5.11,6.23,5.11,6.23,3632563,borsapy_fallback_from_yahoo,acilis,2026-09-21T07:36:30Z
2026-09-18,ATSYH,108.9,108.9,101.7,101.7,28215,borsapy_fallback_from_yahoo,acilis,2026-09-21T07:36:30Z
2026-09-18,AVGYO,15.63,17.12,15.09,16.42,2202156,borsapy_fallback_from_yahoo,acilis,2026-09-21T07:36:30Z
2026-09-18,AVHOL,31.9,31.98,28.74,28.94,2541585,borsapy_fallback_from_yahoo,acilis,2026-09-21T07:36:30Z
2026-09-18,AVOD,3.76,3.78,3.5,3.57,5009720,borsapy_fallback_from_yahoo,acilis,2026-09-21T07:36:30Z
2026-09-18,AVPGY,55,55.05,52,54.1,1137078,borsapy_fallback_from_yahoo,acilis,2026-09-21T07:36:30Z
2026-09-18,AYCES,419.75,419.75,400.25,411.5,55054,borsapy_fallback_from_yahoo,acilis,2026-09-21T07:36:30Z
2026-09-18,AYDEM,24.2,24.42,23.38,23.72,1559732,borsapy_fallback_from_yahoo,acilis,2026-09-21T07:36:30Z
2026-09-18,AYEN,29.06,29.08,27.84,28.3,461896,borsapy_fallback_from_yahoo,acilis,2026-09-21T07:36:30Z
2026-09-18,AYES,25.2,25.2,23.72,25.08,129552,borsapy_fallback_from_yahoo,acilis,2026-09-21T07:36:30Z
2026-09-18,AYGAZ,317,324.25,314.25,324.25,983242,borsapy_fallback_from_yahoo,acilis,2026-09-21T07:36:30Z
2026-09-18,AZTEK,3.8,3.8,3.8,3.8,5006642,borsapy_fallback_from_yahoo,acilis,2026-09-21T07:36:30Z
2026-09-18,BAGFS,25.7,25.8,24.16,24.4,1076967,borsapy_fallback_from_yahoo,acilis,2026-09-21T07:36:30Z
2026-09-18,BAHKM,170.1,180.3,164.1,178.8,2158601,borsapy_fallback_from_yahoo,acilis,2026-09-21T07:36:30Z
2026-09-18,BAKAB,34.92,34.92,33.52,34.08,100195,borsapy_fallback_from_yahoo,acilis,2026-09-21T07:36:30Z
2026-09-18,BALAT,67,67.1,66,66,51263,borsapy_fallback_from_yahoo,acilis,2026-09-21T07:36:30Z
2026-09-18,BALSU,6.94,6.94,6.26,6.26,55691919,borsapy_fallback_from_yahoo,acilis,2026-09-21T07:36:30Z
2026-09-18,BANVT,145.3,149.5,141.5,142.5,360357,borsapy_fallback_from_yahoo,acilis,2026-09-21T07:36:30Z
2026-09-18,BARMA,7.87,7.87,7.39,7.39,381536,borsapy_fallback_from_yahoo,acilis,2026-09-21T07:36:30Z
2026-09-18,BASCM,12.55,12.55,11.94,11.94,60075,borsapy_fallback_from_yahoo,acilis,2026-09-21T07:36:30Z
2026-09-18,BASGZ,42.3,44,40.8,41.62,407469,borsapy_fallback_from_yahoo,acilis,2026-09-21T07:36:30Z
2026-09-18,BAYRK,3.48,3.52,3.16,3.5,5684311,borsapy_fallback_from_yahoo,acilis,2026-09-21T07:36:30Z
2026-09-18,BEGYO,2.96,2.97,2.78,2.85,3584199,borsapy_fallback_from_yahoo,acilis,2026-09-21T07:36:30Z
2026-09-18,BERA,12.7,12.7,12.07,12.1,6818229,borsapy_fallback_from_yahoo,acilis,2026-09-21T07:36:30Z
2026-09-18,BESLR,12.3,12.3,11.7,11.95,2079305,borsapy_fallback_from_yahoo,acilis,2026-09-21T07:36:30Z
2026-09-18,BESTE,27.8,28,25.02,25.1,7463913,borsapy_fallback_from_yahoo,acilis,2026-09-21T07:36:30Z
2026-09-18,BETAE,64.8,64.8,58.35,61.5,15324252,borsapy_fallback_from_yahoo,acilis,2026-09-21T07:36:30Z
2026-09-18,BEYAZ,20.98,20.98,19.74,20.4,794044,borsapy_fallback_from_yahoo,acilis,2026-09-21T07:36:30Z
2026-09-18,BFREN,120.4,120.4,117,117,130482,borsapy_fallback_from_yahoo,acilis,2026-09-21T07:36:30Z
2026-09-18,BIENY,18.32,18.37,17.18,17.41,1852073,borsapy_fallback_from_yahoo,acilis,2026-09-21T07:36:30Z
2026-09-18,BIGCH,4.77,4.93,4.3,4.3,4562157,borsapy_fallback_from_yahoo,acilis,2026-09-21T07:36:30Z
2026-09-18,BIGEN,114.5,114.5,114.5,114.5,36777,borsapy_fallback_from_yahoo,acilis,2026-09-21T07:36:30Z
2026-09-18,BIGTK,223.6,223.6,223.6,223.6,21140,borsapy_fallback_from_yahoo,acilis,2026-09-21T07:36:30Z
2026-09-18,BIMAS,417,420.5,413.5,419.75,11023710,borsapy_fallback_from_yahoo,acilis,2026-09-21T07:36:30Z
2026-09-18,BINBN,135.8,135.8,135.8,135.8,22809,borsapy_fallback_from_yahoo,acilis,2026-09-21T07:36:30Z
2026-09-18,BINHO,7.05,7.05,7.05,7.05,3363925,borsapy_fallback_from_yahoo,acilis,2026-09-21T07:36:30Z
2026-09-18,BIOEN,15.33,15.68,14.43,14.43,7495896,borsapy_fallback_from_yahoo,acilis,2026-09-21T07:36:30Z
2026-09-18,BIZIM,22.76,22.76,21.36,21.42,377556,borsapy_fallback_from_yahoo,acilis,2026-09-21T07:36:30Z
2026-09-18,BJKAS,1.92,1.99,1.92,1.92,220135855,borsapy_fallback_from_yahoo,acilis,2026-09-21T07:36:30Z
2026-09-18,BKRGY,6.86,6.86,6.5,6.57,16913839,borsapy_fallback_from_yahoo,acilis,2026-09-21T07:36:30Z
2026-09-18,BLCYT,1.78,1.78,1.67,1.7,21414865,borsapy_fallback_from_yahoo,acilis,2026-09-21T07:36:30Z
2026-09-18,BLUME,38.3,38.5,34.9,34.9,2356561,borsapy_fallback_from_yahoo,acilis,2026-09-21T07:36:30Z
2026-09-18,BMSCH,10.16,10.24,9.54,9.59,1824036,borsapy_fallback_from_yahoo,acilis,2026-09-21T07:36:30Z
2026-09-18,BMSTL,48,48.1,45.04,47.28,3627960,borsapy_fallback_from_yahoo,acilis,2026-09-21T07:36:30Z
2026-09-18,BNTAS,5.8,5.8,5.49,5.52,3708180,borsapy_fallback_from_yahoo,acilis,2026-09-21T07:36:30Z
2026-09-18,BOBET,17.2,18.08,16.62,17.25,5942402,borsapy_fallback_from_yahoo,acilis,2026-09-21T07:36:30Z
2026-09-18,BORLS,2.37,2.43,2.26,2.28,17606764,borsapy_fallback_from_yahoo,acilis,2026-09-21T07:36:30Z
2026-09-18,BORSK,5.91,5.93,5.66,5.74,7199057,borsapy_fallback_from_yahoo,acilis,2026-09-21T07:36:30Z
2026-09-18,BOSSA,6.83,7.1,6.57,7.01,6967818,borsapy_fallback_from_yahoo,acilis,2026-09-21T07:36:30Z
2026-09-18,BRISA,76,76.2,72.5,73.4,222062,borsapy_fallback_from_yahoo,acilis,2026-09-21T07:36:30Z
2026-09-18,BRKO,8.32,8.32,8.32,8.32,241273,borsapy_fallback_from_yahoo,acilis,2026-09-21T07:36:30Z
2026-09-18,BRKSN,7.2,7.2,6.68,6.86,520309,borsapy_fallback_from_yahoo,acilis,2026-09-21T07:36:30Z
2026-09-18,BRKVY,64.6,66.85,61.5,63.95,549478,borsapy_fallback_from_yahoo,acilis,2026-09-21T07:36:30Z
2026-09-18,BRLSM,14.51,15.1,13.8,14.29,5235908,borsapy_fallback_from_yahoo,acilis,2026-09-21T07:36:30Z
2026-09-18,BRMEN,8.98,8.98,8.82,8.82,773022,borsapy_fallback_from_yahoo,acilis,2026-09-21T07:36:30Z
2026-09-18,BRSAN,657.5,671.5,643,655.5,1346391,borsapy_fallback_from_yahoo,acilis,2026-09-21T07:36:30Z
2026-09-18,BRYAT,1600,1605,1546,1570,62421,borsapy_fallback_from_yahoo,acilis,2026-09-21T07:36:30Z
2026-09-18,BSOKE,14.31,14.31,14.31,14.31,534004,borsapy_fallback_from_yahoo,acilis,2026-09-21T07:36:30Z
2026-09-18,BTCIM,3.04,3.08,2.88,2.91,212660252,borsapy_fallback_from_yahoo,acilis,2026-09-21T07:36:30Z
2026-09-18,BUCIM,5.36,5.36,5.05,5.05,4296732,borsapy_fallback_from_yahoo,acilis,2026-09-21T07:36:30Z
2026-09-18,BULGS,21.06,21.06,21.06,21.06,99978,borsapy_fallback_from_yahoo,acilis,2026-09-21T07:36:30Z
2026-09-18,BURCE,29.4,29.44,27.3,28.28,1139520,borsapy_fallback_from_yahoo,acilis,2026-09-21T07:36:30Z
2026-09-18,BURVA,597,600,547,565,56211,borsapy_fallback_from_yahoo,acilis,2026-09-21T07:36:30Z
2026-09-18,BVSAN,88,91.65,87.45,88.75,2182313,borsapy_fallback_from_yahoo,acilis,2026-09-21T07:36:30Z
2026-09-18,BYDNR,25.2,26.46,25.2,25.52,1011933,borsapy_fallback_from_yahoo,acilis,2026-09-21T07:36:30Z
2026-09-18,CANTE,1.24,1.25,1.16,1.23,398264670,borsapy_fallback_from_yahoo,acilis,2026-09-21T07:36:30Z
2026-09-18,CASA,61.45,61.45,60.3,60.3,16271,borsapy_fallback_from_yahoo,acilis,2026-09-21T07:36:30Z
2026-09-18,CATES,45.96,45.96,45.96,45.96,77230,borsapy_fallback_from_yahoo,acilis,2026-09-21T07:36:30Z
2026-09-18,CCOLA,80,80.35,79.05,80,4304830,borsapy_fallback_from_yahoo,acilis,2026-09-21T07:36:30Z
2026-09-18,CELHA,26.76,27.98,25.26,26.32,2649583,borsapy_fallback_from_yahoo,acilis,2026-09-21T07:36:30Z
2026-09-18,CEMAS,3.5,3.51,3.25,3.39,15365192,borsapy_fallback_from_yahoo,acilis,2026-09-21T07:36:30Z
2026-09-18,CEMTS,8.15,8.19,7.64,7.75,2775771,borsapy_fallback_from_yahoo,acilis,2026-09-21T07:36:30Z
2026-09-18,CEMZY,11.52,11.52,11.52,11.52,493769,borsapy_fallback_from_yahoo,acilis,2026-09-21T07:36:30Z
2026-09-18,CEOEM,32,32.58,29.8,30.22,4722835,borsapy_fallback_from_yahoo,acilis,2026-09-21T07:36:30Z
2026-09-18,CGCAM,23.86,24.9,23.4,24.88,2216722,borsapy_fallback_from_yahoo,acilis,2026-09-21T07:36:30Z
2026-09-18,CIMSA,42.1,42.12,40.7,41.32,8849716,borsapy_fallback_from_yahoo,acilis,2026-09-21T07:36:30Z
2026-09-18,CITAS,116,116,116,116,37456,borsapy_fallback_from_yahoo,acilis,2026-09-21T07:36:30Z
2026-09-18,CLEBI,1401,1408,1377,1385,25037,borsapy_fallback_from_yahoo,acilis,2026-09-21T07:36:30Z
2026-09-18,CMBTN,1525,1525,1453,1473,13986,borsapy_fallback_from_yahoo,acilis,2026-09-21T07:36:30Z
2026-09-18,CMENT,238.5,238.5,217,232,5745,borsapy_fallback_from_yahoo,acilis,2026-09-21T07:36:30Z
2026-09-18,CONSE,1.99,1.99,1.89,1.91,6498640,borsapy_fallback_from_yahoo,acilis,2026-09-21T07:36:30Z
2026-09-18,COSMO,108.6,110.4,97.95,101,88118,borsapy_fallback_from_yahoo,acilis,2026-09-21T07:36:30Z
2026-09-18,CRDFA,16.84,16.84,16.84,16.84,158801,borsapy_fallback_from_yahoo,acilis,2026-09-21T07:36:30Z
2026-09-18,CRFSA,244.9,246.7,235.2,237.5,1120995,borsapy_fallback_from_yahoo,acilis,2026-09-21T07:36:30Z
2026-09-18,CUSAN,22.98,22.98,20.52,20.6,852108,borsapy_fallback_from_yahoo,acilis,2026-09-21T07:36:30Z
2026-09-18,CVKMD,14.07,14.19,13.25,13.71,33714282,borsapy_fallback_from_yahoo,acilis,2026-09-21T07:36:30Z
2026-09-18,CWENE,24.4,24.4,21.98,23.88,38376038,borsapy_fallback_from_yahoo,acilis,2026-09-21T07:36:30Z
2026-09-18,DAGI,6.85,7.27,6.73,6.73,3971032,borsapy_fallback_from_yahoo,acilis,2026-09-21T07:36:30Z
2026-09-18,DAPGM,5.55,5.55,5.55,5.55,4397663,borsapy_fallback_from_yahoo,acilis,2026-09-21T07:36:30Z
2026-09-18,DARDL,1.36,1.37,1.3,1.31,17388270,borsapy_fallback_from_yahoo,acilis,2026-09-21T07:36:30Z
2026-09-18,DCTTR,4.4,4.57,4.3,4.3,3257790,borsapy_fallback_from_yahoo,acilis,2026-09-21T07:36:30Z
2026-09-18,DENGE,2.27,2.27,2.16,2.22,13414392,borsapy_fallback_from_yahoo,acilis,2026-09-21T07:36:30Z
2026-09-18,DERHL,1.82,1.82,1.72,1.74,13663842,borsapy_fallback_from_yahoo,acilis,2026-09-21T07:36:30Z
2026-09-18,DERIM,31.84,31.84,29.66,30,456592,borsapy_fallback_from_yahoo,acilis,2026-09-21T07:36:30Z
2026-09-18,DESA,9.05,9.1,8.86,9.01,1502908,borsapy_fallback_from_yahoo,acilis,2026-09-21T07:36:30Z
2026-09-18,DESPC,36,36,33.36,33.62,478023,borsapy_fallback_from_yahoo,acilis,2026-09-21T07:36:30Z
2026-09-18,DEVA,99.9,101.3,97.1,99.1,680352,borsapy_fallback_from_yahoo,acilis,2026-09-21T07:36:30Z
2026-09-18,DGATE,78.85,78.85,71.75,71.75,211286,borsapy_fallback_from_yahoo,acilis,2026-09-21T07:36:30Z
2026-09-18,DGGYO,29.9,29.9,28.3,28.82,122652,borsapy_fallback_from_yahoo,acilis,2026-09-21T07:36:30Z
2026-09-18,DGNMO,5.74,6.04,5.2,5.87,2659091,borsapy_fallback_from_yahoo,acilis,2026-09-21T07:36:30Z
2026-09-18,DIRIT,23.04,23.1,22,23.1,63695,borsapy_fallback_from_yahoo,acilis,2026-09-21T07:36:30Z
2026-09-18,DITAS,12.21,12.21,12.21,12.21,175996,borsapy_fallback_from_yahoo,acilis,2026-09-21T07:36:30Z
2026-09-18,DMLKT,7.02,7.03,6.92,6.98,4875587,borsapy_fallback_from_yahoo,acilis,2026-09-21T07:36:30Z
2026-09-18,DMRGD,11.91,12.4,10.7,11.14,119260941,borsapy_fallback_from_yahoo,acilis,2026-09-21T07:36:30Z
2026-09-18,DMSAS,6.43,6.7,6.08,6.13,4951375,borsapy_fallback_from_yahoo,acilis,2026-09-21T07:36:30Z
2026-09-18,DNISI,4.78,4.78,4.31,4.4,2242429,borsapy_fallback_from_yahoo,acilis,2026-09-21T07:36:30Z
2026-09-18,DOAS,156.9,156.9,152.5,154.6,1111748,borsapy_fallback_from_yahoo,acilis,2026-09-21T07:36:30Z
2026-09-18,DOCO,10617.5,10700,10210,10447.5,9624,borsapy_fallback_from_yahoo,acilis,2026-09-21T07:36:30Z
2026-09-18,DOFER,24.66,24.7,23.44,24,422781,borsapy_fallback_from_yahoo,acilis,2026-09-21T07:36:30Z
2026-09-18,DOFRB,88.6,93.4,85.4,89.35,7074591,borsapy_fallback_from_yahoo,acilis,2026-09-21T07:36:30Z
2026-09-18,DOGUB,43.52,43.52,43.52,43.52,48815,borsapy_fallback_from_yahoo,acilis,2026-09-21T07:36:30Z
2026-09-18,DOHOL,20.78,21.14,20.02,20.2,23206241,borsapy_fallback_from_yahoo,acilis,2026-09-21T07:36:30Z
2026-09-18,DOKTA,21.24,21.24,20,20.24,715999,borsapy_fallback_from_yahoo,acilis,2026-09-21T07:36:30Z
2026-09-18,DSTKF,1984,1984,1984,1984,86646,borsapy_fallback_from_yahoo,acilis,2026-09-21T07:36:30Z
2026-09-18,DUNYH,75.35,75.35,75.35,75.35,10329,borsapy_fallback_from_yahoo,acilis,2026-09-21T07:36:30Z
2026-09-18,DURDO,4.98,5,4.69,4.7,4014623,borsapy_fallback_from_yahoo,acilis,2026-09-21T07:36:30Z
2026-09-18,DURKN,16.28,16.28,14.98,15,1195131,borsapy_fallback_from_yahoo,acilis,2026-09-21T07:36:30Z
2026-09-18,DYOBY,12.11,12.17,11.43,11.55,1893311,borsapy_fallback_from_yahoo,acilis,2026-09-21T07:36:30Z
2026-09-18,DZGYO,7.16,7.22,7,7.09,2681355,borsapy_fallback_from_yahoo,acilis,2026-09-21T07:36:30Z
2026-09-18,EBEBK,81.15,82.75,80.5,80.55,410896,borsapy_fallback_from_yahoo,acilis,2026-09-21T07:36:30Z
2026-09-18,ECILC,64.3,64.3,58.05,60.6,8439184,borsapy_fallback_from_yahoo,acilis,2026-09-21T07:36:30Z
2026-09-18,ECOGR,34,34.84,31.68,33.26,3132573,borsapy_fallback_from_yahoo,acilis,2026-09-21T07:36:30Z
2026-09-18,ECZYT,258,261,234.9,234.9,574074,borsapy_fallback_from_yahoo,acilis,2026-09-21T07:36:30Z
2026-09-18,EDATA,12.46,12.46,12.46,12.46,143375,borsapy_fallback_from_yahoo,acilis,2026-09-21T07:36:30Z
2026-09-18,EDIP,34.04,34.06,31.84,31.84,757231,borsapy_fallback_from_yahoo,acilis,2026-09-21T07:36:30Z
2026-09-18,EFOR,18.5,19.67,18.3,19.4,142379390,borsapy_fallback_from_yahoo,acilis,2026-09-21T07:36:30Z
2026-09-18,EGEEN,5830,5852.5,5235,5235,41758,borsapy_fallback_from_yahoo,acilis,2026-09-21T07:36:30Z
2026-09-18,EGEGY,16.32,16.32,16.32,16.32,202485,borsapy_fallback_from_yahoo,acilis,2026-09-21T07:36:30Z
2026-09-18,EGEPO,7.97,7.97,7.3,7.31,3173568,borsapy_fallback_from_yahoo,acilis,2026-09-21T07:36:30Z
2026-09-18,EGGUB,102.4,102.4,98.1,101.5,410973,borsapy_fallback_from_yahoo,acilis,2026-09-21T07:36:30Z
2026-09-18,EGPRO,36.8,36.8,32.82,33.38,2673165,borsapy_fallback_from_yahoo,acilis,2026-09-21T07:36:30Z
2026-09-18,EGSER,2.78,2.79,2.67,2.69,1710026,borsapy_fallback_from_yahoo,acilis,2026-09-21T07:36:30Z
2026-09-18,EKDMR,40.08,40.08,37.12,37.94,3017816,borsapy_fallback_from_yahoo,acilis,2026-09-21T07:36:30Z
2026-09-18,EKGYO,19,19.37,18.78,19.01,127457195,borsapy_fallback_from_yahoo,acilis,2026-09-21T07:36:30Z
2026-09-18,EKIM,16.88,16.88,15.3,15.8,18885102,borsapy_fallback_from_yahoo,acilis,2026-09-21T07:36:30Z
2026-09-18,EKIZ,54,54,50,50,22406,borsapy_fallback_from_yahoo,acilis,2026-09-21T07:36:30Z
2026-09-18,EKOS,4.08,4.09,3.89,3.95,5929301,borsapy_fallback_from_yahoo,acilis,2026-09-21T07:36:30Z
2026-09-18,EKSUN,4.94,4.97,4.64,4.65,2641477,borsapy_fallback_from_yahoo,acilis,2026-09-21T07:36:30Z
2026-09-18,ELITE,22.94,22.94,21.9,22.22,1018330,borsapy_fallback_from_yahoo,acilis,2026-09-21T07:36:30Z
2026-09-18,EMKEL,10.59,10.64,10,10.14,2480024,borsapy_fallback_from_yahoo,acilis,2026-09-21T07:36:30Z
2026-09-18,EMNIS,145,145,130.5,130.5,17957,borsapy_fallback_from_yahoo,acilis,2026-09-21T07:36:30Z
2026-09-18,EMPAE,52.3,52.75,49.98,52.6,3867861,borsapy_fallback_from_yahoo,acilis,2026-09-21T07:36:30Z
2026-09-18,ENDAE,15.57,15.57,14.8,14.84,3222794,borsapy_fallback_from_yahoo,acilis,2026-09-21T07:36:30Z
2026-09-18,ENERY,12.67,13.02,12.13,12.85,106104276,borsapy_fallback_from_yahoo,acilis,2026-09-21T07:36:30Z
2026-09-18,ENJSA,110.2,111.2,107.9,108,4022146,borsapy_fallback_from_yahoo,acilis,2026-09-21T07:36:30Z
2026-09-18,ENKAI,85.75,86.75,84.65,85.35,9152820,borsapy_fallback_from_yahoo,acilis,2026-09-21T07:36:30Z
2026-09-18,ENPRA,49,49,47.68,47.8,48589,borsapy_fallback_from_yahoo,acilis,2026-09-21T07:36:30Z
2026-09-18,ENSRI,3.75,3.75,3.5,3.5,11777577,borsapy_fallback_from_yahoo,acilis,2026-09-21T07:36:30Z
2026-09-18,ENTRA,4.04,4.04,3.72,4,27317943,borsapy_fallback_from_yahoo,acilis,2026-09-21T07:36:30Z
2026-09-18,EPLAS,5.9,5.9,5.53,5.59,5949076,borsapy_fallback_from_yahoo,acilis,2026-09-21T07:36:30Z
2026-09-18,ERBOS,138.8,138.8,125,125,103066,borsapy_fallback_from_yahoo,acilis,2026-09-21T07:36:30Z
2026-09-18,ERCB,40.16,40.16,36.98,37.36,762702,borsapy_fallback_from_yahoo,acilis,2026-09-21T07:36:30Z
2026-09-18,EREGL,36.2,36.8,35.84,36.42,123505124,borsapy_fallback_from_yahoo,acilis,2026-09-21T07:36:30Z
2026-09-18,ERSU,18.52,18.52,17.46,17.46,459787,borsapy_fallback_from_yahoo,acilis,2026-09-21T07:36:30Z
2026-09-18,ESCAR,33.62,33.62,33.62,33.62,133603,borsapy_fallback_from_yahoo,acilis,2026-09-21T07:36:30Z
2026-09-18,ESCOM,4.68,4.75,4.49,4.5,13298338,borsapy_fallback_from_yahoo,acilis,2026-09-21T07:36:30Z
2026-09-18,ESEN,3.07,3.07,2.89,3,34015308,borsapy_fallback_from_yahoo,acilis,2026-09-21T07:36:30Z
2026-09-18,ETILR,5.73,5.73,5.3,5.55,6553599,borsapy_fallback_from_yahoo,acilis,2026-09-21T07:36:30Z
2026-09-18,ETYAT,9.42,9.8,9.34,9.34,453683,borsapy_fallback_from_yahoo,acilis,2026-09-21T07:36:30Z
2026-09-18,EUHOL,7.4,7.4,7.2,7.37,943952,borsapy_fallback_from_yahoo,acilis,2026-09-21T07:36:30Z
2026-09-18,EUKYO,13.64,13.8,12.51,12.51,379854,borsapy_fallback_from_yahoo,acilis,2026-09-21T07:36:30Z
2026-09-18,EUPWR,54.35,62.35,51.3,62.35,59138025,borsapy_fallback_from_yahoo,acilis,2026-09-21T07:36:30Z
2026-09-18,EUREN,3.36,3.36,3.19,3.23,28129662,borsapy_fallback_from_yahoo,acilis,2026-09-21T07:36:30Z
2026-09-18,EUYO,4.19,4.26,3.85,4.09,1875683,borsapy_fallback_from_yahoo,acilis,2026-09-21T07:36:30Z
2026-09-18,EYGYO,2.26,2.26,2.09,2.19,8460938,borsapy_fallback_from_yahoo,acilis,2026-09-21T07:36:30Z
2026-09-18,FADE,13.39,13.4,12.6,12.72,1345240,borsapy_fallback_from_yahoo,acilis,2026-09-21T07:36:30Z
2026-09-18,FENER,2.63,2.64,2.57,2.59,80833811,borsapy_fallback_from_yahoo,acilis,2026-09-21T07:36:30Z
2026-09-18,FLAP,11.4,12,11.3,11.75,1434506,borsapy_fallback_from_yahoo,acilis,2026-09-21T07:36:30Z
2026-09-18,FMIZP,284.25,284.25,266.75,267,73634,borsapy_fallback_from_yahoo,acilis,2026-09-21T07:36:30Z
2026-09-18,FONET,4.03,4.1,3.87,4.06,17253815,borsapy_fallback_from_yahoo,acilis,2026-09-21T07:36:30Z
2026-09-18,FORMT,1.25,1.25,1.18,1.19,21007286,borsapy_fallback_from_yahoo,acilis,2026-09-21T07:36:30Z
2026-09-18,FORTE,100.5,100.5,95.7,97.4,1264070,borsapy_fallback_from_yahoo,acilis,2026-09-21T07:36:30Z
2026-09-18,FRIGO,1.85,2.21,1.81,1.9,31406862,borsapy_fallback_from_yahoo,acilis,2026-09-21T07:36:30Z
2026-09-18,FRMPL,26.88,26.88,24.6,26.06,3060206,borsapy_fallback_from_yahoo,acilis,2026-09-21T07:36:30Z
2026-09-18,FROTO,77.45,77.9,75.6,76,23080585,borsapy_fallback_from_yahoo,acilis,2026-09-21T07:36:30Z
2026-09-18,FZLGY,9.2,9.5,8.28,8.28,28769635,borsapy_fallback_from_yahoo,acilis,2026-09-21T07:36:30Z
2026-09-18,GARAN,132,133.8,128.2,129.9,45539420,borsapy_fallback_from_yahoo,acilis,2026-09-21T07:36:30Z
2026-09-18,GARFA,26,26,24.4,24.62,905008,borsapy_fallback_from_yahoo,acilis,2026-09-21T07:36:30Z
2026-09-18,GATEG,218.2,218.2,218.2,218.2,8048,borsapy_fallback_from_yahoo,acilis,2026-09-21T07:36:30Z
2026-09-18,GEDIK,5.05,5.47,5.02,5.25,25415727,borsapy_fallback_from_yahoo,acilis,2026-09-21T07:36:30Z
2026-09-18,GEDZA,25.06,25.08,24.46,24.8,237421,borsapy_fallback_from_yahoo,acilis,2026-09-21T07:36:30Z
2026-09-18,GENIL,8.98,8.98,8.1,8.16,46753031,borsapy_fallback_from_yahoo,acilis,2026-09-21T07:36:30Z
2026-09-18,GENKM,9,9.21,8.42,8.6,11323484,borsapy_fallback_from_yahoo,acilis,2026-09-21T07:36:30Z
2026-09-18,GENTS,4.67,4.9,4.44,4.66,5796589,borsapy_fallback_from_yahoo,acilis,2026-09-21T07:36:30Z
2026-09-18,GEREL,29.4,29.4,26.56,26.96,8742472,borsapy_fallback_from_yahoo,acilis,2026-09-21T07:36:30Z
2026-09-18,GESAN,43.26,50.9,43.26,48.36,70975996,borsapy_fallback_from_yahoo,acilis,2026-09-21T07:36:30Z
2026-09-18,GIPTA,50,50,50,50,221027,borsapy_fallback_from_yahoo,acilis,2026-09-21T07:36:30Z
2026-09-18,GLBMD,10.25,10.26,9.28,10.1,233041,borsapy_fallback_from_yahoo,acilis,2026-09-21T07:36:30Z
2026-09-18,GLCVY,48.1,48.12,45.98,46.5,660582,borsapy_fallback_from_yahoo,acilis,2026-09-21T07:36:30Z
2026-09-18,GLRMK,124,145.4,124,140,22025233,borsapy_fallback_from_yahoo,acilis,2026-09-21T07:36:30Z
2026-09-18,GLRYH,2.18,2.27,2.18,2.18,5990294,borsapy_fallback_from_yahoo,acilis,2026-09-21T07:36:30Z
2026-09-18,GLYHO,15.69,15.75,15,15.33,4863908,borsapy_fallback_from_yahoo,acilis,2026-09-21T07:36:30Z
2026-09-18,GMTAS,43.98,43.98,39.86,41.82,2987154,borsapy_fallback_from_yahoo,acilis,2026-09-21T07:36:30Z
2026-09-18,GOKNR,17.6,17.67,17.08,17.49,3271500,borsapy_fallback_from_yahoo,acilis,2026-09-21T07:36:30Z
2026-09-18,GOLDA,10.63,10.71,9.71,10,10912631,borsapy_fallback_from_yahoo,acilis,2026-09-21T07:36:30Z
2026-09-18,GOLTS,278.25,278.25,267,268.5,125372,borsapy_fallback_from_yahoo,acilis,2026-09-21T07:36:30Z
2026-09-18,GOODY,2.51,2.54,2.4,2.43,9307814,borsapy_fallback_from_yahoo,acilis,2026-09-21T07:36:30Z
2026-09-18,GOZDE,21.08,21.3,20.3,20.6,1804923,borsapy_fallback_from_yahoo,acilis,2026-09-21T07:36:30Z
2026-09-18,GRNYO,10.7,10.77,9.91,9.91,648732,borsapy_fallback_from_yahoo,acilis,2026-09-21T07:36:30Z
2026-09-18,GRSEL,276,276,266,266,441796,borsapy_fallback_from_yahoo,acilis,2026-09-21T07:36:30Z
2026-09-18,GRTHO,160.7,160.7,160.7,160.7,27075,borsapy_fallback_from_yahoo,acilis,2026-09-21T07:36:30Z
2026-09-18,GSDDE,13.36,13.47,12.5,12.75,3599944,borsapy_fallback_from_yahoo,acilis,2026-09-21T07:36:30Z
2026-09-18,GSDHO,4.36,4.36,4.11,4.17,7683625,borsapy_fallback_from_yahoo,acilis,2026-09-21T07:36:30Z
2026-09-18,GSRAY,0.97,0.98,0.94,0.94,126353181,borsapy_fallback_from_yahoo,acilis,2026-09-21T07:36:30Z
2026-09-18,GUBRF,430.5,445.5,417.5,443.5,4986631,borsapy_fallback_from_yahoo,acilis,2026-09-21T07:36:30Z
2026-09-18,GUNDG,535.5,535.5,535.5,535.5,4171,borsapy_fallback_from_yahoo,acilis,2026-09-21T07:36:30Z
2026-09-18,GWIND,21.58,21.58,20.68,21.48,3755515,borsapy_fallback_from_yahoo,acilis,2026-09-21T07:36:30Z
2026-09-18,GZNMI,39.76,42,36.7,40.6,1511031,borsapy_fallback_from_yahoo,acilis,2026-09-21T07:36:30Z
2026-09-18,HALKB,47.78,48.56,46.1,46.52,34372368,borsapy_fallback_from_yahoo,acilis,2026-09-21T07:36:30Z
2026-09-18,HATEK,11.64,11.67,11.01,11.48,1159144,borsapy_fallback_from_yahoo,acilis,2026-09-21T07:36:30Z
2026-09-18,HATSN,43.8,43.8,43.8,43.8,548994,borsapy_fallback_from_yahoo,acilis,2026-09-21T07:36:30Z
2026-09-18,HDFGS,1.53,1.53,1.53,1.53,2189168,borsapy_fallback_from_yahoo,acilis,2026-09-21T07:36:30Z
2026-09-18,HEDEF,19.35,19.35,19.35,19.35,117798,borsapy_fallback_from_yahoo,acilis,2026-09-21T07:36:30Z
2026-09-18,HEKTS,2.39,2.43,2.3,2.34,273304770,borsapy_fallback_from_yahoo,acilis,2026-09-21T07:36:30Z
2026-09-18,HKTM,11.85,11.88,11.19,11.3,3055762,borsapy_fallback_from_yahoo,acilis,2026-09-21T07:36:30Z
2026-09-18,HLGYO,4.12,4.12,3.98,4.04,16159532,borsapy_fallback_from_yahoo,acilis,2026-09-21T07:36:30Z
2026-09-18,HOROZ,47.52,47.54,44.84,46.8,1029328,borsapy_fallback_from_yahoo,acilis,2026-09-21T07:36:30Z
2026-09-18,HRKET,84.1,89.85,84.1,88,3549796,borsapy_fallback_from_yahoo,acilis,2026-09-21T07:36:30Z
2026-09-18,HTTBT,32.7,32.7,30.38,30.38,662888,borsapy_fallback_from_yahoo,acilis,2026-09-21T07:36:30Z
2026-09-18,HUBVC,1.93,1.97,1.82,1.91,2690721,borsapy_fallback_from_yahoo,acilis,2026-09-21T07:36:30Z
2026-09-18,HUNER,4.03,4.03,3.84,3.88,40941017,borsapy_fallback_from_yahoo,acilis,2026-09-21T07:36:30Z
2026-09-18,HURGZ,7.37,7.37,6.62,6.69,8171975,borsapy_fallback_from_yahoo,acilis,2026-09-21T07:36:30Z
2026-09-18,ICBCT,17.66,17.66,16.79,17.11,1009242,borsapy_fallback_from_yahoo,acilis,2026-09-21T07:36:30Z
2026-09-18,ICUGS,2.6,2.7,2.6,2.6,4713879,borsapy_fallback_from_yahoo,acilis,2026-09-21T07:36:30Z
2026-09-18,IDGYO,2.44,2.7,2.29,2.65,2344427,borsapy_fallback_from_yahoo,acilis,2026-09-21T07:36:30Z
2026-09-18,IEYHO,167.7,167.7,167.7,167.7,271918,borsapy_fallback_from_yahoo,acilis,2026-09-21T07:36:30Z
2026-09-18,IHAAS,42.58,42.58,41.02,41.54,280839,borsapy_fallback_from_yahoo,acilis,2026-09-21T07:36:30Z
2026-09-18,IHEVA,1.83,1.84,1.69,1.74,1803053,borsapy_fallback_from_yahoo,acilis,2026-09-21T07:36:30Z
2026-09-18,IHGZT,1.12,1.13,1.07,1.08,9358879,borsapy_fallback_from_yahoo,acilis,2026-09-21T07:36:30Z
2026-09-18,IHLAS,1.04,1.04,0.99,1,135449982,borsapy_fallback_from_yahoo,acilis,2026-09-21T07:36:30Z
2026-09-18,IHLGM,1.49,1.5,1.41,1.42,19956652,borsapy_fallback_from_yahoo,acilis,2026-09-21T07:36:30Z
2026-09-18,IHYAY,1.17,1.17,1.06,1.08,2609848,borsapy_fallback_from_yahoo,acilis,2026-09-21T07:36:30Z
2026-09-18,IMASM,2.03,2.03,1.87,1.87,37019090,borsapy_fallback_from_yahoo,acilis,2026-09-21T07:36:30Z
2026-09-18,INDES,10.76,10.81,10.36,10.49,3899359,borsapy_fallback_from_yahoo,acilis,2026-09-21T07:36:30Z
2026-09-18,INFO,1.78,1.78,1.78,1.78,1544279,borsapy_fallback_from_yahoo,acilis,2026-09-21T07:36:30Z
2026-09-18,INGRM,342.5,342.5,326,331,37190,borsapy_fallback_from_yahoo,acilis,2026-09-21T07:36:30Z
2026-09-18,INTEK,197.3,197.3,186,189.4,9228,borsapy_fallback_from_yahoo,acilis,2026-09-21T07:36:30Z
2026-09-18,INTEM,223.9,223.9,209.5,213.5,66797,borsapy_fallback_from_yahoo,acilis,2026-09-21T07:36:30Z
2026-09-18,INTET,47.6,48.78,44.1,47.04,15381027,borsapy_fallback_from_yahoo,acilis,2026-09-21T07:36:30Z
2026-09-18,INVEO,6.18,6.56,6.02,6.38,17502120,borsapy_fallback_from_yahoo,acilis,2026-09-21T07:36:30Z
2026-09-18,INVES,782,803,775.5,795,125480,borsapy_fallback_from_yahoo,acilis,2026-09-21T07:36:30Z
2026-09-18,ISBIR,67.75,67.75,65,65,35546,borsapy_fallback_from_yahoo,acilis,2026-09-21T07:36:30Z
2026-09-18,ISBTR,483997.5,483997.5,435600,445000,4,borsapy_fallback_from_yahoo,acilis,2026-09-21T07:36:30Z
2026-09-18,ISCTR,13.34,13.54,13.09,13.26,561416100,borsapy_fallback_from_yahoo,acilis,2026-09-21T07:36:30Z
2026-09-18,ISDMR,62.15,62.2,59.85,61.65,3812743,borsapy_fallback_from_yahoo,acilis,2026-09-21T07:36:30Z
2026-09-18,ISFIN,18.55,18.66,17.97,18.5,1314453,borsapy_fallback_from_yahoo,acilis,2026-09-21T07:36:30Z
2026-09-18,ISGYO,22.66,23.6,22.06,23.16,3618570,borsapy_fallback_from_yahoo,acilis,2026-09-21T07:36:30Z
2026-09-18,ISKPL,4.74,4.74,4.74,4.74,2655394,borsapy_fallback_from_yahoo,acilis,2026-09-21T07:36:30Z
2026-09-18,ISMEN,34.9,35.12,33.52,33.68,8702005,borsapy_fallback_from_yahoo,acilis,2026-09-21T07:36:30Z
2026-09-18,ISSEN,6.23,6.38,6.06,6.14,1003900,borsapy_fallback_from_yahoo,acilis,2026-09-21T07:36:30Z
2026-09-18,ISVEA,70.85,70.85,70.85,70.85,8454,borsapy_fallback_from_yahoo,acilis,2026-09-21T07:36:30Z
2026-09-18,IZENR,5,5,4.82,4.82,6882722,borsapy_fallback_from_yahoo,acilis,2026-09-21T07:36:30Z
2026-09-18,IZFAS,37.2,37.2,37.2,37.2,202605,borsapy_fallback_from_yahoo,acilis,2026-09-21T07:36:30Z
2026-09-18,IZINV,40.5,40.5,37.3,38.32,258018,borsapy_fallback_from_yahoo,acilis,2026-09-21T07:36:30Z
2026-09-18,IZMDC,8.07,8.07,7.33,7.47,14704053,borsapy_fallback_from_yahoo,acilis,2026-09-21T07:36:30Z
2026-09-18,JANTS,15.48,15.48,14.9,15.1,2099750,borsapy_fallback_from_yahoo,acilis,2026-09-21T07:36:30Z
2026-09-18,KAPLM,247.2,255,244.4,244.4,79093,borsapy_fallback_from_yahoo,acilis,2026-09-21T07:36:30Z
2026-09-18,KARCL,170,170,170,170,41363,borsapy_fallback_from_yahoo,acilis,2026-09-21T07:36:30Z
2026-09-18,KAREL,6.61,6.64,6.19,6.19,12090728,borsapy_fallback_from_yahoo,acilis,2026-09-21T07:36:30Z
2026-09-18,KARSN,9.9,10,9.48,9.48,24146106,borsapy_fallback_from_yahoo,acilis,2026-09-21T07:36:30Z
2026-09-18,KARTN,134.5,134.5,120.7,125.6,582722,borsapy_fallback_from_yahoo,acilis,2026-09-21T07:36:30Z
2026-09-18,KATMR,1.68,1.68,1.6,1.61,65096295,borsapy_fallback_from_yahoo,acilis,2026-09-21T07:36:30Z
2026-09-18,KAYSE,3.69,3.69,3.51,3.58,11369118,borsapy_fallback_from_yahoo,acilis,2026-09-21T07:36:30Z
2026-09-18,KBORU,12.73,12.73,12.73,12.73,2401179,borsapy_fallback_from_yahoo,acilis,2026-09-21T07:36:30Z
2026-09-18,KCAER,12,12.2,11.4,11.82,11848672,borsapy_fallback_from_yahoo,acilis,2026-09-21T07:36:30Z
2026-09-18,KCHOL,216.5,219.9,214.1,214.7,45052370,borsapy_fallback_from_yahoo,acilis,2026-09-21T07:36:30Z
2026-09-18,KENT,320.5,320.5,316,316,3171,borsapy_fallback_from_yahoo,acilis,2026-09-21T07:36:30Z
2026-09-18,KERVN,7.18,7.18,6.75,6.75,1066663,borsapy_fallback_from_yahoo,acilis,2026-09-21T07:36:30Z
2026-09-18,KFEIN,6.57,6.9,6.55,6.59,3152734,borsapy_fallback_from_yahoo,acilis,2026-09-21T07:36:30Z
2026-09-18,KGYO,11.41,11.8,10.96,11.79,10544811,borsapy_fallback_from_yahoo,acilis,2026-09-21T07:36:30Z
2026-09-18,KIMMR,11.92,12.05,11.42,11.46,1350604,borsapy_fallback_from_yahoo,acilis,2026-09-21T07:36:30Z
2026-09-18,KLGYO,4.04,4.06,3.84,4.06,12672269,borsapy_fallback_from_yahoo,acilis,2026-09-21T07:36:30Z
2026-09-18,KLKIM,24.12,24.12,22.92,23.12,2007206,borsapy_fallback_from_yahoo,acilis,2026-09-21T07:36:30Z
2026-09-18,KLMSN,25.18,25.28,23.28,23.86,852385,borsapy_fallback_from_yahoo,acilis,2026-09-21T07:36:30Z
2026-09-18,KLNMA,8.72,8.72,8.46,8.5,182517,borsapy_fallback_from_yahoo,acilis,2026-09-21T07:36:30Z
2026-09-18,KLRHO,43,45.04,42.34,42.34,1055525,borsapy_fallback_from_yahoo,acilis,2026-09-21T07:36:30Z
2026-09-18,KLSER,21.38,21.38,20.38,20.54,1141725,borsapy_fallback_from_yahoo,acilis,2026-09-21T07:36:30Z
2026-09-18,KLSYN,13.74,13.8,12.31,13.6,3857063,borsapy_fallback_from_yahoo,acilis,2026-09-21T07:36:30Z
2026-09-18,KLYPV,57.9,60.25,55.05,56.35,3590159,borsapy_fallback_from_yahoo,acilis,2026-09-21T07:36:30Z
2026-09-18,KMPUR,16.3,16.3,15.16,15.99,2179970,borsapy_fallback_from_yahoo,acilis,2026-09-21T07:36:30Z
2026-09-18,KNFRT,12.02,12.21,11.05,11.15,3464850,borsapy_fallback_from_yahoo,acilis,2026-09-21T07:36:30Z
2026-09-18,KOCMT,3.08,3.08,3.08,3.08,2813551,borsapy_fallback_from_yahoo,acilis,2026-09-21T07:36:30Z
2026-09-18,KONKA,8.33,8.33,7.97,8.14,2404834,borsapy_fallback_from_yahoo,acilis,2026-09-21T07:36:30Z
2026-09-18,KONTR,3.1,3.1,2.84,2.84,17154998,borsapy_fallback_from_yahoo,acilis,2026-09-21T07:36:30Z
2026-09-18,KONYA,4015,4015,3820,3852.5,14430,borsapy_fallback_from_yahoo,acilis,2026-09-21T07:36:30Z
2026-09-18,KOPOL,3.74,3.88,3.73,3.73,7598780,borsapy_fallback_from_yahoo,acilis,2026-09-21T07:36:30Z
2026-09-18,KORDS,3.36,3.36,3.06,3.14,37669373,borsapy_fallback_from_yahoo,acilis,2026-09-21T07:36:30Z
2026-09-18,KOTON,11.48,11.49,11.06,11.31,1848503,borsapy_fallback_from_yahoo,acilis,2026-09-21T07:36:30Z
2026-09-18,KPEKS,76.55,76.55,76.55,76.55,597210,borsapy_fallback_from_yahoo,acilis,2026-09-21T07:36:30Z
2026-09-18,KRDMA,45.94,46.98,43.66,44.1,8211229,borsapy_fallback_from_yahoo,acilis,2026-09-21T07:36:30Z
2026-09-18,KRDMB,96,102.6,85.35,88.3,4615250,borsapy_fallback_from_yahoo,acilis,2026-09-21T07:36:30Z
2026-09-18,KRDMD,43.84,44.78,43.22,44.02,41012215,borsapy_fallback_from_yahoo,acilis,2026-09-21T07:36:30Z
2026-09-18,KRGYO,3.19,3.38,2.99,2.99,16723876,borsapy_fallback_from_yahoo,acilis,2026-09-21T07:36:30Z
2026-09-18,KRONT,20.04,21.04,19.1,19.16,2058800,borsapy_fallback_from_yahoo,acilis,2026-09-21T07:36:30Z
2026-09-18,KRPLS,11.9,11.9,10.7,11.5,6836832,borsapy_fallback_from_yahoo,acilis,2026-09-21T07:36:30Z
2026-09-18,KRSTL,8.01,8.38,7.8,8.03,6799905,borsapy_fallback_from_yahoo,acilis,2026-09-21T07:36:30Z
2026-09-18,KRTEK,5.37,5.71,5.3,5.38,281907,borsapy_fallback_from_yahoo,acilis,2026-09-21T07:36:30Z
2026-09-18,KRVGD,2.09,2.1,2.01,2.08,12052690,borsapy_fallback_from_yahoo,acilis,2026-09-21T07:36:30Z
2026-09-18,KSTUR,2225,2225,2140,2150,525,borsapy_fallback_from_yahoo,acilis,2026-09-21T07:36:30Z
2026-09-18,KTLEV,22.26,22.26,22.26,22.26,8500053,borsapy_fallback_from_yahoo,acilis,2026-09-21T07:36:30Z
2026-09-18,KTSKR,66.1,66.55,62.9,64.5,441844,borsapy_fallback_from_yahoo,acilis,2026-09-21T07:36:30Z
2026-09-18,KUTPO,76.2,76.2,73,73.45,148575,borsapy_fallback_from_yahoo,acilis,2026-09-21T07:36:30Z
2026-09-18,KUVVA,145,152.9,141.9,141.9,209341,borsapy_fallback_from_yahoo,acilis,2026-09-21T07:36:30Z
2026-09-18,KUYAS,50.85,53.5,50.85,50.85,20231810,borsapy_fallback_from_yahoo,acilis,2026-09-21T07:36:30Z
2026-09-18,KZBGY,1.57,1.58,1.47,1.47,62634876,borsapy_fallback_from_yahoo,acilis,2026-09-21T07:36:30Z
2026-09-18,KZGYO,20.26,20.26,20.26,20.26,180790,borsapy_fallback_from_yahoo,acilis,2026-09-21T07:36:30Z
2026-09-18,LIDER,15.8,15.8,15.8,15.8,432027,borsapy_fallback_from_yahoo,acilis,2026-09-21T07:36:30Z
2026-09-18,LIDFA,1.5,1.62,1.47,1.61,39584139,borsapy_fallback_from_yahoo,acilis,2026-09-21T07:36:30Z
2026-09-18,LILAK,25.9,28.48,24.9,26.3,20687246,borsapy_fallback_from_yahoo,acilis,2026-09-21T07:36:30Z
2026-09-18,LINK,4.44,4.44,4.11,4.18,21816516,borsapy_fallback_from_yahoo,acilis,2026-09-21T07:36:30Z
2026-09-18,LKMNH,12.98,12.98,12.35,12.48,2754515,borsapy_fallback_from_yahoo,acilis,2026-09-21T07:36:30Z
2026-09-18,LMKDC,22.48,23.82,22,22.3,13411172,borsapy_fallback_from_yahoo,acilis,2026-09-21T07:36:30Z
2026-09-18,LOGO,138.4,143.8,134.9,143.5,958036,borsapy_fallback_from_yahoo,acilis,2026-09-21T07:36:30Z
2026-09-18,LRSHO,2.14,2.2,2.04,2.08,21339926,borsapy_fallback_from_yahoo,acilis,2026-09-21T07:36:30Z
2026-09-18,LUKSK,75,75,69.95,70.25,95719,borsapy_fallback_from_yahoo,acilis,2026-09-21T07:36:30Z
2026-09-18,LXGYO,7.16,7.21,6.62,6.8,6621440,borsapy_fallback_from_yahoo,acilis,2026-09-21T07:36:30Z
2026-09-18,LYDHO,94.05,94.05,94.05,94.05,38237,borsapy_fallback_from_yahoo,acilis,2026-09-21T07:36:30Z
2026-09-18,LYDYE,9337.5,9337.5,9337.5,9337.5,1203,borsapy_fallback_from_yahoo,acilis,2026-09-21T07:36:30Z
2026-09-18,MAALT,985,985,930.5,942,39686,borsapy_fallback_from_yahoo,acilis,2026-09-21T07:36:30Z
2026-09-18,MACKO,32.78,32.78,30.36,30.7,653567,borsapy_fallback_from_yahoo,acilis,2026-09-21T07:36:30Z
2026-09-18,MAGEN,29.46,29.46,27.24,27.24,3540303,borsapy_fallback_from_yahoo,acilis,2026-09-21T07:36:30Z
2026-09-18,MAKIM,12.91,13.32,12.3,12.64,693743,borsapy_fallback_from_yahoo,acilis,2026-09-21T07:36:30Z
2026-09-18,MAKTK,8.13,8.13,7.68,7.69,2897096,borsapy_fallback_from_yahoo,acilis,2026-09-21T07:36:30Z
2026-09-18,MANAS,24.4,24.4,24.4,24.4,1197065,borsapy_fallback_from_yahoo,acilis,2026-09-21T07:36:30Z
2026-09-18,MARBL,11.2,11.2,10.21,10.4,1641704,borsapy_fallback_from_yahoo,acilis,2026-09-21T07:36:30Z
2026-09-18,MARMR,1.74,1.74,1.62,1.67,35261066,borsapy_fallback_from_yahoo,acilis,2026-09-21T07:36:30Z
2026-09-18,MARTI,2.23,2.23,2.23,2.23,361244,borsapy_fallback_from_yahoo,acilis,2026-09-21T07:36:30Z
2026-09-18,MASFN,35,36.54,33.6,36.5,8043339,borsapy_fallback_from_yahoo,acilis,2026-09-21T07:36:30Z
2026-09-18,MAVI,37.74,38.7,34.98,34.98,24036768,borsapy_fallback_from_yahoo,acilis,2026-09-21T07:36:30Z
2026-09-18,MCARD,111.6,111.6,111.6,111.6,92831,borsapy_fallback_from_yahoo,acilis,2026-09-21T07:36:30Z
2026-09-18,MEDTR,21,21,20,20,449471,borsapy_fallback_from_yahoo,acilis,2026-09-21T07:36:30Z
2026-09-18,MEGAP,1.52,1.52,1.4,1.44,1315026,borsapy_fallback_from_yahoo,acilis,2026-09-21T07:36:30Z
2026-09-18,MEGMT,35.82,35.92,34.22,34.6,8930275,borsapy_fallback_from_yahoo,acilis,2026-09-21T07:36:30Z
2026-09-18,MEKAG,2.57,2.57,2.36,2.38,9445275,borsapy_fallback_from_yahoo,acilis,2026-09-21T07:36:30Z
2026-09-18,MEPET,17.06,19.63,17.06,18.9,684147,borsapy_fallback_from_yahoo,acilis,2026-09-21T07:36:30Z
2026-09-18,MERCN,16,16.17,15.17,15.17,4806967,borsapy_fallback_from_yahoo,acilis,2026-09-21T07:36:30Z
2026-09-18,MERIT,14.82,15.04,14.08,14.43,1916597,borsapy_fallback_from_yahoo,acilis,2026-09-21T07:36:30Z
2026-09-18,MERKO,1.1,1.1,1.03,1.04,29677182,borsapy_fallback_from_yahoo,acilis,2026-09-21T07:36:30Z
2026-09-18,METEN,17.5,17.7,17,17.4,19607594,borsapy_fallback_from_yahoo,acilis,2026-09-21T07:36:30Z
2026-09-18,METRO,7.04,7.08,6.61,6.75,8013114,borsapy_fallback_from_yahoo,acilis,2026-09-21T07:36:30Z
2026-09-18,MEYSU,9.05,9.05,8.25,8.36,11755475,borsapy_fallback_from_yahoo,acilis,2026-09-21T07:36:30Z
2026-09-18,MGROS,522,530.5,516.5,525,2473365,borsapy_fallback_from_yahoo,acilis,2026-09-21T07:36:30Z
2026-09-18,MHRGY,1.96,1.96,1.88,1.92,4669489,borsapy_fallback_from_yahoo,acilis,2026-09-21T07:36:30Z
2026-09-18,MIATK,25.3,25.3,25.3,25.3,2870038,borsapy_fallback_from_yahoo,acilis,2026-09-21T07:36:30Z
2026-09-18,MMCAS,28.36,28.36,28.36,28.36,51947,borsapy_fallback_from_yahoo,acilis,2026-09-21T07:36:30Z
2026-09-18,MNDRS,10.37,10.37,9.98,10.14,2095307,borsapy_fallback_from_yahoo,acilis,2026-09-21T07:36:30Z
2026-09-18,MNDTR,4.68,4.68,4.32,4.34,2583310,borsapy_fallback_from_yahoo,acilis,2026-09-21T07:36:30Z
2026-09-18,MOBTL,12.03,12.04,10.8,10.8,1660847,borsapy_fallback_from_yahoo,acilis,2026-09-21T07:36:30Z
2026-09-18,MOGAN,9.32,9.62,9.32,9.32,7454697,borsapy_fallback_from_yahoo,acilis,2026-09-21T07:36:30Z
2026-09-18,MOPAS,20.5,21.56,20.5,21.42,1766360,borsapy_fallback_from_yahoo,acilis,2026-09-21T07:36:30Z
2026-09-18,MPARK,435,441.5,424.75,436.75,715428,borsapy_fallback_from_yahoo,acilis,2026-09-21T07:36:30Z
2026-09-18,MRGYO,1.73,1.73,1.73,1.73,1011827,borsapy_fallback_from_yahoo,acilis,2026-09-21T07:36:30Z
2026-09-18,MRSHL,1587,1587,1510,1544,18566,borsapy_fallback_from_yahoo,acilis,2026-09-21T07:36:30Z
2026-09-18,MSGYO,5.24,5.24,4.93,5.19,1878564,borsapy_fallback_from_yahoo,acilis,2026-09-21T07:36:30Z
2026-09-18,MTRKS,23.28,24.68,23.28,23.52,1198978,borsapy_fallback_from_yahoo,acilis,2026-09-21T07:36:30Z
2026-09-18,MTRYO,7.99,8.73,7.26,8.73,1048460,borsapy_fallback_from_yahoo,acilis,2026-09-21T07:36:30Z
2026-09-18,MZHLD,5.24,5.24,4.9,5,658129,borsapy_fallback_from_yahoo,acilis,2026-09-21T07:36:30Z
2026-09-18,NATEN,4.7,4.7,4.35,4.46,6648330,borsapy_fallback_from_yahoo,acilis,2026-09-21T07:36:30Z
2026-09-18,NETAS,80,89.95,79.8,81.45,1565313,borsapy_fallback_from_yahoo,acilis,2026-09-21T07:36:30Z
2026-09-18,NETCD,95.5,95.5,88.75,93.45,3664894,borsapy_fallback_from_yahoo,acilis,2026-09-21T07:36:30Z
2026-09-18,NETGL,30.86,30.86,30.86,30.86,1780872,borsapy_fallback_from_yahoo,acilis,2026-09-21T07:36:30Z
2026-09-18,NIBAS,3.52,3.61,3.38,3.39,8289264,borsapy_fallback_from_yahoo,acilis,2026-09-21T07:36:30Z
2026-09-18,NTGAZ,10.64,10.76,10.45,10.62,2626547,borsapy_fallback_from_yahoo,acilis,2026-09-21T07:36:30Z
2026-09-18,NTHOL,38.28,38.94,37.18,38.6,2008008,borsapy_fallback_from_yahoo,acilis,2026-09-21T07:36:30Z
2026-09-18,NUGYO,8.45,8.45,7.96,8.07,1934196,borsapy_fallback_from_yahoo,acilis,2026-09-21T07:36:30Z
2026-09-18,NUHCM,209.9,210.3,199.1,204.2,120470,borsapy_fallback_from_yahoo,acilis,2026-09-21T07:36:30Z
2026-09-18,OBAMS,4.76,4.76,4.3,4.39,41031292,borsapy_fallback_from_yahoo,acilis,2026-09-21T07:36:30Z
2026-09-18,OBASE,33.28,33.28,30.64,31.36,398036,borsapy_fallback_from_yahoo,acilis,2026-09-21T07:36:30Z
2026-09-18,ODAS,7.02,7.02,6.67,6.77,55028400,borsapy_fallback_from_yahoo,acilis,2026-09-21T07:36:30Z
2026-09-18,ODINE,462.25,462.25,462.25,462.25,27229,borsapy_fallback_from_yahoo,acilis,2026-09-21T07:36:30Z
2026-09-18,OFSYM,60.45,62.95,58.15,60.9,1082973,borsapy_fallback_from_yahoo,acilis,2026-09-21T07:36:30Z
2026-09-18,ONCSM,115.6,115.6,115.6,115.6,84674,borsapy_fallback_from_yahoo,acilis,2026-09-21T07:36:30Z
2026-09-18,ONRYT,12.12,12.12,10.98,11.8,3154529,borsapy_fallback_from_yahoo,acilis,2026-09-21T07:36:30Z
2026-09-18,ORCAY,2.54,2.98,2.54,2.8,6214027,borsapy_fallback_from_yahoo,acilis,2026-09-21T07:36:30Z
2026-09-18,ORGE,22.36,22.36,21.5,22.2,4642631,borsapy_fallback_from_yahoo,acilis,2026-09-21T07:36:30Z
2026-09-18,ORMA,134.5,134.5,126.1,126.5,16433,borsapy_fallback_from_yahoo,acilis,2026-09-21T07:36:30Z
2026-09-18,ORZAX,72.95,74.1,71.2,73,2624451,borsapy_fallback_from_yahoo,acilis,2026-09-21T07:36:30Z
2026-09-18,OSMEN,5.91,5.91,5.64,5.79,2463363,borsapy_fallback_from_yahoo,acilis,2026-09-21T07:36:30Z
2026-09-18,OSTIM,1.48,1.48,1.37,1.41,23356788,borsapy_fallback_from_yahoo,acilis,2026-09-21T07:36:30Z
2026-09-18,OTKAR,307.5,307.5,296.25,304.75,488989,borsapy_fallback_from_yahoo,acilis,2026-09-21T07:36:30Z
2026-09-18,OTTO,107.6,108.1,96,99.3,230841,borsapy_fallback_from_yahoo,acilis,2026-09-21T07:36:30Z
2026-09-18,OYAKC,20.42,20.58,19.72,20.2,14166258,borsapy_fallback_from_yahoo,acilis,2026-09-21T07:36:30Z
2026-09-18,OYAYO,39.96,39.96,36.6,38.24,82895,borsapy_fallback_from_yahoo,acilis,2026-09-21T07:36:30Z
2026-09-18,OYLUM,6.5,6.5,5.8,6.22,655792,borsapy_fallback_from_yahoo,acilis,2026-09-21T07:36:30Z
2026-09-18,OYYAT,30,30.06,28.04,28.04,798464,borsapy_fallback_from_yahoo,acilis,2026-09-21T07:36:30Z
2026-09-18,OZATD,3632.5,3632.5,3632.5,3632.5,297,borsapy_fallback_from_yahoo,acilis,2026-09-21T07:36:30Z
2026-09-18,OZGYO,1.94,1.94,1.81,1.82,15693035,borsapy_fallback_from_yahoo,acilis,2026-09-21T07:36:30Z
2026-09-18,OZKGY,12.5,12.53,11.99,11.99,5157308,borsapy_fallback_from_yahoo,acilis,2026-09-21T07:36:30Z
2026-09-18,OZRDN,27,27.64,25.54,25.9,322469,borsapy_fallback_from_yahoo,acilis,2026-09-21T07:36:30Z
2026-09-18,OZSUB,38.26,38.26,35.02,37.42,3027257,borsapy_fallback_from_yahoo,acilis,2026-09-21T07:36:30Z
2026-09-18,OZYSR,11.02,11.33,10.75,11.04,3416648,borsapy_fallback_from_yahoo,acilis,2026-09-21T07:36:30Z
2026-09-18,PAGYO,127,127,121,121,432726,borsapy_fallback_from_yahoo,acilis,2026-09-21T07:36:30Z
2026-09-18,PAHOL,1.1,1.1,1.02,1.05,399417890,borsapy_fallback_from_yahoo,acilis,2026-09-21T07:36:30Z
2026-09-18,PAMEL,60.2,60.2,55.65,55.65,167810,borsapy_fallback_from_yahoo,acilis,2026-09-21T07:36:30Z
2026-09-18,PAPIL,10.29,10.8,9.59,9.68,6726402,borsapy_fallback_from_yahoo,acilis,2026-09-21T07:36:30Z
2026-09-18,PARSN,65.75,66.75,63,64.85,483005,borsapy_fallback_from_yahoo,acilis,2026-09-21T07:36:30Z
2026-09-18,PASEU,55.45,55.45,55.45,55.45,1743812,borsapy_fallback_from_yahoo,acilis,2026-09-21T07:36:30Z
2026-09-18,PATEK,18.47,20,18.47,18.49,14570668,borsapy_fallback_from_yahoo,acilis,2026-09-21T07:36:30Z
2026-09-18,PCILT,30.4,30.78,29.22,29.76,1535641,borsapy_fallback_from_yahoo,acilis,2026-09-21T07:36:30Z
2026-09-18,PEKGY,8.54,8.54,8.54,8.54,2275777,borsapy_fallback_from_yahoo,acilis,2026-09-21T07:36:30Z
2026-09-18,PENGD,8.43,8.53,8.13,8.17,3037072,borsapy_fallback_from_yahoo,acilis,2026-09-21T07:36:30Z
2026-09-18,PENTA,11.82,11.82,10.65,10.65,4153773,borsapy_fallback_from_yahoo,acilis,2026-09-21T07:36:30Z
2026-09-18,PETKM,21.36,21.62,20.58,21.44,92647712,borsapy_fallback_from_yahoo,acilis,2026-09-21T07:36:30Z
2026-09-18,PETUN,11.16,11.16,10.61,10.81,1087184,borsapy_fallback_from_yahoo,acilis,2026-09-21T07:36:30Z
2026-09-18,PGSUS,149.8,151.6,147.2,147.6,7753163,borsapy_fallback_from_yahoo,acilis,2026-09-21T07:36:30Z
2026-09-18,PINSU,9.26,9.5,9.01,9.16,2547817,borsapy_fallback_from_yahoo,acilis,2026-09-21T07:36:30Z
2026-09-18,PKART,97,97,92.5,94,319810,borsapy_fallback_from_yahoo,acilis,2026-09-21T07:36:30Z
2026-09-18,PKENT,107.4,115,106.5,108.6,170236,borsapy_fallback_from_yahoo,acilis,2026-09-21T07:36:30Z
2026-09-18,PLTUR,17.83,17.83,16.72,17.25,1333772,borsapy_fallback_from_yahoo,acilis,2026-09-21T07:36:30Z
2026-09-18,PNLSN,37.44,37.44,34.82,35.5,858046,borsapy_fallback_from_yahoo,acilis,2026-09-21T07:36:30Z
2026-09-18,PNSUT,10.72,10.72,10.19,10.44,2551525,borsapy_fallback_from_yahoo,acilis,2026-09-21T07:36:30Z
2026-09-18,POLHO,20.46,20.9,18.66,19.5,2139926,borsapy_fallback_from_yahoo,acilis,2026-09-21T07:36:30Z
2026-09-18,POLTK,3715,3725,3430,3482.5,12369,borsapy_fallback_from_yahoo,acilis,2026-09-21T07:36:30Z
2026-09-18,PRDGS,4.85,4.85,4.85,4.85,635851,borsapy_fallback_from_yahoo,acilis,2026-09-21T07:36:30Z
2026-09-18,PRKAB,28.6,29.2,27.5,27.56,625980,borsapy_fallback_from_yahoo,acilis,2026-09-21T07:36:30Z
2026-09-18,PRKME,17.06,17.06,16.21,16.36,1419470,borsapy_fallback_from_yahoo,acilis,2026-09-21T07:36:30Z
2026-09-18,PRZMA,51,51,51,51,10337,borsapy_fallback_from_yahoo,acilis,2026-09-21T07:36:30Z
2026-09-18,PSDTC,102.9,106,102.7,102.7,235616,borsapy_fallback_from_yahoo,acilis,2026-09-21T07:36:30Z
2026-09-18,PSGYO,2.11,2.28,2.11,2.23,240528350,borsapy_fallback_from_yahoo,acilis,2026-09-21T07:36:30Z
2026-09-18,QNBFK,38.26,38.26,37.96,37.96,22882,borsapy_fallback_from_yahoo,acilis,2026-09-21T07:36:30Z
2026-09-18,QNBTR,175,175,168,168,17582,borsapy_fallback_from_yahoo,acilis,2026-09-21T07:36:30Z
2026-09-18,QUAGR,2.5,2.56,2.43,2.48,63303909,borsapy_fallback_from_yahoo,acilis,2026-09-21T07:36:30Z
2026-09-18,QUICK,52.3,52.3,49.7,50.75,1931070,borsapy_fallback_from_yahoo,acilis,2026-09-21T07:36:30Z
2026-09-18,RALYH,220,223.1,198,198,841668,borsapy_fallback_from_yahoo,acilis,2026-09-21T07:36:30Z
2026-09-18,RAYSG,141.8,142.4,135.3,136.1,97697,borsapy_fallback_from_yahoo,acilis,2026-09-21T07:36:30Z
2026-09-18,REEDR,5.03,5.06,4.61,4.61,15970410,borsapy_fallback_from_yahoo,acilis,2026-09-21T07:36:30Z
2026-09-18,RGYAS,191.3,192.1,186.1,190.4,3090138,borsapy_fallback_from_yahoo,acilis,2026-09-21T07:36:30Z
2026-09-18,RNPOL,2.05,2.25,1.85,2.19,9534647,borsapy_fallback_from_yahoo,acilis,2026-09-21T07:36:30Z
2026-09-18,RODRG,20,20.2,18.27,20.12,289231,borsapy_fallback_from_yahoo,acilis,2026-09-21T07:36:30Z
2026-09-18,RTALB,2.39,2.39,2.25,2.32,26296707,borsapy_fallback_from_yahoo,acilis,2026-09-21T07:36:30Z
2026-09-18,RUBNS,24.9,25.36,22.6,23.96,2349393,borsapy_fallback_from_yahoo,acilis,2026-09-21T07:36:30Z
2026-09-18,RUZYE,6.5,6.59,6.17,6.17,4876106,borsapy_fallback_from_yahoo,acilis,2026-09-21T07:36:30Z
2026-09-18,RYGYO,42.6,47.18,42.22,46.6,7131811,borsapy_fallback_from_yahoo,acilis,2026-09-21T07:36:30Z
2026-09-18,RYSAS,23.9,24.24,22.7,24.18,39273099,borsapy_fallback_from_yahoo,acilis,2026-09-21T07:36:30Z
2026-09-18,SAFKR,11.82,12.1,11.06,11.7,6266073,borsapy_fallback_from_yahoo,acilis,2026-09-21T07:36:30Z
2026-09-18,SAHOL,90.6,90.8,88.05,88.05,36476904,borsapy_fallback_from_yahoo,acilis,2026-09-21T07:36:30Z
2026-09-18,SAMAT,4.54,4.54,4.15,4.34,1068474,borsapy_fallback_from_yahoo,acilis,2026-09-21T07:36:30Z
2026-09-18,SANEL,39,42.4,37,41.2,494946,borsapy_fallback_from_yahoo,acilis,2026-09-21T07:36:30Z
2026-09-18,SANFM,6.24,6.66,6.24,6.66,4728714,borsapy_fallback_from_yahoo,acilis,2026-09-21T07:36:30Z
2026-09-18,SANKO,20.5,20.5,18.74,19.02,641720,borsapy_fallback_from_yahoo,acilis,2026-09-21T07:36:30Z
2026-09-18,SARAE,57.25,57.25,57.25,57.25,974719,borsapy_fallback_from_yahoo,acilis,2026-09-21T07:36:30Z
2026-09-18,SARKY,22.6,22.6,21.9,21.92,2985162,borsapy_fallback_from_yahoo,acilis,2026-09-21T07:36:30Z
2026-09-18,SASA,2.39,2.41,2.26,2.35,2859108500,borsapy_fallback_from_yahoo,acilis,2026-09-21T07:36:30Z
2026-09-18,SAYAS,46.66,46.66,44.64,45.94,1423520,borsapy_fallback_from_yahoo,acilis,2026-09-21T07:36:30Z
2026-09-18,SDTTR,18.93,18.93,17.2,17.64,7374523,borsapy_fallback_from_yahoo,acilis,2026-09-21T07:36:30Z
2026-09-18,SEGMN,31.2,36.44,29.88,33.96,3035363,borsapy_fallback_from_yahoo,acilis,2026-09-21T07:36:30Z
2026-09-18,SEGYO,2.99,3,2.73,2.82,5215097,borsapy_fallback_from_yahoo,acilis,2026-09-21T07:36:30Z
2026-09-18,SEKFK,3.97,4.06,3.8,4.06,596004,borsapy_fallback_from_yahoo,acilis,2026-09-21T07:36:30Z
2026-09-18,SEKUR,6.63,6.63,6.63,6.63,162683,borsapy_fallback_from_yahoo,acilis,2026-09-21T07:36:30Z
2026-09-18,SELEC,212.9,212.9,212.9,212.9,350040,borsapy_fallback_from_yahoo,acilis,2026-09-21T07:36:30Z
2026-09-18,SELVA,1.33,1.34,1.26,1.27,29383149,borsapy_fallback_from_yahoo,acilis,2026-09-21T07:36:30Z
2026-09-18,SERNT,6.67,6.74,6.17,6.23,4900193,borsapy_fallback_from_yahoo,acilis,2026-09-21T07:36:30Z
2026-09-18,SEYKM,3.45,3.45,3.34,3.34,1472809,borsapy_fallback_from_yahoo,acilis,2026-09-21T07:36:30Z
2026-09-18,SILVR,1.94,2.01,1.92,2,1355777,borsapy_fallback_from_yahoo,acilis,2026-09-21T07:36:30Z
2026-09-18,SISE,39.96,40.3,39.34,39.62,44942945,borsapy_fallback_from_yahoo,acilis,2026-09-21T07:36:30Z
2026-09-18,SKBNK,6.25,6.26,6.04,6.1,88260685,borsapy_fallback_from_yahoo,acilis,2026-09-21T07:36:30Z
2026-09-18,SKTAS,2.94,2.94,2.8,2.81,7499813,borsapy_fallback_from_yahoo,acilis,2026-09-21T07:36:30Z
2026-09-18,SKYLP,115.2,115.2,115.2,115.2,9486,borsapy_fallback_from_yahoo,acilis,2026-09-21T07:36:30Z
2026-09-18,SKYMD,14.92,14.95,13.6,14.7,3257487,borsapy_fallback_from_yahoo,acilis,2026-09-21T07:36:30Z
2026-09-18,SMART,19.76,19.8,18.65,18.82,724141,borsapy_fallback_from_yahoo,acilis,2026-09-21T07:36:30Z
2026-09-18,SMRTG,6.03,6.15,6.03,6.03,10147226,borsapy_fallback_from_yahoo,acilis,2026-09-21T07:36:30Z
2026-09-18,SMRVA,7.54,7.91,7.54,7.64,11869241,borsapy_fallback_from_yahoo,acilis,2026-09-21T07:36:30Z
2026-09-18,SNGYO,2.77,2.77,2.63,2.75,76148446,borsapy_fallback_from_yahoo,acilis,2026-09-21T07:36:30Z
2026-09-18,SNICA,2.88,2.88,2.67,2.68,9999629,borsapy_fallback_from_yahoo,acilis,2026-09-21T07:36:30Z
2026-09-18,SNPAM,18.56,18.56,18.42,18.53,88106,borsapy_fallback_from_yahoo,acilis,2026-09-21T07:36:30Z
2026-09-18,SODSN,6.29,6.29,6.24,6.24,111129,borsapy_fallback_from_yahoo,acilis,2026-09-21T07:36:30Z
2026-09-18,SOHOE,9.55,9.64,8.74,8.99,9942039,borsapy_fallback_from_yahoo,acilis,2026-09-21T07:36:30Z
2026-09-18,SOKE,9.32,9.34,8.49,8.49,2529480,borsapy_fallback_from_yahoo,acilis,2026-09-21T07:36:30Z
2026-09-18,SOKM,57.15,58.8,56.3,58.8,4061884,borsapy_fallback_from_yahoo,acilis,2026-09-21T07:36:30Z
2026-09-18,SONME,129.8,133,125.1,129.6,42965,borsapy_fallback_from_yahoo,acilis,2026-09-21T07:36:30Z
2026-09-18,SRVGY,2.18,2.21,2.14,2.17,15468362,borsapy_fallback_from_yahoo,acilis,2026-09-21T07:36:30Z
2026-09-18,SSAAT,28.12,28.18,26.78,27.1,2798006,borsapy_fallback_from_yahoo,acilis,2026-09-21T07:36:30Z
2026-09-18,SUMAS,234,234,234,234,4158,borsapy_fallback_from_yahoo,acilis,2026-09-21T07:36:30Z
2026-09-18,SUNTK,29,29.24,27.84,28.68,863077,borsapy_fallback_from_yahoo,acilis,2026-09-21T07:36:30Z
2026-09-18,SURGY,26.48,26.48,23.94,25.2,2221282,borsapy_fallback_from_yahoo,acilis,2026-09-21T07:36:30Z
2026-09-18,SUWEN,6.1,6.1,5.62,5.9,3763385,borsapy_fallback_from_yahoo,acilis,2026-09-21T07:36:30Z
2026-09-18,SVGYO,11.34,11.34,11.34,11.34,2044098,borsapy_fallback_from_yahoo,acilis,2026-09-21T07:36:30Z
2026-09-18,TABGD,233.7,235.7,226.2,230,618017,borsapy_fallback_from_yahoo,acilis,2026-09-21T07:36:30Z
2026-09-18,TARKM,465,465,422,449.75,164361,borsapy_fallback_from_yahoo,acilis,2026-09-21T07:36:30Z
2026-09-18,TATEN,5.45,5.45,5.45,5.45,3603656,borsapy_fallback_from_yahoo,acilis,2026-09-21T07:36:30Z
2026-09-18,TATGD,17.14,17.44,16.36,16.57,2579197,borsapy_fallback_from_yahoo,acilis,2026-09-21T07:36:30Z
2026-09-18,TAVHL,272.75,278.25,271.75,276.25,4593366,borsapy_fallback_from_yahoo,acilis,2026-09-21T07:36:30Z
2026-09-18,TBORG,132.1,132.8,128.4,129.4,134270,borsapy_fallback_from_yahoo,acilis,2026-09-21T07:36:30Z
2026-09-18,TCELL,98.4,99.45,96.4,97.2,31328659,borsapy_fallback_from_yahoo,acilis,2026-09-21T07:36:30Z
2026-09-18,TCKRC,115.3,117,108.8,116.5,3726131,borsapy_fallback_from_yahoo,acilis,2026-09-21T07:36:30Z
2026-09-18,TDGYO,14.94,15.72,14.94,14.94,633887,borsapy_fallback_from_yahoo,acilis,2026-09-21T07:36:30Z
2026-09-18,TEHOL,34.88,34.88,34.88,34.88,6047925,borsapy_fallback_from_yahoo,acilis,2026-09-21T07:36:30Z
2026-09-18,TEKTU,5.95,5.95,5.55,5.63,7080431,borsapy_fallback_from_yahoo,acilis,2026-09-21T07:36:30Z
2026-09-18,TERA,163.4,163.4,163.4,163.4,1658871,borsapy_fallback_from_yahoo,acilis,2026-09-21T07:36:30Z
2026-09-18,TEZOL,8.2,8.2,7.92,8.11,3760347,borsapy_fallback_from_yahoo,acilis,2026-09-21T07:36:30Z
2026-09-18,TGSAS,144.4,144.4,144.4,144.4,56222,borsapy_fallback_from_yahoo,acilis,2026-09-21T07:36:30Z
2026-09-18,THYAO,289,291,283.25,285.5,35977826,borsapy_fallback_from_yahoo,acilis,2026-09-21T07:36:30Z
2026-09-18,TKFEN,265,268.75,232.3,244.8,9911016,borsapy_fallback_from_yahoo,acilis,2026-09-21T07:36:30Z
2026-09-18,TKNKA,114.3,114.3,114.3,114.3,26681,borsapy_fallback_from_yahoo,acilis,2026-09-21T07:36:30Z
2026-09-18,TKNSA,15.53,15.53,14.95,15.15,2238747,borsapy_fallback_from_yahoo,acilis,2026-09-21T07:36:30Z
2026-09-18,TLMAN,72,72.6,68.1,68.1,222873,borsapy_fallback_from_yahoo,acilis,2026-09-21T07:36:30Z
2026-09-18,TMPOL,210.3,210.3,210.3,210.3,3075,borsapy_fallback_from_yahoo,acilis,2026-09-21T07:36:30Z
2026-09-18,TMSN,69.6,71.45,66.05,66.55,611114,borsapy_fallback_from_yahoo,acilis,2026-09-21T07:36:30Z
2026-09-18,TNZTP,25.34,27.48,25.34,27,6213247,borsapy_fallback_from_yahoo,acilis,2026-09-21T07:36:30Z
2026-09-18,TOASO,284,289,274,284.5,3812478,borsapy_fallback_from_yahoo,acilis,2026-09-21T07:36:30Z
2026-09-18,TRALT,50.1,50.75,49.08,50.2,89785833,borsapy_fallback_from_yahoo,acilis,2026-09-21T07:36:30Z
2026-09-18,TRCAS,47.14,47.18,46,46.96,576875,borsapy_fallback_from_yahoo,acilis,2026-09-21T07:36:30Z
2026-09-18,TRENJ,104.2,105.4,101.5,102.4,1626151,borsapy_fallback_from_yahoo,acilis,2026-09-21T07:36:30Z
2026-09-18,TRGYO,91.55,91.95,89.9,91.8,1052000,borsapy_fallback_from_yahoo,acilis,2026-09-21T07:36:30Z
2026-09-18,TRHOL,3282.5,3282.5,3282.5,3282.5,12309,borsapy_fallback_from_yahoo,acilis,2026-09-21T07:36:30Z
2026-09-18,TRILC,0.96,0.96,0.94,0.94,3618878,borsapy_fallback_from_yahoo,acilis,2026-09-21T07:36:30Z
2026-09-18,TRMET,132,132.5,128.5,130.5,6860500,borsapy_fallback_from_yahoo,acilis,2026-09-21T07:36:30Z
2026-09-18,TSGYO,5.35,5.4,5.17,5.18,1013278,borsapy_fallback_from_yahoo,acilis,2026-09-21T07:36:30Z
2026-09-18,TSKB,11.15,11.18,10.78,10.87,29599060,borsapy_fallback_from_yahoo,acilis,2026-09-21T07:36:30Z
2026-09-18,TSPOR,0.92,0.92,0.87,0.88,333362610,borsapy_fallback_from_yahoo,acilis,2026-09-21T07:36:30Z
2026-09-18,TTKOM,52.55,53.75,51.7,52.45,35362677,borsapy_fallback_from_yahoo,acilis,2026-09-21T07:36:30Z
2026-09-18,TTRAK,420,427.25,408.75,427.25,129576,borsapy_fallback_from_yahoo,acilis,2026-09-21T07:36:30Z
2026-09-18,TUCLK,3.59,3.6,3.37,3.41,7923655,borsapy_fallback_from_yahoo,acilis,2026-09-21T07:36:30Z
2026-09-18,TUKAS,1.9,1.9,1.82,1.84,60836214,borsapy_fallback_from_yahoo,acilis,2026-09-21T07:36:30Z
2026-09-18,TUPRS,410,420.75,409,417.25,24129999,borsapy_fallback_from_yahoo,acilis,2026-09-21T07:36:30Z
2026-09-18,TUREX,5.29,5.3,4.97,5.04,15287397,borsapy_fallback_from_yahoo,acilis,2026-09-21T07:36:30Z
2026-09-18,TURGG,27.2,27.2,25.06,25.44,528011,borsapy_fallback_from_yahoo,acilis,2026-09-21T07:36:30Z
2026-09-18,TURSG,5.98,6.14,5.9,6.14,86037605,borsapy_fallback_from_yahoo,acilis,2026-09-21T07:36:30Z
2026-09-18,UCAYM,19.35,19.36,17.78,18.54,6078290,borsapy_fallback_from_yahoo,acilis,2026-09-21T07:36:30Z
2026-09-18,UFUK,1017,1017,1017,1017,22458,borsapy_fallback_from_yahoo,acilis,2026-09-21T07:36:30Z
2026-09-18,ULAS,19,19.78,17.79,18.37,234113,borsapy_fallback_from_yahoo,acilis,2026-09-21T07:36:30Z
2026-09-18,ULKER,89.2,90.7,87.1,87.5,6090630,borsapy_fallback_from_yahoo,acilis,2026-09-21T07:36:30Z
2026-09-18,ULUFA,1.49,1.49,1.44,1.48,18665611,borsapy_fallback_from_yahoo,acilis,2026-09-21T07:36:30Z
2026-09-18,ULUSE,205,205,190,200.5,170667,borsapy_fallback_from_yahoo,acilis,2026-09-21T07:36:30Z
2026-09-18,ULUUN,7.12,7.22,6.99,7,4393582,borsapy_fallback_from_yahoo,acilis,2026-09-21T07:36:30Z
2026-09-18,UNLU,10.52,11.59,10.3,11.59,10278852,borsapy_fallback_from_yahoo,acilis,2026-09-21T07:36:30Z
2026-09-18,USAK,1.09,1.09,1.02,1.04,77271454,borsapy_fallback_from_yahoo,acilis,2026-09-21T07:36:30Z
2026-09-18,USHOL,58.05,62,56,62,822274,borsapy_fallback_from_yahoo,acilis,2026-09-21T07:36:30Z
2026-09-18,VAKBN,32.8,33.68,32.6,33.1,62681698,borsapy_fallback_from_yahoo,acilis,2026-09-21T07:36:30Z
2026-09-18,VAKFA,10.98,10.98,10.16,10.21,6047522,borsapy_fallback_from_yahoo,acilis,2026-09-21T07:36:30Z
2026-09-18,VAKFN,1.03,1.04,1.01,1.03,44553131,borsapy_fallback_from_yahoo,acilis,2026-09-21T07:36:30Z
2026-09-18,VAKKO,65.1,65.8,62.1,63.25,113349,borsapy_fallback_from_yahoo,acilis,2026-09-21T07:36:30Z
2026-09-18,VANGD,68.45,68.45,68.45,68.45,18880,borsapy_fallback_from_yahoo,acilis,2026-09-21T07:36:30Z
2026-09-18,VBTYZ,30.52,30.52,27.72,28.8,1866386,borsapy_fallback_from_yahoo,acilis,2026-09-21T07:36:30Z
2026-09-18,VERUS,489.75,515.5,485.25,496,77512,borsapy_fallback_from_yahoo,acilis,2026-09-21T07:36:30Z
2026-09-18,VESBE,5.38,5.39,5.14,5.14,10950741,borsapy_fallback_from_yahoo,acilis,2026-09-21T07:36:30Z
2026-09-18,VESTL,23.9,24.1,22.76,23.32,8459599,borsapy_fallback_from_yahoo,acilis,2026-09-21T07:36:30Z
2026-09-18,VEYAS,88.7,90.55,82.5,87.05,2966815,borsapy_fallback_from_yahoo,acilis,2026-09-21T07:36:30Z
2026-09-18,VKFYO,20.1,20.12,19.56,19.99,130964,borsapy_fallback_from_yahoo,acilis,2026-09-21T07:36:30Z
2026-09-18,VKGYO,1.79,1.8,1.73,1.73,19998905,borsapy_fallback_from_yahoo,acilis,2026-09-21T07:36:30Z
2026-09-18,VKING,18.6,18.61,17.32,17.46,343418,borsapy_fallback_from_yahoo,acilis,2026-09-21T07:36:30Z
2026-09-18,VRGYO,1.51,1.51,1.44,1.45,15463480,borsapy_fallback_from_yahoo,acilis,2026-09-21T07:36:30Z
2026-09-18,VSNMD,35,35.02,33.3,35.02,1158813,borsapy_fallback_from_yahoo,acilis,2026-09-21T07:36:30Z
2026-09-18,YAPRK,10.5,10.5,9.66,9.71,5885314,borsapy_fallback_from_yahoo,acilis,2026-09-21T07:36:30Z
2026-09-18,YATAS,28.1,28.2,26.64,26.64,1719813,borsapy_fallback_from_yahoo,acilis,2026-09-21T07:36:30Z
2026-09-18,YAYLA,19.55,19.57,17.7,17.7,1349344,borsapy_fallback_from_yahoo,acilis,2026-09-21T07:36:30Z
2026-09-18,YBTAS,11.56,11.87,11.54,11.87,74839,borsapy_fallback_from_yahoo,acilis,2026-09-21T07:36:30Z
2026-09-18,YEOTK,29.68,30.18,28.76,29.94,14366143,borsapy_fallback_from_yahoo,acilis,2026-09-21T07:36:30Z
2026-09-18,YESIL,1.05,1.05,0.99,0.99,21594632,borsapy_fallback_from_yahoo,acilis,2026-09-21T07:36:30Z
2026-09-18,YGGYO,216.4,221.4,208.6,221.4,324841,borsapy_fallback_from_yahoo,acilis,2026-09-21T07:36:30Z
2026-09-18,YIGIT,19.94,19.94,18.75,19.04,2524097,borsapy_fallback_from_yahoo,acilis,2026-09-21T07:36:30Z
2026-09-18,YKBNK,35.2,36.24,35.14,36.24,264982842,borsapy_fallback_from_yahoo,acilis,2026-09-21T07:36:30Z
2026-09-18,YKSLN,3.72,3.72,3.72,3.72,298295,borsapy_fallback_from_yahoo,acilis,2026-09-21T07:36:30Z
2026-09-18,YONGA,39.9,39.9,37.98,37.98,19816,borsapy_fallback_from_yahoo,acilis,2026-09-21T07:36:30Z
2026-09-18,YUNSA,6.68,6.68,6.44,6.59,5196660,borsapy_fallback_from_yahoo,acilis,2026-09-21T07:36:30Z
2026-09-18,YYAPI,0.69,0.69,0.67,0.67,4779848,borsapy_fallback_from_yahoo,acilis,2026-09-21T07:36:30Z
2026-09-18,YYLGD,9.1,9.1,8.53,8.6,7427722,borsapy_fallback_from_yahoo,acilis,2026-09-21T07:36:30Z
2026-09-18,ZEDUR,6.06,7.27,6.06,6.4,1256355,borsapy_fallback_from_yahoo,acilis,2026-09-21T07:36:30Z
2026-09-18,ZERGY,8.15,8.64,7.89,8.57,10190220,borsapy_fallback_from_yahoo,acilis,2026-09-21T07:36:30Z
2026-09-18,ZGYO,18.01,18.21,16.53,16.53,761304,borsapy_fallback_from_yahoo,acilis,2026-09-21T07:36:30Z
2026-09-18,ZOREN,2.43,2.45,2.27,2.29,70309876,borsapy_fallback_from_yahoo,acilis,2026-09-21T07:36:30Z
2026-09-18,ZRGYO,19.62,19.99,18.97,18.97,8864885,borsapy_fallback_from_yahoo,acilis,2026-09-21T07:36:30Z
2026-09-18,XU100,,,,13284.42,,borsapy_fallback_from_yahoo,acilis,2026-09-21T07:36:30Z
2026-09-21,A1CAP,4.71,4.71,4.71,4.71,269891,borsapy_fallback_from_yahoo,acilis,2026-09-21T07:36:30Z
2026-09-21,A1YEN,1.76,1.76,1.76,1.76,741108,borsapy_fallback_from_yahoo,acilis,2026-09-21T07:36:30Z
2026-09-21,AAGYO,8.72,8.99,8.3,8.35,1781984,borsapy_fallback_from_yahoo,acilis,2026-09-21T07:36:30Z
2026-09-21,ACSEL,98.3,99,94.8,94.95,25809,borsapy_fallback_from_yahoo,acilis,2026-09-21T07:36:30Z
2026-09-21,ADEL,28.78,28.78,27.36,27.6,432472,borsapy_fallback_from_yahoo,acilis,2026-09-21T07:36:30Z
2026-09-21,ADESE,0.76,0.77,0.73,0.73,32523293,borsapy_fallback_from_yahoo,acilis,2026-09-21T07:36:30Z
2026-09-21,ADGYO,49,49,46.6,46.6,150138,borsapy_fallback_from_yahoo,acilis,2026-09-21T07:36:30Z
2026-09-21,AEFES,18.78,18.83,18.48,18.57,3607353,borsapy_fallback_from_yahoo,acilis,2026-09-21T07:36:30Z
2026-09-21,AFYON,11.55,11.55,11.21,11.24,184057,borsapy_fallback_from_yahoo,acilis,2026-09-21T07:36:30Z
2026-09-21,AGESA,240.3,240.3,233.9,235.8,44767,borsapy_fallback_from_yahoo,acilis,2026-09-21T07:36:30Z
2026-09-21,AGHOL,33.92,34,33.2,33.64,499350,borsapy_fallback_from_yahoo,acilis,2026-09-21T07:36:30Z
2026-09-21,AGROT,1.66,1.66,1.58,1.6,6354942,borsapy_fallback_from_yahoo,acilis,2026-09-21T07:36:30Z
2026-09-21,AGYO,7.27,7.4,7.23,7.37,9082,borsapy_fallback_from_yahoo,acilis,2026-09-21T07:36:30Z
2026-09-21,AHGAZ,41.6,42.06,40,40.26,1010248,borsapy_fallback_from_yahoo,acilis,2026-09-21T07:36:30Z
2026-09-21,AHSGY,13.15,13.15,11.98,11.98,159471,borsapy_fallback_from_yahoo,acilis,2026-09-21T07:36:30Z
2026-09-21,AKBNK,70.7,70.95,69.7,70.1,19771479,borsapy_fallback_from_yahoo,acilis,2026-09-21T07:36:30Z
2026-09-21,AKCNS,199.5,200,196.4,199.1,50035,borsapy_fallback_from_yahoo,acilis,2026-09-21T07:36:30Z
2026-09-21,AKENR,9.32,9.33,8.89,8.92,1313861,borsapy_fallback_from_yahoo,acilis,2026-09-21T07:36:30Z
2026-09-21,AKFGY,2.46,2.46,2.35,2.36,5384080,borsapy_fallback_from_yahoo,acilis,2026-09-21T07:36:30Z
2026-09-21,AKFIS,15.55,16.87,15.55,16.18,5195661,borsapy_fallback_from_yahoo,acilis,2026-09-21T07:36:30Z
2026-09-21,AKFYE,3.76,3.76,3.6,3.63,2178545,borsapy_fallback_from_yahoo,acilis,2026-09-21T07:36:30Z
2026-09-21,AKGRT,5.51,5.51,5.36,5.38,631897,borsapy_fallback_from_yahoo,acilis,2026-09-21T07:36:30Z
2026-09-21,AKHAN,27.4,27.42,25.4,26.06,106170,borsapy_fallback_from_yahoo,acilis,2026-09-21T07:36:30Z
2026-09-21,AKMGY,230,230,218.6,220.5,6759,borsapy_fallback_from_yahoo,acilis,2026-09-21T07:36:30Z
2026-09-21,AKSA,10.85,10.85,10.59,10.62,1563478,borsapy_fallback_from_yahoo,acilis,2026-09-21T07:36:30Z
2026-09-21,AKSEN,65.55,65.55,63.8,64.1,1021774,borsapy_fallback_from_yahoo,acilis,2026-09-21T07:36:30Z
2026-09-21,AKSGY,9.27,9.37,9.17,9.2,638780,borsapy_fallback_from_yahoo,acilis,2026-09-21T07:36:30Z
2026-09-21,AKSUE,19.13,19.13,17.51,17.51,118336,borsapy_fallback_from_yahoo,acilis,2026-09-21T07:36:30Z
2026-09-21,AKYHO,1.81,1.81,1.72,1.72,128720,borsapy_fallback_from_yahoo,acilis,2026-09-21T07:36:30Z
2026-09-21,ALARK,107.8,108.4,105.3,106,471771,borsapy_fallback_from_yahoo,acilis,2026-09-21T07:36:30Z
2026-09-21,ALBRK,8.61,8.68,8.49,8.51,1238696,borsapy_fallback_from_yahoo,acilis,2026-09-21T07:36:30Z
2026-09-21,ALBTN,26,26,24.74,24.74,628872,borsapy_fallback_from_yahoo,acilis,2026-09-21T07:36:30Z
2026-09-21,ALCAR,679.5,680,653,654.5,9014,borsapy_fallback_from_yahoo,acilis,2026-09-21T07:36:30Z
2026-09-21,ALCTL,91.45,91.45,87.4,87.85,79823,borsapy_fallback_from_yahoo,acilis,2026-09-21T07:36:30Z
2026-09-21,ALFAS,33.56,33.84,32.2,32.4,240021,borsapy_fallback_from_yahoo,acilis,2026-09-21T07:36:30Z
2026-09-21,ALGYO,3.24,3.25,3.09,3.11,4035098,borsapy_fallback_from_yahoo,acilis,2026-09-21T07:36:30Z
2026-09-21,ALKA,7,7,6.7,6.71,340529,borsapy_fallback_from_yahoo,acilis,2026-09-21T07:36:30Z
2026-09-21,ALKIM,13.59,13.59,12.92,12.92,157868,borsapy_fallback_from_yahoo,acilis,2026-09-21T07:36:30Z
2026-09-21,ALKLC,341.5,341.5,341.5,341.5,626,borsapy_fallback_from_yahoo,acilis,2026-09-21T07:36:30Z
2026-09-21,ALTIN,74.98,74.98,74.5,74.68,1569489,borsapy_fallback_from_yahoo,acilis,2026-09-21T07:36:30Z
2026-09-21,ALTNY,14.11,14.11,13.41,13.41,2781733,borsapy_fallback_from_yahoo,acilis,2026-09-21T07:36:30Z
2026-09-21,ALVES,0.65,0.65,0.65,0.65,1206066,borsapy_fallback_from_yahoo,acilis,2026-09-21T07:36:30Z
2026-09-21,ANELE,94.6,94.6,94.6,94.6,256,borsapy_fallback_from_yahoo,acilis,2026-09-21T07:36:30Z
2026-09-21,ANGEN,7.56,7.58,7.28,7.3,504683,borsapy_fallback_from_yahoo,acilis,2026-09-21T07:36:30Z
2026-09-21,ANHYT,99.2,101.6,98.9,99.6,860993,borsapy_fallback_from_yahoo,acilis,2026-09-21T07:36:30Z
2026-09-21,ANSGR,27.06,27.06,26.12,26.18,463378,borsapy_fallback_from_yahoo,acilis,2026-09-21T07:36:30Z
2026-09-21,ARASE,107.5,107.5,102.3,102.3,31223,borsapy_fallback_from_yahoo,acilis,2026-09-21T07:36:30Z
2026-09-21,ARCLK,87.3,87.35,85.2,85.65,363770,borsapy_fallback_from_yahoo,acilis,2026-09-21T07:36:30Z
2026-09-21,ARDYZ,61.25,61.25,58.2,58.25,661148,borsapy_fallback_from_yahoo,acilis,2026-09-21T07:36:30Z
2026-09-21,ARENA,16.93,16.93,16.2,16.3,87604,borsapy_fallback_from_yahoo,acilis,2026-09-21T07:36:30Z
2026-09-21,ARFYE,15.96,15.96,14.37,14.5,496612,borsapy_fallback_from_yahoo,acilis,2026-09-21T07:36:30Z
2026-09-21,ARMGD,143.5,146.6,143.4,143.4,145891,borsapy_fallback_from_yahoo,acilis,2026-09-21T07:36:30Z
2026-09-21,ARSAN,3.59,3.6,3.42,3.42,2249729,borsapy_fallback_from_yahoo,acilis,2026-09-21T07:36:30Z
2026-09-21,ARTMS,36.26,37.02,35.84,35.92,229299,borsapy_fallback_from_yahoo,acilis,2026-09-21T07:36:30Z
2026-09-21,ARZUM,1.3,1.3,1.24,1.24,2499985,borsapy_fallback_from_yahoo,acilis,2026-09-21T07:36:30Z
2026-09-21,ASELS,373,373.5,365,367,2740692,borsapy_fallback_from_yahoo,acilis,2026-09-21T07:36:30Z
2026-09-21,ASGYO,10.04,10.04,9.71,9.75,368074,borsapy_fallback_from_yahoo,acilis,2026-09-21T07:36:30Z
2026-09-21,ASTOR,252,253.5,243,247.4,6721274,borsapy_fallback_from_yahoo,acilis,2026-09-21T07:36:30Z
2026-09-21,ASUZU,44.82,45.36,43.72,43.8,58336,borsapy_fallback_from_yahoo,acilis,2026-09-21T07:36:30Z
2026-09-21,ATAGY,9.25,9.25,8.41,8.93,16216,borsapy_fallback_from_yahoo,acilis,2026-09-21T07:36:30Z
2026-09-21,ATAKP,34.98,34.98,33.9,34.3,64191,borsapy_fallback_from_yahoo,acilis,2026-09-21T07:36:30Z
2026-09-21,ATATP,244.2,245.9,232,232,64806,borsapy_fallback_from_yahoo,acilis,2026-09-21T07:36:30Z
2026-09-21,ATATR,8.34,8.34,8.34,8.34,88536,borsapy_fallback_from_yahoo,acilis,2026-09-21T07:36:30Z
2026-09-21,ATEKS,83.9,83.9,83.9,83.9,241,borsapy_fallback_from_yahoo,acilis,2026-09-21T07:36:30Z
2026-09-21,ATLAS,5.95,6.19,5.95,6.05,292152,borsapy_fallback_from_yahoo,acilis,2026-09-21T07:36:30Z
2026-09-21,ATSYH,91.55,91.55,91.55,91.55,2160,borsapy_fallback_from_yahoo,acilis,2026-09-21T07:36:30Z
2026-09-21,AVGYO,16.39,16.39,15.4,15.72,47428,borsapy_fallback_from_yahoo,acilis,2026-09-21T07:36:30Z
2026-09-21,AVHOL,28.72,28.72,27.3,27.3,133544,borsapy_fallback_from_yahoo,acilis,2026-09-21T07:36:30Z
2026-09-21,AVOD,3.48,3.48,3.31,3.31,1315323,borsapy_fallback_from_yahoo,acilis,2026-09-21T07:36:30Z
2026-09-21,AVPGY,54.1,54.7,52.65,53.2,101171,borsapy_fallback_from_yahoo,acilis,2026-09-21T07:36:30Z
2026-09-21,AYCES,410.5,410.5,390,390,11401,borsapy_fallback_from_yahoo,acilis,2026-09-21T07:36:30Z
2026-09-21,AYDEM,23.44,23.44,22.48,22.8,204833,borsapy_fallback_from_yahoo,acilis,2026-09-21T07:36:30Z
2026-09-21,AYEN,27.6,27.96,27.28,27.34,58473,borsapy_fallback_from_yahoo,acilis,2026-09-21T07:36:30Z
2026-09-21,AYES,25,25,25,25,12850,borsapy_fallback_from_yahoo,acilis,2026-09-21T07:36:30Z
2026-09-21,AYGAZ,323.25,324.5,314.25,315.5,173093,borsapy_fallback_from_yahoo,acilis,2026-09-21T07:36:30Z
2026-09-21,AZTEK,3.78,3.78,3.49,3.59,1718204,borsapy_fallback_from_yahoo,acilis,2026-09-21T07:36:30Z
2026-09-21,BAGFS,24.02,24.08,23.12,23.22,139197,borsapy_fallback_from_yahoo,acilis,2026-09-21T07:36:30Z
2026-09-21,BAHKM,178,182,170.6,170.9,286435,borsapy_fallback_from_yahoo,acilis,2026-09-21T07:36:30Z
2026-09-21,BAKAB,34.04,34.04,32.8,32.84,23860,borsapy_fallback_from_yahoo,acilis,2026-09-21T07:36:30Z
2026-09-21,BALAT,65.9,65.9,65.9,65.9,7110,borsapy_fallback_from_yahoo,acilis,2026-09-21T07:36:30Z
2026-09-21,BALSU,5.9,6.55,5.72,6.44,19992103,borsapy_fallback_from_yahoo,acilis,2026-09-21T07:36:30Z
2026-09-21,BANVT,138,146,138,143.2,16279,borsapy_fallback_from_yahoo,acilis,2026-09-21T07:36:30Z
2026-09-21,BARMA,7,7,7,7,30836,borsapy_fallback_from_yahoo,acilis,2026-09-21T07:36:30Z
2026-09-21,BASCM,11.9,11.9,11.9,11.9,3410,borsapy_fallback_from_yahoo,acilis,2026-09-21T07:36:30Z
2026-09-21,BASGZ,41.62,41.62,40.44,40.62,36586,borsapy_fallback_from_yahoo,acilis,2026-09-21T07:36:30Z
2026-09-21,BAYRK,3.4,3.45,3.23,3.28,910640,borsapy_fallback_from_yahoo,acilis,2026-09-21T07:36:30Z
2026-09-21,BEGYO,2.83,2.84,2.7,2.74,395541,borsapy_fallback_from_yahoo,acilis,2026-09-21T07:36:30Z
2026-09-21,BERA,12.1,12.12,11.72,11.79,1170749,borsapy_fallback_from_yahoo,acilis,2026-09-21T07:36:30Z
2026-09-21,BESLR,11.94,11.94,11.35,11.35,87656,borsapy_fallback_from_yahoo,acilis,2026-09-21T07:36:30Z
2026-09-21,BESTE,24.22,24.9,23.1,23.42,1004350,borsapy_fallback_from_yahoo,acilis,2026-09-21T07:36:30Z
2026-09-21,BETAE,61.2,61.2,58.15,58.15,820536,borsapy_fallback_from_yahoo,acilis,2026-09-21T07:36:30Z
2026-09-21,BEYAZ,20.4,20.4,19.39,19.39,126698,borsapy_fallback_from_yahoo,acilis,2026-09-21T07:36:30Z
2026-09-21,BFREN,117,117,113.8,114,15650,borsapy_fallback_from_yahoo,acilis,2026-09-21T07:36:30Z
2026-09-21,BIENY,17.22,17.23,16.37,16.41,398758,borsapy_fallback_from_yahoo,acilis,2026-09-21T07:36:30Z
2026-09-21,BIGCH,4.04,4.26,4.04,4.14,805472,borsapy_fallback_from_yahoo,acilis,2026-09-21T07:36:30Z
2026-09-21,BIGEN,103.1,103.1,103.1,103.1,2058,borsapy_fallback_from_yahoo,acilis,2026-09-21T07:36:30Z
2026-09-21,BIGTK,201.3,201.3,201.3,201.3,1707,borsapy_fallback_from_yahoo,acilis,2026-09-21T07:36:30Z
2026-09-21,BIMAS,420.75,423.5,414.25,416.5,1139069,borsapy_fallback_from_yahoo,acilis,2026-09-21T07:36:30Z
2026-09-21,BINBN,122.3,122.3,122.3,122.3,4480,borsapy_fallback_from_yahoo,acilis,2026-09-21T07:36:30Z
2026-09-21,BINHO,6.35,6.35,6.35,6.35,497185,borsapy_fallback_from_yahoo,acilis,2026-09-21T07:36:30Z
2026-09-21,BIOEN,13.2,13.97,12.99,12.99,1671183,borsapy_fallback_from_yahoo,acilis,2026-09-21T07:36:30Z
2026-09-21,BIZIM,21.38,21.38,20.6,20.78,31191,borsapy_fallback_from_yahoo,acilis,2026-09-21T07:36:30Z
2026-09-21,BJKAS,1.73,1.73,1.73,1.73,6529643,borsapy_fallback_from_yahoo,acilis,2026-09-21T07:36:30Z
2026-09-21,BKRGY,6.58,6.6,6.26,6.26,2010393,borsapy_fallback_from_yahoo,acilis,2026-09-21T07:36:30Z
2026-09-21,BLCYT,1.7,1.7,1.62,1.62,2202842,borsapy_fallback_from_yahoo,acilis,2026-09-21T07:36:30Z
2026-09-21,BLUME,34.9,34.9,33.16,33.16,120910,borsapy_fallback_from_yahoo,acilis,2026-09-21T07:36:30Z
2026-09-21,BMSCH,9.76,9.76,9.28,9.28,146983,borsapy_fallback_from_yahoo,acilis,2026-09-21T07:36:30Z
2026-09-21,BMSTL,46.2,46.92,45.06,45.94,427676,borsapy_fallback_from_yahoo,acilis,2026-09-21T07:36:30Z
2026-09-21,BNTAS,5.52,5.52,5.32,5.35,497552,borsapy_fallback_from_yahoo,acilis,2026-09-21T07:36:30Z
2026-09-21,BOBET,17.25,17.25,16.39,16.39,383215,borsapy_fallback_from_yahoo,acilis,2026-09-21T07:36:30Z
2026-09-21,BORLS,2.28,2.29,2.11,2.15,3689390,borsapy_fallback_from_yahoo,acilis,2026-09-21T07:36:30Z
2026-09-21,BORSK,5.74,5.86,5.49,5.53,1379305,borsapy_fallback_from_yahoo,acilis,2026-09-21T07:36:30Z
2026-09-21,BOSSA,7.03,7.17,6.88,6.89,1364917,borsapy_fallback_from_yahoo,acilis,2026-09-21T07:36:30Z
2026-09-21,BRISA,73,73.2,71.05,71.1,14866,borsapy_fallback_from_yahoo,acilis,2026-09-21T07:36:30Z
2026-09-21,BRKO,7.49,7.49,7.49,7.49,100118,borsapy_fallback_from_yahoo,acilis,2026-09-21T07:36:30Z
2026-09-21,BRKSN,6.86,6.9,6.69,6.7,60592,borsapy_fallback_from_yahoo,acilis,2026-09-21T07:36:30Z
2026-09-21,BRKVY,63.05,63.05,59.9,59.9,47432,borsapy_fallback_from_yahoo,acilis,2026-09-21T07:36:30Z
2026-09-21,BRLSM,14.29,14.29,13.57,13.57,657498,borsapy_fallback_from_yahoo,acilis,2026-09-21T07:36:30Z
2026-09-21,BRMEN,8.05,8.05,8.05,8.05,85544,borsapy_fallback_from_yahoo,acilis,2026-09-21T07:36:30Z
2026-09-21,BRSAN,653,654.5,638,645,190256,borsapy_fallback_from_yahoo,acilis,2026-09-21T07:36:30Z
2026-09-21,BRYAT,1547,1572,1520,1532,6804,borsapy_fallback_from_yahoo,acilis,2026-09-21T07:36:30Z
2026-09-21,BSOKE,12.88,12.88,12.88,12.88,68254,borsapy_fallback_from_yahoo,acilis,2026-09-21T07:36:30Z
2026-09-21,BTCIM,2.7,2.77,2.62,2.62,68915287,borsapy_fallback_from_yahoo,acilis,2026-09-21T07:36:30Z
2026-09-21,BUCIM,5.05,5.06,4.9,4.95,843273,borsapy_fallback_from_yahoo,acilis,2026-09-21T07:36:30Z
2026-09-21,BULGS,18.96,18.96,18.96,18.96,6728,borsapy_fallback_from_yahoo,acilis,2026-09-21T07:36:30Z
2026-09-21,BURCE,28,28.06,26.6,26.6,152613,borsapy_fallback_from_yahoo,acilis,2026-09-21T07:36:30Z
2026-09-21,BURVA,508.5,547,508.5,519,19586,borsapy_fallback_from_yahoo,acilis,2026-09-21T07:36:30Z
2026-09-21,BVSAN,88.75,89,84.35,84.35,184855,borsapy_fallback_from_yahoo,acilis,2026-09-21T07:36:30Z
2026-09-21,BYDNR,25.5,25.5,23.16,23.88,57871,borsapy_fallback_from_yahoo,acilis,2026-09-21T07:36:30Z
2026-09-21,CANTE,1.22,1.22,1.15,1.15,44281764,borsapy_fallback_from_yahoo,acilis,2026-09-21T07:36:30Z
2026-09-21,CASA,54.3,54.3,54.3,54.3,5757,borsapy_fallback_from_yahoo,acilis,2026-09-21T07:36:30Z
2026-09-21,CATES,41.38,41.38,41.38,41.38,17320,borsapy_fallback_from_yahoo,acilis,2026-09-21T07:36:30Z
2026-09-21,CCOLA,81,81,77.95,78.55,437651,borsapy_fallback_from_yahoo,acilis,2026-09-21T07:36:30Z
2026-09-21,CELHA,26,26,23.7,23.7,260530,borsapy_fallback_from_yahoo,acilis,2026-09-21T07:36:30Z
2026-09-21,CEMAS,3.37,3.37,3.21,3.21,1000354,borsapy_fallback_from_yahoo,acilis,2026-09-21T07:36:30Z
2026-09-21,CEMTS,7.75,7.91,7.53,7.58,351511,borsapy_fallback_from_yahoo,acilis,2026-09-21T07:36:30Z
2026-09-21,CEMZY,10.37,10.37,10.37,10.37,44361,borsapy_fallback_from_yahoo,acilis,2026-09-21T07:36:30Z
2026-09-21,CEOEM,30.22,30.22,28.72,28.74,279872,borsapy_fallback_from_yahoo,acilis,2026-09-21T07:36:30Z
2026-09-21,CGCAM,24.78,24.78,22.56,22.9,390080,borsapy_fallback_from_yahoo,acilis,2026-09-21T07:36:30Z
2026-09-21,CIMSA,41.04,41.12,40.46,40.92,786729,borsapy_fallback_from_yahoo,acilis,2026-09-21T07:36:30Z
2026-09-21,CITAS,104.4,104.4,104.4,104.4,13994,borsapy_fallback_from_yahoo,acilis,2026-09-21T07:36:30Z
2026-09-21,CLEBI,1376,1380,1349,1367,4177,borsapy_fallback_from_yahoo,acilis,2026-09-21T07:36:30Z
2026-09-21,CMBTN,1465,1470,1400,1400,2245,borsapy_fallback_from_yahoo,acilis,2026-09-21T07:36:30Z
2026-09-21,CMENT,222.8,222.8,222.8,222.8,361,borsapy_fallback_from_yahoo,acilis,2026-09-21T07:36:30Z
2026-09-21,CONSE,1.92,1.92,1.73,1.8,1679285,borsapy_fallback_from_yahoo,acilis,2026-09-21T07:36:30Z
2026-09-21,COSMO,96.95,96.95,92.05,92.05,17196,borsapy_fallback_from_yahoo,acilis,2026-09-21T07:36:30Z
2026-09-21,CRDFA,15.16,15.16,15.16,15.16,28122,borsapy_fallback_from_yahoo,acilis,2026-09-21T07:36:30Z
2026-09-21,CRFSA,235.5,239.2,226.3,228.7,189287,borsapy_fallback_from_yahoo,acilis,2026-09-21T07:36:30Z
2026-09-21,CUSAN,20.6,20.6,19.57,19.57,61717,borsapy_fallback_from_yahoo,acilis,2026-09-21T07:36:30Z
2026-09-21,CVKMD,13.52,13.52,12.58,12.7,3621509,borsapy_fallback_from_yahoo,acilis,2026-09-21T07:36:30Z
2026-09-21,CWENE,23.56,23.78,22.4,22.4,2882727,borsapy_fallback_from_yahoo,acilis,2026-09-21T07:36:30Z
2026-09-21,DAGI,6.15,6.3,6.06,6.06,1986537,borsapy_fallback_from_yahoo,acilis,2026-09-21T07:36:30Z
2026-09-21,DAPGM,5,5,5,5,9932809,borsapy_fallback_from_yahoo,acilis,2026-09-21T07:36:30Z
2026-09-21,DARDL,1.32,1.32,1.26,1.27,2153838,borsapy_fallback_from_yahoo,acilis,2026-09-21T07:36:30Z
2026-09-21,DCTTR,3.89,4.02,3.87,3.92,3550502,borsapy_fallback_from_yahoo,acilis,2026-09-21T07:36:30Z
2026-09-21,DENGE,2.21,2.22,2.1,2.1,3184116,borsapy_fallback_from_yahoo,acilis,2026-09-21T07:36:30Z
2026-09-21,DERHL,1.74,1.74,1.66,1.66,1098653,borsapy_fallback_from_yahoo,acilis,2026-09-21T07:36:30Z
2026-09-21,DERIM,29.5,29.66,28.5,28.68,53796,borsapy_fallback_from_yahoo,acilis,2026-09-21T07:36:30Z
2026-09-21,DESA,8.92,8.93,8.51,8.54,698133,borsapy_fallback_from_yahoo,acilis,2026-09-21T07:36:30Z
2026-09-21,DESPC,33.5,33.52,32,32.4,53887,borsapy_fallback_from_yahoo,acilis,2026-09-21T07:36:30Z
2026-09-21,DEVA,97.5,97.5,94.95,95.35,159062,borsapy_fallback_from_yahoo,acilis,2026-09-21T07:36:30Z
2026-09-21,DGATE,64.6,69.9,64.6,64.6,108740,borsapy_fallback_from_yahoo,acilis,2026-09-21T07:36:30Z
2026-09-21,DGGYO,28.76,28.76,27.52,27.52,18487,borsapy_fallback_from_yahoo,acilis,2026-09-21T07:36:30Z
2026-09-21,DGNMO,5.29,5.74,5.29,5.29,638340,borsapy_fallback_from_yahoo,acilis,2026-09-21T07:36:30Z
2026-09-21,DIRIT,22,22,22,22,7801,borsapy_fallback_from_yahoo,acilis,2026-09-21T07:36:30Z
2026-09-21,DITAS,10.99,10.99,10.99,10.99,23514,borsapy_fallback_from_yahoo,acilis,2026-09-21T07:36:30Z
2026-09-21,DMLKT,6.98,6.98,6.9,6.92,809302,borsapy_fallback_from_yahoo,acilis,2026-09-21T07:36:30Z
2026-09-21,DMRGD,10.45,10.65,10.03,10.03,4542162,borsapy_fallback_from_yahoo,acilis,2026-09-21T07:36:30Z
2026-09-21,DMSAS,6.15,6.15,5.8,5.8,189778,borsapy_fallback_from_yahoo,acilis,2026-09-21T07:36:30Z
2026-09-21,DNISI,4.4,4.4,4.21,4.26,565736,borsapy_fallback_from_yahoo,acilis,2026-09-21T07:36:30Z
2026-09-21,DOAS,154.6,154.8,151.5,152.6,97238,borsapy_fallback_from_yahoo,acilis,2026-09-21T07:36:30Z
2026-09-21,DOCO,10192.5,10550,10192.5,10392.5,724,borsapy_fallback_from_yahoo,acilis,2026-09-21T07:36:30Z
2026-09-21,DOFER,23.84,23.84,23,23.24,70342,borsapy_fallback_from_yahoo,acilis,2026-09-21T07:36:30Z
2026-09-21,DOFRB,88.9,89.3,84.5,84.5,423540,borsapy_fallback_from_yahoo,acilis,2026-09-21T07:36:30Z
2026-09-21,DOGUB,39.18,39.18,39.18,39.18,14606,borsapy_fallback_from_yahoo,acilis,2026-09-21T07:36:30Z
2026-09-21,DOHOL,20.2,20.26,19.83,20,1309668,borsapy_fallback_from_yahoo,acilis,2026-09-21T07:36:30Z
2026-09-21,DOKTA,20.14,20.14,19.14,19.14,71726,borsapy_fallback_from_yahoo,acilis,2026-09-21T07:36:30Z
2026-09-21,DSTKF,1786,1786,1786,1786,96,borsapy_fallback_from_yahoo,acilis,2026-09-21T07:36:30Z
2026-09-21,DUNYH,67.85,67.85,67.85,67.85,1239,borsapy_fallback_from_yahoo,acilis,2026-09-21T07:36:30Z
2026-09-21,DURDO,4.71,4.71,4.61,4.61,450260,borsapy_fallback_from_yahoo,acilis,2026-09-21T07:36:30Z
2026-09-21,DURKN,14.06,14.58,13.68,14,514587,borsapy_fallback_from_yahoo,acilis,2026-09-21T07:36:30Z
2026-09-21,DYOBY,11.33,11.48,10.99,11.05,408576,borsapy_fallback_from_yahoo,acilis,2026-09-21T07:36:30Z
2026-09-21,DZGYO,7.08,7.09,6.39,6.39,308174,borsapy_fallback_from_yahoo,acilis,2026-09-21T07:36:30Z
2026-09-21,EBEBK,80.65,81.25,80,80.95,59853,borsapy_fallback_from_yahoo,acilis,2026-09-21T07:36:30Z
2026-09-21,ECILC,60,60,55,57.5,1403189,borsapy_fallback_from_yahoo,acilis,2026-09-21T07:36:30Z
2026-09-21,ECOGR,32.5,33.1,29.94,29.94,237279,borsapy_fallback_from_yahoo,acilis,2026-09-21T07:36:30Z
2026-09-21,ECZYT,227.9,227.9,211.5,211.5,67674,borsapy_fallback_from_yahoo,acilis,2026-09-21T07:36:30Z
2026-09-21,EDATA,11.22,11.22,11.22,11.22,141737,borsapy_fallback_from_yahoo,acilis,2026-09-21T07:36:30Z
2026-09-21,EDIP,30,31.38,29.68,30.16,196666,borsapy_fallback_from_yahoo,acilis,2026-09-21T07:36:30Z
2026-09-21,EFOR,19,19.08,18.05,18.05,10592807,borsapy_fallback_from_yahoo,acilis,2026-09-21T07:36:30Z
2026-09-21,EGEEN,5125,5125,4872.5,4872.5,5499,borsapy_fallback_from_yahoo,acilis,2026-09-21T07:36:30Z
2026-09-21,EGEGY,14.69,14.69,14.69,14.69,65397,borsapy_fallback_from_yahoo,acilis,2026-09-21T07:36:30Z
2026-09-21,EGEPO,6.85,7.46,6.85,7.16,474840,borsapy_fallback_from_yahoo,acilis,2026-09-21T07:36:30Z
2026-09-21,EGGUB,101.5,101.6,97.3,98.2,58352,borsapy_fallback_from_yahoo,acilis,2026-09-21T07:36:30Z
2026-09-21,EGPRO,32.84,33.2,32.4,32.68,239858,borsapy_fallback_from_yahoo,acilis,2026-09-21T07:36:30Z
2026-09-21,EGSER,2.69,2.69,2.63,2.65,340208,borsapy_fallback_from_yahoo,acilis,2026-09-21T07:36:30Z
2026-09-21,EKDMR,36.94,37.22,35.1,35.1,593361,borsapy_fallback_from_yahoo,acilis,2026-09-21T07:36:30Z
2026-09-21,EKGYO,19,19.03,18.58,18.87,12844555,borsapy_fallback_from_yahoo,acilis,2026-09-21T07:36:30Z
2026-09-21,EKIM,15.01,15.52,15.01,15.11,1155007,borsapy_fallback_from_yahoo,acilis,2026-09-21T07:36:30Z
2026-09-21,EKIZ,48,48,48,48,1826,borsapy_fallback_from_yahoo,acilis,2026-09-21T07:36:30Z
2026-09-21,EKOS,3.9,3.9,3.71,3.71,926475,borsapy_fallback_from_yahoo,acilis,2026-09-21T07:36:30Z
2026-09-21,EKSUN,4.24,4.55,4.24,4.42,726476,borsapy_fallback_from_yahoo,acilis,2026-09-21T07:36:30Z
2026-09-21,ELITE,22.18,22.18,21.1,21.32,219441,borsapy_fallback_from_yahoo,acilis,2026-09-21T07:36:30Z
2026-09-21,EMKEL,9.91,9.94,9.42,9.42,714511,borsapy_fallback_from_yahoo,acilis,2026-09-21T07:36:30Z
2026-09-21,EMNIS,131.6,131.6,131.6,131.6,714,borsapy_fallback_from_yahoo,acilis,2026-09-21T07:36:30Z
2026-09-21,EMPAE,52.6,52.6,48,49.34,341473,borsapy_fallback_from_yahoo,acilis,2026-09-21T07:36:30Z
2026-09-21,ENDAE,14.6,14.65,14.11,14.3,611702,borsapy_fallback_from_yahoo,acilis,2026-09-21T07:36:30Z
2026-09-21,ENERY,12.84,12.93,12.33,12.52,11772830,borsapy_fallback_from_yahoo,acilis,2026-09-21T07:36:30Z
2026-09-21,ENJSA,108,108.6,106.1,107.3,388363,borsapy_fallback_from_yahoo,acilis,2026-09-21T07:36:30Z
2026-09-21,ENKAI,86,86,84.35,85.55,1507551,borsapy_fallback_from_yahoo,acilis,2026-09-21T07:36:30Z
2026-09-21,ENPRA,47.8,47.8,47.8,47.8,9243,borsapy_fallback_from_yahoo,acilis,2026-09-21T07:36:30Z
2026-09-21,ENSRI,3.36,3.47,3.32,3.35,2572353,borsapy_fallback_from_yahoo,acilis,2026-09-21T07:36:30Z
2026-09-21,ENTRA,3.98,3.98,3.83,3.92,3070995,borsapy_fallback_from_yahoo,acilis,2026-09-21T07:36:30Z
2026-09-21,EPLAS,5.49,5.55,5.3,5.39,926275,borsapy_fallback_from_yahoo,acilis,2026-09-21T07:36:30Z
2026-09-21,ERBOS,120.1,124.5,120.1,124.1,14833,borsapy_fallback_from_yahoo,acilis,2026-09-21T07:36:30Z
2026-09-21,ERCB,39.36,41,38.94,39.62,789829,borsapy_fallback_from_yahoo,acilis,2026-09-21T07:36:30Z
2026-09-21,EREGL,36.38,36.52,35.7,36.14,14181154,borsapy_fallback_from_yahoo,acilis,2026-09-21T07:36:30Z
2026-09-21,ERSU,15.72,16.48,15.72,15.72,291864,borsapy_fallback_from_yahoo,acilis,2026-09-21T07:36:30Z
2026-09-21,ESCAR,30.26,30.26,30.26,30.26,2152,borsapy_fallback_from_yahoo,acilis,2026-09-21T07:36:30Z
2026-09-21,ESCOM,4.47,4.5,4.25,4.25,2715935,borsapy_fallback_from_yahoo,acilis,2026-09-21T07:36:30Z
2026-09-21,ESEN,3,3,2.85,2.87,4326340,borsapy_fallback_from_yahoo,acilis,2026-09-21T07:36:30Z
2026-09-21,ETILR,5.55,5.55,5.28,5.28,1062904,borsapy_fallback_from_yahoo,acilis,2026-09-21T07:36:30Z
2026-09-21,ETYAT,8.41,8.41,8.41,8.41,188264,borsapy_fallback_from_yahoo,acilis,2026-09-21T07:36:30Z
2026-09-21,EUHOL,7.37,7.37,7.37,7.37,143329,borsapy_fallback_from_yahoo,acilis,2026-09-21T07:36:30Z
2026-09-21,EUKYO,11.26,11.26,11.26,11.26,202070,borsapy_fallback_from_yahoo,acilis,2026-09-21T07:36:30Z
2026-09-21,EUPWR,61.85,61.85,58,58.5,1756691,borsapy_fallback_from_yahoo,acilis,2026-09-21T07:36:30Z
2026-09-21,EUREN,3.23,3.24,3.09,3.12,4171556,borsapy_fallback_from_yahoo,acilis,2026-09-21T07:36:30Z
2026-09-21,EUYO,3.7,3.87,3.69,3.72,249952,borsapy_fallback_from_yahoo,acilis,2026-09-21T07:36:30Z
2026-09-21,EYGYO,2.15,2.15,2.05,2.05,3245597,borsapy_fallback_from_yahoo,acilis,2026-09-21T07:36:30Z
2026-09-21,FADE,12.72,12.76,12.09,12.21,281318,borsapy_fallback_from_yahoo,acilis,2026-09-21T07:36:30Z
2026-09-21,FENER,2.62,2.65,2.61,2.64,30965844,borsapy_fallback_from_yahoo,acilis,2026-09-21T07:36:30Z
2026-09-21,FLAP,11.75,11.82,11.25,11.27,164808,borsapy_fallback_from_yahoo,acilis,2026-09-21T07:36:30Z
2026-09-21,FMIZP,265.75,265.75,254.75,256.75,15832,borsapy_fallback_from_yahoo,acilis,2026-09-21T07:36:30Z
2026-09-21,FONET,4.06,4.06,3.86,3.86,1683639,borsapy_fallback_from_yahoo,acilis,2026-09-21T07:36:30Z
2026-09-21,FORMT,1.19,1.19,1.14,1.14,1796680,borsapy_fallback_from_yahoo,acilis,2026-09-21T07:36:30Z
2026-09-21,FORTE,95.85,96,91.65,92.45,202327,borsapy_fallback_from_yahoo,acilis,2026-09-21T07:36:30Z
2026-09-21,FRIGO,1.88,1.88,1.78,1.78,3049716,borsapy_fallback_from_yahoo,acilis,2026-09-21T07:36:30Z
2026-09-21,FRMPL,25.7,25.7,23.46,23.46,212319,borsapy_fallback_from_yahoo,acilis,2026-09-21T07:36:30Z
2026-09-21,FROTO,75.8,76.7,75.15,76.05,3731898,borsapy_fallback_from_yahoo,acilis,2026-09-21T07:36:30Z
2026-09-21,FZLGY,7.46,7.46,7.46,7.46,112643,borsapy_fallback_from_yahoo,acilis,2026-09-21T07:36:30Z
2026-09-21,GARAN,130,130.5,128.3,129.7,5138006,borsapy_fallback_from_yahoo,acilis,2026-09-21T07:36:30Z
2026-09-21,GARFA,24.62,24.7,24.1,24.18,88349,borsapy_fallback_from_yahoo,acilis,2026-09-21T07:36:30Z
2026-09-21,GATEG,196.4,196.4,196.4,196.4,445,borsapy_fallback_from_yahoo,acilis,2026-09-21T07:36:30Z
2026-09-21,GEDIK,5.25,5.59,5.18,5.51,6267479,borsapy_fallback_from_yahoo,acilis,2026-09-21T07:36:30Z
2026-09-21,GEDZA,24.8,24.8,24.04,24.16,23878,borsapy_fallback_from_yahoo,acilis,2026-09-21T07:36:30Z
2026-09-21,GENIL,7.77,7.8,7.39,7.39,8556560,borsapy_fallback_from_yahoo,acilis,2026-09-21T07:36:30Z
2026-09-21,GENKM,8.31,8.39,8.04,8.16,1966145,borsapy_fallback_from_yahoo,acilis,2026-09-21T07:36:30Z
2026-09-21,GENTS,4.69,4.69,4.46,4.46,386942,borsapy_fallback_from_yahoo,acilis,2026-09-21T07:36:30Z
2026-09-21,GEREL,24.28,25.92,24.28,25.32,1329630,borsapy_fallback_from_yahoo,acilis,2026-09-21T07:36:30Z
2026-09-21,GESAN,47,47,43.54,44,2621517,borsapy_fallback_from_yahoo,acilis,2026-09-21T07:36:30Z
2026-09-21,GIPTA,45,45,45,45,33030,borsapy_fallback_from_yahoo,acilis,2026-09-21T07:36:30Z
2026-09-21,GLBMD,9.75,9.85,9.64,9.67,5692,borsapy_fallback_from_yahoo,acilis,2026-09-21T07:36:30Z
2026-09-21,GLCVY,46.5,47.54,45.6,47.3,76136,borsapy_fallback_from_yahoo,acilis,2026-09-21T07:36:30Z
2026-09-21,GLRMK,140,140.5,126.1,132.2,859804,borsapy_fallback_from_yahoo,acilis,2026-09-21T07:36:30Z
2026-09-21,GLRYH,2.03,2.06,1.97,1.97,10862997,borsapy_fallback_from_yahoo,acilis,2026-09-21T07:36:30Z
2026-09-21,GLYHO,15.33,15.4,14.89,14.94,332371,borsapy_fallback_from_yahoo,acilis,2026-09-21T07:36:30Z
2026-09-21,GMTAS,40.9,44.06,40.9,43.78,1842692,borsapy_fallback_from_yahoo,acilis,2026-09-21T07:36:30Z
2026-09-21,GOKNR,17.22,17.39,16.36,16.38,648524,borsapy_fallback_from_yahoo,acilis,2026-09-21T07:36:30Z
2026-09-21,GOLDA,9.85,9.86,9.36,9.36,1456397,borsapy_fallback_from_yahoo,acilis,2026-09-21T07:36:30Z
2026-09-21,GOLTS,268.5,268.5,258.5,260.5,17323,borsapy_fallback_from_yahoo,acilis,2026-09-21T07:36:30Z
2026-09-21,GOODY,2.43,2.43,2.31,2.34,1211793,borsapy_fallback_from_yahoo,acilis,2026-09-21T07:36:30Z
2026-09-21,GOZDE,20.2,20.28,19.2,19.78,173021,borsapy_fallback_from_yahoo,acilis,2026-09-21T07:36:30Z
2026-09-21,GRNYO,8.92,8.92,8.92,8.92,265726,borsapy_fallback_from_yahoo,acilis,2026-09-21T07:36:30Z
2026-09-21,GRSEL,265,265.75,252,252,75900,borsapy_fallback_from_yahoo,acilis,2026-09-21T07:36:30Z
2026-09-21,GRTHO,144.7,144.7,144.7,144.7,15377,borsapy_fallback_from_yahoo,acilis,2026-09-21T07:36:30Z
2026-09-21,GSDDE,12.75,12.76,12.13,12.32,375286,borsapy_fallback_from_yahoo,acilis,2026-09-21T07:36:30Z
2026-09-21,GSDHO,4.18,4.18,3.98,4.05,1087140,borsapy_fallback_from_yahoo,acilis,2026-09-21T07:36:30Z
2026-09-21,GSRAY,0.91,0.94,0.9,0.92,43113131,borsapy_fallback_from_yahoo,acilis,2026-09-21T07:36:30Z
2026-09-21,GUBRF,437.5,439.5,423.5,430.25,532395,borsapy_fallback_from_yahoo,acilis,2026-09-21T07:36:30Z
2026-09-21,GUNDG,482,482,482,482,103,borsapy_fallback_from_yahoo,acilis,2026-09-21T07:36:30Z
2026-09-21,GWIND,21.38,21.38,20.58,20.78,492454,borsapy_fallback_from_yahoo,acilis,2026-09-21T07:36:30Z
2026-09-21,GZNMI,38.7,39.44,37.64,38.22,162919,borsapy_fallback_from_yahoo,acilis,2026-09-21T07:36:30Z
2026-09-21,HALKB,46.54,47.34,46.44,47.12,5894449,borsapy_fallback_from_yahoo,acilis,2026-09-21T07:36:30Z
2026-09-21,HATEK,11.53,11.58,10.9,10.99,63109,borsapy_fallback_from_yahoo,acilis,2026-09-21T07:36:30Z
2026-09-21,HATSN,39.42,39.42,39.42,39.42,643290,borsapy_fallback_from_yahoo,acilis,2026-09-21T07:36:30Z
2026-09-21,HDFGS,1.38,1.38,1.38,1.38,1000754,borsapy_fallback_from_yahoo,acilis,2026-09-21T07:36:30Z
2026-09-21,HEDEF,17.42,17.42,17.42,17.42,20023,borsapy_fallback_from_yahoo,acilis,2026-09-21T07:36:30Z
2026-09-21,HEKTS,2.34,2.34,2.26,2.3,58833182,borsapy_fallback_from_yahoo,acilis,2026-09-21T07:36:30Z
2026-09-21,HKTM,11.03,11.38,10.71,10.83,440566,borsapy_fallback_from_yahoo,acilis,2026-09-21T07:36:30Z
2026-09-21,HLGYO,4.04,4.04,3.91,3.95,3773953,borsapy_fallback_from_yahoo,acilis,2026-09-21T07:36:30Z
2026-09-21,HOROZ,46.74,46.74,44.54,45.22,131382,borsapy_fallback_from_yahoo,acilis,2026-09-21T07:36:30Z
2026-09-21,HRKET,5.72,6.66,5.7,6.41,10052828,borsapy_fallback_from_yahoo,acilis,2026-09-21T07:36:30Z
2026-09-21,HTTBT,30.62,30.62,29.6,30.04,96810,borsapy_fallback_from_yahoo,acilis,2026-09-21T07:36:30Z
2026-09-21,HUBVC,1.9,1.9,1.81,1.82,154140,borsapy_fallback_from_yahoo,acilis,2026-09-21T07:36:30Z
2026-09-21,HUNER,3.87,3.87,3.72,3.75,8428855,borsapy_fallback_from_yahoo,acilis,2026-09-21T07:36:30Z
2026-09-21,HURGZ,6.62,6.63,6.29,6.29,975845,borsapy_fallback_from_yahoo,acilis,2026-09-21T07:36:30Z
2026-09-21,ICBCT,17.11,17.11,16.26,16.26,241710,borsapy_fallback_from_yahoo,acilis,2026-09-21T07:36:30Z
2026-09-21,ICUGS,2.34,2.34,2.34,2.34,339947,borsapy_fallback_from_yahoo,acilis,2026-09-21T07:36:30Z
2026-09-21,IDGYO,2.5,2.54,2.42,2.49,326613,borsapy_fallback_from_yahoo,acilis,2026-09-21T07:36:30Z
2026-09-21,IEYHO,151,151,151,151,1999,borsapy_fallback_from_yahoo,acilis,2026-09-21T07:36:30Z
2026-09-21,IHAAS,41.5,41.54,37.4,37.4,70885,borsapy_fallback_from_yahoo,acilis,2026-09-21T07:36:30Z
2026-09-21,IHEVA,1.75,1.75,1.69,1.72,112980,borsapy_fallback_from_yahoo,acilis,2026-09-21T07:36:30Z
2026-09-21,IHGZT,1.07,1.07,1.03,1.03,2245162,borsapy_fallback_from_yahoo,acilis,2026-09-21T07:36:30Z
2026-09-21,IHLAS,1,1.01,0.96,0.98,36256211,borsapy_fallback_from_yahoo,acilis,2026-09-21T07:36:30Z
2026-09-21,IHLGM,1.43,1.43,1.37,1.38,3952028,borsapy_fallback_from_yahoo,acilis,2026-09-21T07:36:30Z
2026-09-21,IHYAY,1.09,1.09,1.04,1.04,230607,borsapy_fallback_from_yahoo,acilis,2026-09-21T07:36:30Z
2026-09-21,IMASM,1.85,1.85,1.79,1.81,3915402,borsapy_fallback_from_yahoo,acilis,2026-09-21T07:36:30Z
2026-09-21,INDES,10.4,10.45,9.92,10.01,1624757,borsapy_fallback_from_yahoo,acilis,2026-09-21T07:36:30Z
2026-09-21,INFO,1.61,1.61,1.61,1.61,368668,borsapy_fallback_from_yahoo,acilis,2026-09-21T07:36:30Z
2026-09-21,INGRM,325,325,311.25,314.5,12179,borsapy_fallback_from_yahoo,acilis,2026-09-21T07:36:30Z
2026-09-21,INTEK,181,181,181,181,600,borsapy_fallback_from_yahoo,acilis,2026-09-21T07:36:30Z
2026-09-21,INTEM,213.5,219.9,205,207.1,14001,borsapy_fallback_from_yahoo,acilis,2026-09-21T07:36:30Z
2026-09-21,INTET,46.54,47.74,44.8,45.36,1958753,borsapy_fallback_from_yahoo,acilis,2026-09-21T07:36:30Z
2026-09-21,INVEO,6.35,6.66,6.27,6.58,2116507,borsapy_fallback_from_yahoo,acilis,2026-09-21T07:36:30Z
2026-09-21,INVES,795,795,760,760,8472,borsapy_fallback_from_yahoo,acilis,2026-09-21T07:36:30Z
2026-09-21,ISBIR,64,64,64,64,3268,borsapy_fallback_from_yahoo,acilis,2026-09-21T07:36:30Z
2026-09-21,ISBTR,445002.5,445002.5,445002.5,445002.5,1,borsapy_fallback_from_yahoo,acilis,2026-09-21T07:36:30Z
2026-09-21,ISCTR,13.24,13.31,13.07,13.19,75373659,borsapy_fallback_from_yahoo,acilis,2026-09-21T07:36:30Z
2026-09-21,ISDMR,60.65,61.2,59.1,59.95,246155,borsapy_fallback_from_yahoo,acilis,2026-09-21T07:36:30Z
2026-09-21,ISFIN,18.42,18.47,17.96,18.12,99892,borsapy_fallback_from_yahoo,acilis,2026-09-21T07:36:30Z
2026-09-21,ISGYO,23,23,22.2,22.46,156942,borsapy_fallback_from_yahoo,acilis,2026-09-21T07:36:30Z
2026-09-21,ISKPL,4.27,4.27,4.27,4.27,679008,borsapy_fallback_from_yahoo,acilis,2026-09-21T07:36:30Z
2026-09-21,ISMEN,33.66,33.94,33.02,33.6,1548917,borsapy_fallback_from_yahoo,acilis,2026-09-21T07:36:30Z
2026-09-21,ISSEN,6.18,6.18,5.88,5.97,119612,borsapy_fallback_from_yahoo,acilis,2026-09-21T07:36:30Z
2026-09-21,ISVEA,63.8,63.8,63.8,63.8,2812,borsapy_fallback_from_yahoo,acilis,2026-09-21T07:36:30Z
2026-09-21,IZENR,4.34,4.34,4.34,4.34,1698889,borsapy_fallback_from_yahoo,acilis,2026-09-21T07:36:30Z
2026-09-21,IZFAS,33.48,33.48,33.48,33.48,38188,borsapy_fallback_from_yahoo,acilis,2026-09-21T07:36:30Z
2026-09-21,IZINV,37.02,37.2,35.2,35.2,45310,borsapy_fallback_from_yahoo,acilis,2026-09-21T07:36:30Z
2026-09-21,IZMDC,7.33,7.35,7,7.06,2535793,borsapy_fallback_from_yahoo,acilis,2026-09-21T07:36:30Z
2026-09-21,JANTS,15.1,15.1,14.55,14.66,291144,borsapy_fallback_from_yahoo,acilis,2026-09-21T07:36:30Z
2026-09-21,KAPLM,220,220,220,220,4188,borsapy_fallback_from_yahoo,acilis,2026-09-21T07:36:30Z
2026-09-21,KARCL,153,153,153,153,11547,borsapy_fallback_from_yahoo,acilis,2026-09-21T07:36:30Z
2026-09-21,KAREL,6.45,6.76,6.13,6.13,4636120,borsapy_fallback_from_yahoo,acilis,2026-09-21T07:36:30Z
2026-09-21,KARSN,8.7,8.94,8.54,8.62,22785543,borsapy_fallback_from_yahoo,acilis,2026-09-21T07:36:30Z
2026-09-21,KARTN,122.3,123,113.1,113.1,56675,borsapy_fallback_from_yahoo,acilis,2026-09-21T07:36:30Z
2026-09-21,KATMR,1.61,1.61,1.53,1.53,11514177,borsapy_fallback_from_yahoo,acilis,2026-09-21T07:36:30Z
2026-09-21,KAYSE,3.56,3.57,3.45,3.48,1210936,borsapy_fallback_from_yahoo,acilis,2026-09-21T07:36:30Z
2026-09-21,KBORU,11.46,11.46,11.46,11.46,574354,borsapy_fallback_from_yahoo,acilis,2026-09-21T07:36:30Z
2026-09-21,KCAER,11.8,11.8,11.21,11.21,1468791,borsapy_fallback_from_yahoo,acilis,2026-09-21T07:36:30Z
2026-09-21,KCHOL,214.7,217.1,212.4,214.8,4767386,borsapy_fallback_from_yahoo,acilis,2026-09-21T07:36:30Z
2026-09-21,KENT,310,310,310,310,618,borsapy_fallback_from_yahoo,acilis,2026-09-21T07:36:30Z
2026-09-21,KERVN,6.25,6.25,6.25,6.25,205107,borsapy_fallback_from_yahoo,acilis,2026-09-21T07:36:30Z
2026-09-21,KFEIN,6.11,6.5,6.11,6.31,812778,borsapy_fallback_from_yahoo,acilis,2026-09-21T07:36:30Z
2026-09-21,KGYO,11.78,11.78,11.2,11.2,1161062,borsapy_fallback_from_yahoo,acilis,2026-09-21T07:36:30Z
2026-09-21,KIMMR,11.46,11.46,11.07,11.24,105255,borsapy_fallback_from_yahoo,acilis,2026-09-21T07:36:30Z
2026-09-21,KLGYO,4.05,4.05,3.89,3.95,1555102,borsapy_fallback_from_yahoo,acilis,2026-09-21T07:36:30Z
2026-09-21,KLKIM,23.12,23.12,22.5,22.94,304205,borsapy_fallback_from_yahoo,acilis,2026-09-21T07:36:30Z
2026-09-21,KLMSN,23.86,23.86,22.68,22.68,233618,borsapy_fallback_from_yahoo,acilis,2026-09-21T07:36:30Z
2026-09-21,KLNMA,8.5,8.5,8.5,8.5,27477,borsapy_fallback_from_yahoo,acilis,2026-09-21T07:36:30Z
2026-09-21,KLRHO,38.12,38.12,38.12,38.12,69739,borsapy_fallback_from_yahoo,acilis,2026-09-21T07:36:30Z
2026-09-21,KLSER,20.54,20.54,19.52,19.95,182892,borsapy_fallback_from_yahoo,acilis,2026-09-21T07:36:30Z
2026-09-21,KLSYN,12.84,13.6,12.84,13.13,152283,borsapy_fallback_from_yahoo,acilis,2026-09-21T07:36:30Z
2026-09-21,KLYPV,56,56,53.2,53.2,232962,borsapy_fallback_from_yahoo,acilis,2026-09-21T07:36:30Z
2026-09-21,KMPUR,15.99,15.99,15,15.38,171875,borsapy_fallback_from_yahoo,acilis,2026-09-21T07:36:30Z
2026-09-21,KNFRT,11.3,11.3,10.75,10.76,184136,borsapy_fallback_from_yahoo,acilis,2026-09-21T07:36:30Z
2026-09-21,KOCMT,2.78,2.78,2.78,2.78,512906,borsapy_fallback_from_yahoo,acilis,2026-09-21T07:36:30Z
2026-09-21,KONKA,8.15,8.15,7.87,7.94,247696,borsapy_fallback_from_yahoo,acilis,2026-09-21T07:36:30Z
2026-09-21,KONTR,2.56,2.56,2.56,2.56,530611,borsapy_fallback_from_yahoo,acilis,2026-09-21T07:36:30Z
2026-09-21,KONYA,3890,3890,3500,3570,6198,borsapy_fallback_from_yahoo,acilis,2026-09-21T07:36:30Z
2026-09-21,KOPOL,3.45,3.61,3.41,3.53,5517289,borsapy_fallback_from_yahoo,acilis,2026-09-21T07:36:30Z
2026-09-21,KORDS,3.05,3.13,2.96,2.99,5061994,borsapy_fallback_from_yahoo,acilis,2026-09-21T07:36:30Z
2026-09-21,KOTON,11.31,11.31,10.85,10.99,192630,borsapy_fallback_from_yahoo,acilis,2026-09-21T07:36:30Z
2026-09-21,KPEKS,68.9,68.9,68.9,68.9,38826,borsapy_fallback_from_yahoo,acilis,2026-09-21T07:36:30Z
2026-09-21,KRDMA,44.42,44.42,42.2,42.2,646777,borsapy_fallback_from_yahoo,acilis,2026-09-21T07:36:30Z
2026-09-21,KRDMB,88.35,88.35,80.45,82.15,125633,borsapy_fallback_from_yahoo,acilis,2026-09-21T07:36:30Z
2026-09-21,KRDMD,44.02,44.38,43.14,43.68,6041730,borsapy_fallback_from_yahoo,acilis,2026-09-21T07:36:30Z
2026-09-21,KRGYO,2.83,2.94,2.79,2.82,2647850,borsapy_fallback_from_yahoo,acilis,2026-09-21T07:36:30Z
2026-09-21,KRONT,19.2,19.2,18.61,18.75,278194,borsapy_fallback_from_yahoo,acilis,2026-09-21T07:36:30Z
2026-09-21,KRPLS,10.73,11.97,10.73,11.67,909553,borsapy_fallback_from_yahoo,acilis,2026-09-21T07:36:30Z
2026-09-21,KRSTL,7.99,8.03,7.71,7.91,1184058,borsapy_fallback_from_yahoo,acilis,2026-09-21T07:36:30Z
2026-09-21,KRTEK,5.2,5.36,5.01,5.01,35131,borsapy_fallback_from_yahoo,acilis,2026-09-21T07:36:30Z
2026-09-21,KRVGD,2.04,2.07,1.98,2,1554806,borsapy_fallback_from_yahoo,acilis,2026-09-21T07:36:30Z
2026-09-21,KSTUR,2100,2100,2100,2100,30,borsapy_fallback_from_yahoo,acilis,2026-09-21T07:36:30Z
2026-09-21,KTLEV,20.04,20.04,20.04,20.04,460471,borsapy_fallback_from_yahoo,acilis,2026-09-21T07:36:30Z
2026-09-21,KTSKR,64.5,64.55,61,61,99285,borsapy_fallback_from_yahoo,acilis,2026-09-21T07:36:30Z
2026-09-21,KUTPO,73,73,70.2,71.75,22692,borsapy_fallback_from_yahoo,acilis,2026-09-21T07:36:30Z
2026-09-21,KUVVA,127.8,127.8,127.8,127.8,8078,borsapy_fallback_from_yahoo,acilis,2026-09-21T07:36:30Z
2026-09-21,KUYAS,45.78,45.78,45.78,45.78,143179,borsapy_fallback_from_yahoo,acilis,2026-09-21T07:36:30Z
2026-09-21,KZBGY,1.47,1.48,1.43,1.44,9898981,borsapy_fallback_from_yahoo,acilis,2026-09-21T07:36:30Z
2026-09-21,KZGYO,18.24,18.24,18.24,18.24,119591,borsapy_fallback_from_yahoo,acilis,2026-09-21T07:36:30Z
2026-09-21,LIDER,14.22,14.22,14.22,14.22,75891,borsapy_fallback_from_yahoo,acilis,2026-09-21T07:36:30Z
2026-09-21,LIDFA,1.61,1.61,1.46,1.51,2982167,borsapy_fallback_from_yahoo,acilis,2026-09-21T07:36:30Z
2026-09-21,LILAK,26.02,27.24,26.02,26.78,962159,borsapy_fallback_from_yahoo,acilis,2026-09-21T07:36:30Z
2026-09-21,LINK,4.1,4.13,3.97,4.01,2893685,borsapy_fallback_from_yahoo,acilis,2026-09-21T07:36:30Z
2026-09-21,LKMNH,12.49,12.49,12.01,12.18,281241,borsapy_fallback_from_yahoo,acilis,2026-09-21T07:36:30Z
2026-09-21,LMKDC,22.04,23.28,22,22.24,1561951,borsapy_fallback_from_yahoo,acilis,2026-09-21T07:36:30Z
2026-09-21,LOGO,143.5,143.5,138.4,139.4,130392,borsapy_fallback_from_yahoo,acilis,2026-09-21T07:36:30Z
2026-09-21,LRSHO,2.08,2.08,1.98,1.98,2184357,borsapy_fallback_from_yahoo,acilis,2026-09-21T07:36:30Z
2026-09-21,LUKSK,68.1,69.25,67,67.85,14228,borsapy_fallback_from_yahoo,acilis,2026-09-21T07:36:30Z
2026-09-21,LXGYO,6.67,6.67,6.4,6.47,1576470,borsapy_fallback_from_yahoo,acilis,2026-09-21T07:36:30Z
2026-09-21,LYDHO,84.65,84.65,84.65,84.65,582,borsapy_fallback_from_yahoo,acilis,2026-09-21T07:36:30Z
2026-09-21,LYDYE,8405,8405,8405,8405,41,borsapy_fallback_from_yahoo,acilis,2026-09-21T07:36:30Z
2026-09-21,MAALT,937,937,894,896,7289,borsapy_fallback_from_yahoo,acilis,2026-09-21T07:36:30Z
2026-09-21,MACKO,30.7,30.72,30.04,30.3,64862,borsapy_fallback_from_yahoo,acilis,2026-09-21T07:36:30Z
2026-09-21,MAGEN,24.52,24.52,24.52,24.52,114583,borsapy_fallback_from_yahoo,acilis,2026-09-21T07:36:30Z
2026-09-21,MAKIM,12.7,12.76,12.07,12.07,74996,borsapy_fallback_from_yahoo,acilis,2026-09-21T07:36:30Z
2026-09-21,MAKTK,7.5,7.64,7.13,7.15,904708,borsapy_fallback_from_yahoo,acilis,2026-09-21T07:36:30Z
2026-09-21,MANAS,21.96,21.96,21.96,21.96,8692,borsapy_fallback_from_yahoo,acilis,2026-09-21T07:36:30Z
2026-09-21,MARBL,10.4,10.4,9.88,9.88,329394,borsapy_fallback_from_yahoo,acilis,2026-09-21T07:36:30Z
2026-09-21,MARMR,1.62,1.63,1.54,1.56,14486995,borsapy_fallback_from_yahoo,acilis,2026-09-21T07:36:30Z
2026-09-21,MARTI,2.01,2.01,2.01,2.01,501800,borsapy_fallback_from_yahoo,acilis,2026-09-21T07:36:30Z
2026-09-21,MASFN,36.52,37.2,35.96,36.5,1486924,borsapy_fallback_from_yahoo,acilis,2026-09-21T07:36:30Z
2026-09-21,MAVI,35.62,36.8,35.46,36.1,2094738,borsapy_fallback_from_yahoo,acilis,2026-09-21T07:36:30Z
2026-09-21,MCARD,100.5,100.5,100.5,100.5,75377,borsapy_fallback_from_yahoo,acilis,2026-09-21T07:36:30Z
2026-09-21,MEDTR,19.99,19.99,19.24,19.47,52708,borsapy_fallback_from_yahoo,acilis,2026-09-21T07:36:30Z
2026-09-21,MEGAP,1.44,1.44,1.44,1.44,79300,borsapy_fallback_from_yahoo,acilis,2026-09-21T07:36:30Z
2026-09-21,MEGMT,3.5,3.6,3.44,3.52,3383882,borsapy_fallback_from_yahoo,acilis,2026-09-21T07:36:30Z
2026-09-21,MEKAG,2.36,2.36,2.25,2.25,1802091,borsapy_fallback_from_yahoo,acilis,2026-09-21T07:36:30Z
2026-09-21,MEPET,18.37,18.8,18,18.47,62652,borsapy_fallback_from_yahoo,acilis,2026-09-21T07:36:30Z
2026-09-21,MERCN,15.26,15.3,14.5,14.5,1158463,borsapy_fallback_from_yahoo,acilis,2026-09-21T07:36:30Z
2026-09-21,MERIT,14.43,14.43,14.1,14.12,321573,borsapy_fallback_from_yahoo,acilis,2026-09-21T07:36:30Z
2026-09-21,MERKO,1.02,1.03,0.99,1.01,6780109,borsapy_fallback_from_yahoo,acilis,2026-09-21T07:36:30Z
2026-09-21,METEN,17,17.48,17,17.4,3652285,borsapy_fallback_from_yahoo,acilis,2026-09-21T07:36:30Z
2026-09-21,METRO,6.53,6.69,6.21,6.21,1224623,borsapy_fallback_from_yahoo,acilis,2026-09-21T07:36:30Z
2026-09-21,MEYSU,8.2,8.21,7.8,7.8,1935445,borsapy_fallback_from_yahoo,acilis,2026-09-21T07:36:30Z
2026-09-21,MGROS,525,526.5,518.5,523,273389,borsapy_fallback_from_yahoo,acilis,2026-09-21T07:36:30Z
2026-09-21,MHRGY,1.9,1.91,1.81,1.81,980520,borsapy_fallback_from_yahoo,acilis,2026-09-21T07:36:30Z
2026-09-21,MIATK,22.78,22.78,22.78,22.78,416799,borsapy_fallback_from_yahoo,acilis,2026-09-21T07:36:30Z
2026-09-21,MMCAS,25.54,25.54,25.54,25.54,2744,borsapy_fallback_from_yahoo,acilis,2026-09-21T07:36:30Z
2026-09-21,MNDRS,10.15,10.16,9.86,9.99,307452,borsapy_fallback_from_yahoo,acilis,2026-09-21T07:36:30Z
2026-09-21,MNDTR,4.24,4.31,4.1,4.19,329254,borsapy_fallback_from_yahoo,acilis,2026-09-21T07:36:30Z
2026-09-21,MOBTL,10.28,10.76,9.72,9.72,622752,borsapy_fallback_from_yahoo,acilis,2026-09-21T07:36:30Z
2026-09-21,MOGAN,8.39,8.39,8.39,8.39,1628085,borsapy_fallback_from_yahoo,acilis,2026-09-21T07:36:30Z
2026-09-21,MOPAS,21.9,21.9,20.4,20.5,263458,borsapy_fallback_from_yahoo,acilis,2026-09-21T07:36:30Z
2026-09-21,MPARK,432.25,439,430.5,437,112239,borsapy_fallback_from_yahoo,acilis,2026-09-21T07:36:30Z
2026-09-21,MRGYO,1.56,1.56,1.56,1.56,248512,borsapy_fallback_from_yahoo,acilis,2026-09-21T07:36:30Z
2026-09-21,MRSHL,1540,1540,1488,1497,2848,borsapy_fallback_from_yahoo,acilis,2026-09-21T07:36:30Z
2026-09-21,MSGYO,5.14,5.19,4.98,5.04,254694,borsapy_fallback_from_yahoo,acilis,2026-09-21T07:36:30Z
2026-09-21,MTRKS,23.6,23.7,22.84,22.98,125227,borsapy_fallback_from_yahoo,acilis,2026-09-21T07:36:30Z
2026-09-21,MTRYO,8.69,8.69,8.16,8.3,52538,borsapy_fallback_from_yahoo,acilis,2026-09-21T07:36:30Z
2026-09-21,MZHLD,4.86,4.98,4.86,4.87,68988,borsapy_fallback_from_yahoo,acilis,2026-09-21T07:36:30Z
2026-09-21,NATEN,4.46,4.46,4.24,4.29,1008033,borsapy_fallback_from_yahoo,acilis,2026-09-21T07:36:30Z
2026-09-21,NETAS,81.45,81.45,78.75,78.75,133124,borsapy_fallback_from_yahoo,acilis,2026-09-21T07:36:30Z
2026-09-21,NETCD,90.15,92.45,86.8,87.6,914159,borsapy_fallback_from_yahoo,acilis,2026-09-21T07:36:30Z
2026-09-21,NETGL,33.94,33.94,33.94,33.94,1302194,borsapy_fallback_from_yahoo,acilis,2026-09-21T07:36:30Z
2026-09-21,NIBAS,3.37,3.37,3.13,3.19,1643423,borsapy_fallback_from_yahoo,acilis,2026-09-21T07:36:30Z
2026-09-21,NTGAZ,10.62,10.62,10.33,10.38,449318,borsapy_fallback_from_yahoo,acilis,2026-09-21T07:36:30Z
2026-09-21,NTHOL,38.5,38.5,37.66,38.08,229798,borsapy_fallback_from_yahoo,acilis,2026-09-21T07:36:30Z
2026-09-21,NUGYO,8.07,8.09,7.69,7.69,196378,borsapy_fallback_from_yahoo,acilis,2026-09-21T07:36:30Z
2026-09-21,NUHCM,204.3,204.3,196,199.2,20904,borsapy_fallback_from_yahoo,acilis,2026-09-21T07:36:30Z
2026-09-21,OBAMS,4.35,4.35,4.2,4.25,4540732,borsapy_fallback_from_yahoo,acilis,2026-09-21T07:36:30Z
2026-09-21,OBASE,31.36,31.38,29.82,29.88,53515,borsapy_fallback_from_yahoo,acilis,2026-09-21T07:36:30Z
2026-09-21,ODAS,6.75,6.76,6.42,6.42,7355678,borsapy_fallback_from_yahoo,acilis,2026-09-21T07:36:30Z
2026-09-21,ODINE,416.25,416.25,416.25,416.25,455,borsapy_fallback_from_yahoo,acilis,2026-09-21T07:36:30Z
2026-09-21,OFSYM,60.25,60.65,57.7,57.85,146952,borsapy_fallback_from_yahoo,acilis,2026-09-21T07:36:30Z
2026-09-21,ONCSM,104.1,104.1,104.1,104.1,45552,borsapy_fallback_from_yahoo,acilis,2026-09-21T07:36:30Z
2026-09-21,ONRYT,11.25,11.67,11.07,11.2,853820,borsapy_fallback_from_yahoo,acilis,2026-09-21T07:36:30Z
2026-09-21,ORCAY,2.6,2.71,2.52,2.52,557606,borsapy_fallback_from_yahoo,acilis,2026-09-21T07:36:30Z
2026-09-21,ORGE,21.94,21.94,21.26,21.52,671086,borsapy_fallback_from_yahoo,acilis,2026-09-21T07:36:30Z
2026-09-21,ORMA,116.4,116.4,116.4,116.4,1617,borsapy_fallback_from_yahoo,acilis,2026-09-21T07:36:30Z
2026-09-21,ORZAX,71,72.4,69.85,70.15,653381,borsapy_fallback_from_yahoo,acilis,2026-09-21T07:36:30Z
2026-09-21,OSMEN,5.79,5.83,5.39,5.52,600433,borsapy_fallback_from_yahoo,acilis,2026-09-21T07:36:30Z
2026-09-21,OSTIM,1.37,1.4,1.32,1.34,3096265,borsapy_fallback_from_yahoo,acilis,2026-09-21T07:36:30Z
2026-09-21,OTKAR,304.5,304.5,295.75,297.75,49911,borsapy_fallback_from_yahoo,acilis,2026-09-21T07:36:30Z
2026-09-21,OTTO,89.4,95,89.4,91.65,89269,borsapy_fallback_from_yahoo,acilis,2026-09-21T07:36:30Z
2026-09-21,OYAKC,20.2,20.2,19.75,19.96,1712065,borsapy_fallback_from_yahoo,acilis,2026-09-21T07:36:30Z
2026-09-21,OYAYO,38.22,38.22,37.5,37.78,6135,borsapy_fallback_from_yahoo,acilis,2026-09-21T07:36:30Z
2026-09-21,OYLUM,5.96,6.1,5.9,5.92,99473,borsapy_fallback_from_yahoo,acilis,2026-09-21T07:36:30Z
2026-09-21,OYYAT,26.16,27.62,26.16,27.22,84061,borsapy_fallback_from_yahoo,acilis,2026-09-21T07:36:30Z
2026-09-21,OZATD,3270,3270,3270,3270,28,borsapy_fallback_from_yahoo,acilis,2026-09-21T07:36:30Z
2026-09-21,OZGYO,1.8,1.81,1.71,1.71,2548130,borsapy_fallback_from_yahoo,acilis,2026-09-21T07:36:30Z
2026-09-21,OZKGY,12.02,12.02,11.63,11.79,774273,borsapy_fallback_from_yahoo,acilis,2026-09-21T07:36:30Z
2026-09-21,OZRDN,23.32,25.2,23.32,23.32,34215,borsapy_fallback_from_yahoo,acilis,2026-09-21T07:36:30Z
2026-09-21,OZSUB,37.42,37.42,36.18,36.54,219949,borsapy_fallback_from_yahoo,acilis,2026-09-21T07:36:30Z
2026-09-21,OZYSR,11.04,11.05,10.63,10.63,242304,borsapy_fallback_from_yahoo,acilis,2026-09-21T07:36:30Z
2026-09-21,PAGYO,121,122.8,119.2,120.9,31303,borsapy_fallback_from_yahoo,acilis,2026-09-21T07:36:30Z
2026-09-21,PAHOL,1.05,1.06,1,1.01,70448794,borsapy_fallback_from_yahoo,acilis,2026-09-21T07:36:30Z
2026-09-21,PAMEL,52.85,52.85,50.95,51.9,127948,borsapy_fallback_from_yahoo,acilis,2026-09-21T07:36:30Z
2026-09-21,PAPIL,9.59,9.61,9.12,9.12,1031064,borsapy_fallback_from_yahoo,acilis,2026-09-21T07:36:30Z
2026-09-21,PARSN,64.85,64.85,62.55,62.9,54040,borsapy_fallback_from_yahoo,acilis,2026-09-21T07:36:30Z
2026-09-21,PASEU,49.92,49.92,49.92,49.92,27108,borsapy_fallback_from_yahoo,acilis,2026-09-21T07:36:30Z
2026-09-21,PATEK,19.5,19.84,17.7,17.7,2872494,borsapy_fallback_from_yahoo,acilis,2026-09-21T07:36:30Z
2026-09-21,PCILT,30,30,28.62,28.76,304477,borsapy_fallback_from_yahoo,acilis,2026-09-21T07:36:30Z
2026-09-21,PEKGY,7.69,7.69,7.69,7.69,102581,borsapy_fallback_from_yahoo,acilis,2026-09-21T07:36:30Z
2026-09-21,PENGD,8.14,8.15,7.75,7.82,375773,borsapy_fallback_from_yahoo,acilis,2026-09-21T07:36:30Z
2026-09-21,PENTA,10.4,10.6,10.27,10.46,491170,borsapy_fallback_from_yahoo,acilis,2026-09-21T07:36:30Z
2026-09-21,PETKM,21.22,21.4,20.76,21.14,9433174,borsapy_fallback_from_yahoo,acilis,2026-09-21T07:36:30Z
2026-09-21,PETUN,10.65,10.65,10.29,10.41,270139,borsapy_fallback_from_yahoo,acilis,2026-09-21T07:36:30Z
2026-09-21,PGSUS,147.8,148.5,146.5,147.9,1443327,borsapy_fallback_from_yahoo,acilis,2026-09-21T07:36:30Z
2026-09-21,PINSU,9.15,9.15,8.88,8.92,493738,borsapy_fallback_from_yahoo,acilis,2026-09-21T07:36:30Z
2026-09-21,PKART,93.05,93.1,89.2,90.5,76354,borsapy_fallback_from_yahoo,acilis,2026-09-21T07:36:30Z
2026-09-21,PKENT,108.6,108.6,102.7,102.7,18020,borsapy_fallback_from_yahoo,acilis,2026-09-21T07:36:30Z
2026-09-21,PLTUR,17.15,17.17,16.5,16.57,153511,borsapy_fallback_from_yahoo,acilis,2026-09-21T07:36:30Z
2026-09-21,PNLSN,35.3,35.3,33.6,33.6,114406,borsapy_fallback_from_yahoo,acilis,2026-09-21T07:36:30Z
2026-09-21,PNSUT,10.44,10.44,10.02,10.08,268386,borsapy_fallback_from_yahoo,acilis,2026-09-21T07:36:30Z
2026-09-21,POLHO,19.45,19.45,18.53,18.7,145677,borsapy_fallback_from_yahoo,acilis,2026-09-21T07:36:30Z
2026-09-21,POLTK,3430,3430,3260,3287.5,2435,borsapy_fallback_from_yahoo,acilis,2026-09-21T07:36:30Z
2026-09-21,PRDGS,4.37,4.37,4.37,4.37,206647,borsapy_fallback_from_yahoo,acilis,2026-09-21T07:36:30Z
2026-09-21,PRKAB,27.8,27.9,26.42,26.42,130209,borsapy_fallback_from_yahoo,acilis,2026-09-21T07:36:30Z
2026-09-21,PRKME,15.91,16.3,15.57,15.7,220505,borsapy_fallback_from_yahoo,acilis,2026-09-21T07:36:30Z
2026-09-21,PRZMA,45.9,45.9,45.9,45.9,1315,borsapy_fallback_from_yahoo,acilis,2026-09-21T07:36:30Z
2026-09-21,PSDTC,94.05,98.55,92.45,92.45,46150,borsapy_fallback_from_yahoo,acilis,2026-09-21T07:36:30Z
2026-09-21,PSGYO,2.09,2.1,2.01,2.01,7306024,borsapy_fallback_from_yahoo,acilis,2026-09-21T07:36:30Z
2026-09-21,QNBFK,37,37,37,37,5706,borsapy_fallback_from_yahoo,acilis,2026-09-21T07:36:30Z
2026-09-21,QNBTR,168,168,168,168,1990,borsapy_fallback_from_yahoo,acilis,2026-09-21T07:36:30Z
2026-09-21,QUAGR,2.44,2.44,2.31,2.35,5223566,borsapy_fallback_from_yahoo,acilis,2026-09-21T07:36:30Z
2026-09-21,QUICK,48.16,50.35,48.16,49.1,303126,borsapy_fallback_from_yahoo,acilis,2026-09-21T07:36:30Z
2026-09-21,RALYH,178.2,178.2,178.2,178.2,4328,borsapy_fallback_from_yahoo,acilis,2026-09-21T07:36:30Z
2026-09-21,RAYSG,136.1,136.9,131.3,132.4,16738,borsapy_fallback_from_yahoo,acilis,2026-09-21T07:36:30Z
2026-09-21,REEDR,4.55,4.55,4.39,4.43,4281656,borsapy_fallback_from_yahoo,acilis,2026-09-21T07:36:30Z
2026-09-21,RGYAS,190.4,190.4,186,188.8,164589,borsapy_fallback_from_yahoo,acilis,2026-09-21T07:36:30Z
2026-09-21,RNPOL,2.19,2.19,2.09,2.12,347909,borsapy_fallback_from_yahoo,acilis,2026-09-21T07:36:30Z
2026-09-21,RODRG,19.48,19.48,18.8,19,24762,borsapy_fallback_from_yahoo,acilis,2026-09-21T07:36:30Z
2026-09-21,RTALB,2.25,2.28,2.11,2.16,4750192,borsapy_fallback_from_yahoo,acilis,2026-09-21T07:36:30Z
2026-09-21,RUBNS,23.82,24.12,23.14,23.5,263683,borsapy_fallback_from_yahoo,acilis,2026-09-21T07:36:30Z
2026-09-21,RUZYE,5.56,5.56,5.56,5.56,199843,borsapy_fallback_from_yahoo,acilis,2026-09-21T07:36:30Z
2026-09-21,RYGYO,46.7,47.96,45.08,45.24,362068,borsapy_fallback_from_yahoo,acilis,2026-09-21T07:36:30Z
2026-09-21,RYSAS,24.28,24.56,23.76,24.14,2323675,borsapy_fallback_from_yahoo,acilis,2026-09-21T07:36:30Z
2026-09-21,SAFKR,11.7,11.7,11.12,11.12,533158,borsapy_fallback_from_yahoo,acilis,2026-09-21T07:36:30Z
2026-09-21,SAHOL,87.85,88.7,87.1,87.85,4422989,borsapy_fallback_from_yahoo,acilis,2026-09-21T07:36:30Z
2026-09-21,SAMAT,4.24,4.6,4.04,4.04,207691,borsapy_fallback_from_yahoo,acilis,2026-09-21T07:36:30Z
2026-09-21,SANEL,40.48,40.48,37.68,38.7,84020,borsapy_fallback_from_yahoo,acilis,2026-09-21T07:36:30Z
2026-09-21,SANFM,6.2,6.66,6.02,6.08,968597,borsapy_fallback_from_yahoo,acilis,2026-09-21T07:36:30Z
2026-09-21,SANKO,18.62,19.02,17.98,18.19,40610,borsapy_fallback_from_yahoo,acilis,2026-09-21T07:36:30Z
2026-09-21,SARAE,51.55,51.55,51.55,51.55,272552,borsapy_fallback_from_yahoo,acilis,2026-09-21T07:36:30Z
2026-09-21,SARKY,21.96,21.96,20.96,21.12,1000165,borsapy_fallback_from_yahoo,acilis,2026-09-21T07:36:30Z
2026-09-21,SASA,2.35,2.36,2.25,2.27,627187919,borsapy_fallback_from_yahoo,acilis,2026-09-21T07:36:30Z
2026-09-21,SAYAS,45.94,46.02,43.7,43.7,211925,borsapy_fallback_from_yahoo,acilis,2026-09-21T07:36:30Z
2026-09-21,SDTTR,17.65,17.7,16.82,16.94,1653834,borsapy_fallback_from_yahoo,acilis,2026-09-21T07:36:30Z
2026-09-21,SEGMN,33.96,36.66,30.68,30.68,175714,borsapy_fallback_from_yahoo,acilis,2026-09-21T07:36:30Z
2026-09-21,SEGYO,2.87,2.87,2.7,2.7,684640,borsapy_fallback_from_yahoo,acilis,2026-09-21T07:36:30Z
2026-09-21,SEKFK,4,4.01,3.85,3.89,37561,borsapy_fallback_from_yahoo,acilis,2026-09-21T07:36:30Z
2026-09-21,SEKUR,5.97,5.97,5.97,5.97,31417,borsapy_fallback_from_yahoo,acilis,2026-09-21T07:36:30Z
2026-09-21,SELEC,191.7,191.7,191.7,191.7,2930,borsapy_fallback_from_yahoo,acilis,2026-09-21T07:36:30Z
2026-09-21,SELVA,1.28,1.28,1.22,1.22,3795510,borsapy_fallback_from_yahoo,acilis,2026-09-21T07:36:30Z
2026-09-21,SERNT,5.89,6.18,5.62,5.75,1641155,borsapy_fallback_from_yahoo,acilis,2026-09-21T07:36:30Z
2026-09-21,SEYKM,3.01,3.2,3.01,3.17,1520050,borsapy_fallback_from_yahoo,acilis,2026-09-21T07:36:30Z
2026-09-21,SILVR,1.95,2,1.9,1.9,278085,borsapy_fallback_from_yahoo,acilis,2026-09-21T07:36:30Z
2026-09-21,SISE,39.62,39.74,38.74,39.26,6900728,borsapy_fallback_from_yahoo,acilis,2026-09-21T07:36:30Z
2026-09-21,SKBNK,6.06,6.06,5.8,5.92,25891092,borsapy_fallback_from_yahoo,acilis,2026-09-21T07:36:30Z
2026-09-21,SKTAS,2.8,2.8,2.59,2.59,1566454,borsapy_fallback_from_yahoo,acilis,2026-09-21T07:36:30Z
2026-09-21,SKYLP,103.7,103.7,103.7,103.7,1056,borsapy_fallback_from_yahoo,acilis,2026-09-21T07:36:30Z
2026-09-21,SKYMD,14.12,14.32,13.7,13.86,376032,borsapy_fallback_from_yahoo,acilis,2026-09-21T07:36:30Z
2026-09-21,SMART,18.77,18.77,17.89,17.89,62884,borsapy_fallback_from_yahoo,acilis,2026-09-21T07:36:30Z
2026-09-21,SMRTG,5.43,5.43,5.43,5.43,890038,borsapy_fallback_from_yahoo,acilis,2026-09-21T07:36:30Z
2026-09-21,SMRVA,7.5,7.5,7.14,7.14,1073570,borsapy_fallback_from_yahoo,acilis,2026-09-21T07:36:30Z
2026-09-21,SNGYO,2.75,2.75,2.62,2.62,3174729,borsapy_fallback_from_yahoo,acilis,2026-09-21T07:36:30Z
2026-09-21,SNICA,2.54,2.67,2.54,2.57,1835278,borsapy_fallback_from_yahoo,acilis,2026-09-21T07:36:30Z
2026-09-21,SNPAM,18.53,18.53,18.53,18.53,1765,borsapy_fallback_from_yahoo,acilis,2026-09-21T07:36:30Z
2026-09-21,SODSN,6.24,6.24,6.24,6.24,4358,borsapy_fallback_from_yahoo,acilis,2026-09-21T07:36:30Z
2026-09-21,SOHOE,8.65,8.7,8.24,8.33,1906071,borsapy_fallback_from_yahoo,acilis,2026-09-21T07:36:30Z
2026-09-21,SOKE,8.49,8.6,8.07,8.07,624794,borsapy_fallback_from_yahoo,acilis,2026-09-21T07:36:30Z
2026-09-21,SOKM,57.9,58.65,57.2,57.65,371046,borsapy_fallback_from_yahoo,acilis,2026-09-21T07:36:30Z
2026-09-21,SONME,128.9,129.6,125.1,128.9,5039,borsapy_fallback_from_yahoo,acilis,2026-09-21T07:36:30Z
2026-09-21,SRVGY,2.14,2.16,2.1,2.12,3534348,borsapy_fallback_from_yahoo,acilis,2026-09-21T07:36:30Z
2026-09-21,SSAAT,26.96,26.96,25.7,25.76,423014,borsapy_fallback_from_yahoo,acilis,2026-09-21T07:36:30Z
2026-09-21,SUMAS,232.6,232.6,232.6,232.6,140,borsapy_fallback_from_yahoo,acilis,2026-09-21T07:36:30Z
2026-09-21,SUNTK,28,28.68,26.74,26.8,107667,borsapy_fallback_from_yahoo,acilis,2026-09-21T07:36:30Z
2026-09-21,SURGY,25.2,25.2,23,23.38,611086,borsapy_fallback_from_yahoo,acilis,2026-09-21T07:36:30Z
2026-09-21,SUWEN,5.8,5.83,5.6,5.72,687947,borsapy_fallback_from_yahoo,acilis,2026-09-21T07:36:30Z
2026-09-21,SVGYO,10.21,10.21,10.21,10.21,18006,borsapy_fallback_from_yahoo,acilis,2026-09-21T07:36:30Z
2026-09-21,TABGD,227,229,225.3,227.1,62636,borsapy_fallback_from_yahoo,acilis,2026-09-21T07:36:30Z
2026-09-21,TARKM,427.75,435.25,406.75,413.25,43130,borsapy_fallback_from_yahoo,acilis,2026-09-21T07:36:30Z
2026-09-21,TATEN,4.91,4.91,4.91,4.91,569558,borsapy_fallback_from_yahoo,acilis,2026-09-21T07:36:30Z
2026-09-21,TATGD,16.56,16.68,16.11,16.23,238886,borsapy_fallback_from_yahoo,acilis,2026-09-21T07:36:30Z
2026-09-21,TAVHL,274.75,276.5,270.5,273.75,647143,borsapy_fallback_from_yahoo,acilis,2026-09-21T07:36:30Z
2026-09-21,TBORG,129.4,129.5,126.8,126.9,22654,borsapy_fallback_from_yahoo,acilis,2026-09-21T07:36:30Z
2026-09-21,TCELL,97.2,98.15,96,96.9,2827877,borsapy_fallback_from_yahoo,acilis,2026-09-21T07:36:30Z
2026-09-21,TCKRC,115.8,115.8,104.9,107.9,943740,borsapy_fallback_from_yahoo,acilis,2026-09-21T07:36:30Z
2026-09-21,TDGYO,13.45,13.45,13.45,13.45,54368,borsapy_fallback_from_yahoo,acilis,2026-09-21T07:36:30Z
2026-09-21,TEHOL,31.4,31.4,31.4,31.4,15522,borsapy_fallback_from_yahoo,acilis,2026-09-21T07:36:30Z
2026-09-21,TEKTU,5.6,5.6,5.32,5.32,617858,borsapy_fallback_from_yahoo,acilis,2026-09-21T07:36:30Z
2026-09-21,TERA,147.1,147.1,147.1,147.1,6078,borsapy_fallback_from_yahoo,acilis,2026-09-21T07:36:30Z
2026-09-21,TEZOL,8.09,8.09,7.84,7.85,582402,borsapy_fallback_from_yahoo,acilis,2026-09-21T07:36:30Z
2026-09-21,TGSAS,130,130,130,130,496,borsapy_fallback_from_yahoo,acilis,2026-09-21T07:36:30Z
2026-09-21,THYAO,287.5,287.75,282.5,285.25,6159142,borsapy_fallback_from_yahoo,acilis,2026-09-21T07:36:30Z
2026-09-21,TKFEN,246.5,253.5,234.2,234.5,1502559,borsapy_fallback_from_yahoo,acilis,2026-09-21T07:36:30Z
2026-09-21,TKNKA,102.9,102.9,102.9,102.9,1828,borsapy_fallback_from_yahoo,acilis,2026-09-21T07:36:30Z
2026-09-21,TKNSA,14.61,14.9,14.4,14.59,385509,borsapy_fallback_from_yahoo,acilis,2026-09-21T07:36:30Z
2026-09-21,TLMAN,67.9,67.95,66.5,67,33886,borsapy_fallback_from_yahoo,acilis,2026-09-21T07:36:30Z
2026-09-21,TMPOL,189.3,189.3,189.3,189.3,530,borsapy_fallback_from_yahoo,acilis,2026-09-21T07:36:30Z
2026-09-21,TMSN,66.9,67.4,63.6,63.6,80842,borsapy_fallback_from_yahoo,acilis,2026-09-21T07:36:30Z
2026-09-21,TNZTP,27,27.32,26.12,26.52,437955,borsapy_fallback_from_yahoo,acilis,2026-09-21T07:36:30Z
2026-09-21,TOASO,282,285.5,279.5,282.25,329964,borsapy_fallback_from_yahoo,acilis,2026-09-21T07:36:30Z
2026-09-21,TRALT,50.1,50.2,48.72,49.04,12349216,borsapy_fallback_from_yahoo,acilis,2026-09-21T07:36:30Z
2026-09-21,TRCAS,47.14,47.14,45.1,45.38,89138,borsapy_fallback_from_yahoo,acilis,2026-09-21T07:36:30Z
2026-09-21,TRENJ,101.3,102.1,98.75,100.2,257432,borsapy_fallback_from_yahoo,acilis,2026-09-21T07:36:30Z
2026-09-21,TRGYO,91.5,91.55,89.45,90.5,285673,borsapy_fallback_from_yahoo,acilis,2026-09-21T07:36:30Z
2026-09-21,TRHOL,2955,2955,2955,2955,318,borsapy_fallback_from_yahoo,acilis,2026-09-21T07:36:30Z
2026-09-21,TRILC,0.96,0.96,0.96,0.96,161877,borsapy_fallback_from_yahoo,acilis,2026-09-21T07:36:30Z
2026-09-21,TRMET,129.5,130.4,126,126.3,738400,borsapy_fallback_from_yahoo,acilis,2026-09-21T07:36:30Z
2026-09-21,TSGYO,5.11,5.18,5.04,5.06,172209,borsapy_fallback_from_yahoo,acilis,2026-09-21T07:36:30Z
2026-09-21,TSKB,10.87,10.89,10.69,10.8,2078180,borsapy_fallback_from_yahoo,acilis,2026-09-21T07:36:30Z
2026-09-21,TSPOR,0.92,0.93,0.88,0.89,98963440,borsapy_fallback_from_yahoo,acilis,2026-09-21T07:36:30Z
2026-09-21,TTKOM,52.45,52.95,51.85,52.5,4154472,borsapy_fallback_from_yahoo,acilis,2026-09-21T07:36:30Z
2026-09-21,TTRAK,427.25,427.25,408.25,411,19531,borsapy_fallback_from_yahoo,acilis,2026-09-21T07:36:30Z
2026-09-21,TUCLK,3.42,3.42,3.27,3.3,1615397,borsapy_fallback_from_yahoo,acilis,2026-09-21T07:36:30Z
2026-09-21,TUKAS,1.84,1.85,1.78,1.79,15592973,borsapy_fallback_from_yahoo,acilis,2026-09-21T07:36:30Z
2026-09-21,TUPRS,416.25,416.25,402,405,4365856,borsapy_fallback_from_yahoo,acilis,2026-09-21T07:36:30Z
2026-09-21,TUREX,5.01,5.01,4.81,4.84,1841370,borsapy_fallback_from_yahoo,acilis,2026-09-21T07:36:30Z
2026-09-21,TURGG,25.5,25.5,24.24,24.24,105488,borsapy_fallback_from_yahoo,acilis,2026-09-21T07:36:30Z
2026-09-21,TURSG,6.1,6.1,5.93,5.99,14911555,borsapy_fallback_from_yahoo,acilis,2026-09-21T07:36:30Z
2026-09-21,UCAYM,18.21,18.27,16.69,16.98,969743,borsapy_fallback_from_yahoo,acilis,2026-09-21T07:36:30Z
2026-09-21,UFUK,915.5,915.5,915.5,915.5,50,borsapy_fallback_from_yahoo,acilis,2026-09-21T07:36:30Z
2026-09-21,ULAS,18.35,18.6,17.71,17.71,19597,borsapy_fallback_from_yahoo,acilis,2026-09-21T07:36:30Z
2026-09-21,ULKER,87.9,88.45,86.95,87.95,952131,borsapy_fallback_from_yahoo,acilis,2026-09-21T07:36:30Z
2026-09-21,ULUFA,1.47,1.48,1.41,1.42,4068002,borsapy_fallback_from_yahoo,acilis,2026-09-21T07:36:30Z
2026-09-21,ULUSE,194.6,195.4,180.8,189.3,57015,borsapy_fallback_from_yahoo,acilis,2026-09-21T07:36:30Z
2026-09-21,ULUUN,7,7,6.75,6.8,1254153,borsapy_fallback_from_yahoo,acilis,2026-09-21T07:36:30Z
2026-09-21,UNLU,12.5,12.74,12.4,12.74,1539147,borsapy_fallback_from_yahoo,acilis,2026-09-21T07:36:30Z
2026-09-21,USAK,1.01,1.02,0.99,1,8558101,borsapy_fallback_from_yahoo,acilis,2026-09-21T07:36:30Z
2026-09-21,USHOL,57.2,61,55.8,56,202550,borsapy_fallback_from_yahoo,acilis,2026-09-21T07:36:30Z
2026-09-21,VAKBN,33.32,33.38,32.7,33.1,6432030,borsapy_fallback_from_yahoo,acilis,2026-09-21T07:36:30Z
2026-09-21,VAKFA,9.75,10.15,9.5,9.57,1467678,borsapy_fallback_from_yahoo,acilis,2026-09-21T07:36:30Z
2026-09-21,VAKFN,1.01,1.02,0.99,1,13070103,borsapy_fallback_from_yahoo,acilis,2026-09-21T07:36:30Z
2026-09-21,VAKKO,63.4,63.4,60.25,61.75,23169,borsapy_fallback_from_yahoo,acilis,2026-09-21T07:36:30Z
2026-09-21,VANGD,61.65,61.65,61.65,61.65,882,borsapy_fallback_from_yahoo,acilis,2026-09-21T07:36:30Z
2026-09-21,VBTYZ,28.3,28.3,26.9,26.94,244783,borsapy_fallback_from_yahoo,acilis,2026-09-21T07:36:30Z
2026-09-21,VERUS,496,496,471,471,6701,borsapy_fallback_from_yahoo,acilis,2026-09-21T07:36:30Z
2026-09-21,VESBE,5.11,5.14,5,5.06,1201147,borsapy_fallback_from_yahoo,acilis,2026-09-21T07:36:30Z
2026-09-21,VESTL,23.2,23.24,22.42,22.56,1176509,borsapy_fallback_from_yahoo,acilis,2026-09-21T07:36:30Z
2026-09-21,VEYAS,85,86,80.85,82.4,567106,borsapy_fallback_from_yahoo,acilis,2026-09-21T07:36:30Z
2026-09-21,VKFYO,19.86,19.87,19,19.2,12125,borsapy_fallback_from_yahoo,acilis,2026-09-21T07:36:30Z
2026-09-21,VKGYO,1.74,1.74,1.69,1.7,5965914,borsapy_fallback_from_yahoo,acilis,2026-09-21T07:36:30Z
2026-09-21,VKING,17.46,17.46,16.64,16.74,64141,borsapy_fallback_from_yahoo,acilis,2026-09-21T07:36:30Z
2026-09-21,VRGYO,1.31,1.31,1.31,1.31,1109929,borsapy_fallback_from_yahoo,acilis,2026-09-21T07:36:30Z
2026-09-21,VSNMD,31.64,33.98,31.64,32.26,294703,borsapy_fallback_from_yahoo,acilis,2026-09-21T07:36:30Z
2026-09-21,YAPRK,9.98,9.98,9.49,9.49,290145,borsapy_fallback_from_yahoo,acilis,2026-09-21T07:36:30Z
2026-09-21,YATAS,26.8,26.9,26.02,26.48,156964,borsapy_fallback_from_yahoo,acilis,2026-09-21T07:36:30Z
2026-09-21,YAYLA,16.88,17.1,16,16,220441,borsapy_fallback_from_yahoo,acilis,2026-09-21T07:36:30Z
2026-09-21,YBTAS,11.86,11.86,11.86,11.86,4800,borsapy_fallback_from_yahoo,acilis,2026-09-21T07:36:30Z
2026-09-21,YEOTK,30.6,30.76,28.22,28.58,3521397,borsapy_fallback_from_yahoo,acilis,2026-09-21T07:36:30Z
2026-09-21,YESIL,0.99,0.99,0.96,0.96,3678959,borsapy_fallback_from_yahoo,acilis,2026-09-21T07:36:30Z
2026-09-21,YGGYO,220,220,215.9,217.6,12237,borsapy_fallback_from_yahoo,acilis,2026-09-21T07:36:30Z
2026-09-21,YIGIT,19.05,19.24,18.14,18.37,467658,borsapy_fallback_from_yahoo,acilis,2026-09-21T07:36:30Z
2026-09-21,YKBNK,36.12,36.22,35.5,35.76,27817042,borsapy_fallback_from_yahoo,acilis,2026-09-21T07:36:30Z
2026-09-21,YKSLN,3.35,3.35,3.35,3.35,211542,borsapy_fallback_from_yahoo,acilis,2026-09-21T07:36:30Z
2026-09-21,YONGA,37,37,37,37,3156,borsapy_fallback_from_yahoo,acilis,2026-09-21T07:36:30Z
2026-09-21,YUNSA,6.59,6.59,6.27,6.27,1048144,borsapy_fallback_from_yahoo,acilis,2026-09-21T07:36:30Z
2026-09-21,YYAPI,0.65,0.65,0.65,0.65,644681,borsapy_fallback_from_yahoo,acilis,2026-09-21T07:36:30Z
2026-09-21,YYLGD,8.6,8.6,8.2,8.34,1732288,borsapy_fallback_from_yahoo,acilis,2026-09-21T07:36:30Z
2026-09-21,ZEDUR,6.37,6.38,6.06,6.06,148297,borsapy_fallback_from_yahoo,acilis,2026-09-21T07:36:30Z
2026-09-21,ZERGY,8.45,8.5,7.8,7.99,1571820,borsapy_fallback_from_yahoo,acilis,2026-09-21T07:36:30Z
2026-09-21,ZGYO,14.88,14.88,14.88,14.88,140356,borsapy_fallback_from_yahoo,acilis,2026-09-21T07:36:30Z
2026-09-21,ZOREN,2.29,2.3,2.18,2.22,12651138,borsapy_fallback_from_yahoo,acilis,2026-09-21T07:36:30Z
2026-09-21,ZRGYO,19.5,19.75,18.68,18.84,1288506,borsapy_fallback_from_yahoo,acilis,2026-09-21T07:36:30Z
2026-09-21,XU100,,,,13012.7,,borsapy_fallback_from_yahoo,acilis,2026-09-21T07:36:30Z
2026-09-15,AKBNK,72.6,73,69.5,69.55,151461390,yahoo,gunici,2026-09-21T13:20:02Z
2026-09-15,AKFYE,4.0967,4.1233,3.8333,3.8333,53786478,yahoo,gunici,2026-09-21T13:20:02Z
2026-09-15,ASELS,375.5,379.5,368.25,377,26299817,yahoo,gunici,2026-09-21T13:20:02Z
2026-09-15,BIMAS,429,431.5,415.75,415.75,8206511,yahoo,gunici,2026-09-21T13:20:02Z
2026-09-15,BJKAS,2.65,2.8,2.59,2.62,415814891,yahoo,gunici,2026-09-21T13:20:02Z
2026-09-15,CANTE,1.33,1.34,1.27,1.27,338769454,yahoo,gunici,2026-09-21T13:20:02Z
2026-09-15,DUNYH,109.1,109.1,109.1,109.1,0,yahoo,gunici,2026-09-21T13:20:02Z
2026-09-15,HEKTS,2.84,2.87,2.67,2.67,480366059,yahoo,gunici,2026-09-21T13:20:02Z
2026-09-15,HRKET,5.8393,6.2214,5.7143,5.7143,65660714,yahoo,gunici,2026-09-21T13:20:02Z
2026-09-15,IHLAS,1.3,1.33,1.15,1.15,522920163,yahoo,gunici,2026-09-21T13:20:02Z
2026-09-15,ISBTR,490000,490000,490000,490000,0,yahoo,gunici,2026-09-21T13:20:02Z
2026-09-15,ISCTR,13.84,13.91,13.36,13.36,643251166,yahoo,gunici,2026-09-21T13:20:02Z
2026-09-15,KCHOL,225.7,226.9,218,218.8,26597266,yahoo,gunici,2026-09-21T13:20:02Z
2026-09-15,MEGMT,4.5417,4.6292,4.325,4.3708,50404704,yahoo,gunici,2026-09-21T13:20:02Z
2026-09-15,SAHOL,95.05,95.2,90.3,90.3,40287392,yahoo,gunici,2026-09-21T13:20:02Z
2026-09-15,SASA,2.95,3.06,2.8,2.8,0,yahoo,gunici,2026-09-21T13:20:02Z
2026-09-15,TAVHL,268,268,254.75,254.75,3188281,yahoo,gunici,2026-09-21T13:20:02Z
2026-09-15,TSPOR,1.01,1.01,0.96,0.97,424495241,yahoo,gunici,2026-09-21T13:20:02Z
2026-09-15,TUPRS,415.75,418.25,402.75,412.5,22225264,yahoo,gunici,2026-09-21T13:20:02Z
2026-09-15,YKBNK,36.74,36.76,34.68,34.68,230525709,yahoo,gunici,2026-09-21T13:20:02Z
2026-09-15,ZOREN,2.43,2.65,2.43,2.52,316222317,yahoo,gunici,2026-09-21T13:20:02Z
2026-09-15,XU100,,,,13892.2998,,yahoo,gunici,2026-09-21T13:20:02Z
2026-09-16,AKBNK,69.8,69.95,62.8,65.2,308313185,yahoo,gunici,2026-09-21T13:20:02Z
2026-09-16,AKFYE,3.8833,3.9033,3.45,3.6167,115954272,yahoo,gunici,2026-09-21T13:20:02Z
2026-09-16,ALKLC,521,524.5,468,468,2143788,yahoo,gunici,2026-09-21T13:20:02Z
2026-09-16,CANTE,1.27,1.39,1.21,1.35,238389304,yahoo,gunici,2026-09-21T13:20:02Z
2026-09-16,DUNYH,109.1,109.1,109.1,109.1,0,yahoo,gunici,2026-09-21T13:20:02Z
2026-09-16,FROTO,78.5,78.85,72.05,74.65,41850447,yahoo,gunici,2026-09-21T13:20:02Z
2026-09-16,GUBRF,455,455,415,415,2055951,yahoo,gunici,2026-09-21T13:20:02Z
2026-09-16,HALKB,46.48,47.5,44.26,46.78,84541795,yahoo,gunici,2026-09-21T13:20:02Z
2026-09-16,HEKTS,2.68,2.7,2.41,2.41,515884448,yahoo,gunici,2026-09-21T13:20:02Z
2026-09-16,HRKET,5.7964,6.0714,5.4286,5.9286,93026654,yahoo,gunici,2026-09-21T13:20:02Z
2026-09-16,IHLAS,1.1,1.13,1.04,1.04,284357389,yahoo,gunici,2026-09-21T13:20:02Z
2026-09-16,ISCTR,13.38,13.41,12.03,12.22,77197629,yahoo,gunici,2026-09-21T13:20:02Z
2026-09-16,KBORU,16.23,16.37,14.58,14.83,19651318,yahoo,gunici,2026-09-21T13:20:02Z
2026-09-16,MEGMT,4.3688,4.3854,3.9354,3.9354,85083369,yahoo,gunici,2026-09-21T13:20:02Z
2026-09-16,PAHOL,1.3,1.3,1.17,1.18,406218915,yahoo,gunici,2026-09-21T13:20:02Z
2026-09-16,SASA,2.81,2.82,2.52,2.52,0,yahoo,gunici,2026-09-21T13:20:02Z
2026-09-16,TEHOL,47.82,48.08,43.04,43.04,22342833,yahoo,gunici,2026-09-21T13:20:02Z
2026-09-16,TSPOR,0.97,0.97,0.92,0.93,473439059,yahoo,gunici,2026-09-21T13:20:02Z
2026-09-16,YKBNK,34.7,34.76,31.22,32.12,478797152,yahoo,gunici,2026-09-21T13:20:02Z
2026-09-16,ZOREN,2.54,2.67,2.36,2.55,340984106,yahoo,gunici,2026-09-21T13:20:02Z
2026-09-16,XU100,,,,13122.5996,,yahoo,gunici,2026-09-21T13:20:02Z
2026-09-17,AKBNK,65.5,71.7,65,71.55,303189388,yahoo,gunici,2026-09-21T13:20:02Z
2026-09-17,AKFYE,3.6233,3.7667,3.54,3.6,74159412,yahoo,gunici,2026-09-21T13:20:02Z
2026-09-17,ASTOR,242.1,260.5,238.9,255.5,58401941,yahoo,gunici,2026-09-21T13:20:02Z
2026-09-17,CITAS,128.8,128.8,128.8,128.8,1102779,yahoo,gunici,2026-09-21T13:20:02Z
2026-09-17,DUNYH,109.1,109.1,109.1,109.1,0,yahoo,gunici,2026-09-21T13:20:02Z
2026-09-17,EREGL,34.68,36.92,34.62,36.14,312019309,yahoo,gunici,2026-09-21T13:20:02Z
2026-09-17,GSRAY,0.97,0.98,0.95,0.97,268770306,yahoo,gunici,2026-09-21T13:20:02Z
2026-09-17,HEKTS,2.3,2.46,2.25,2.43,620645716,yahoo,gunici,2026-09-21T13:20:02Z
2026-09-17,HRKET,5.8357,6.4429,5.6857,6.3929,56537180,yahoo,gunici,2026-09-21T13:20:02Z
2026-09-17,ISCTR,12.22,13.44,12.18,13.37,42957996,yahoo,gunici,2026-09-21T13:20:02Z
2026-09-17,KARCL,188.8,188.8,188.8,188.8,3203779,yahoo,gunici,2026-09-21T13:20:02Z
2026-09-17,MANAS,27.1,27.1,27.1,27.1,3461980,yahoo,gunici,2026-09-21T13:20:02Z
2026-09-17,MEGMT,3.5438,3.8812,3.5438,3.7604,88579353,yahoo,gunici,2026-09-21T13:20:02Z
2026-09-17,PAHOL,1.17,1.2,1.08,1.11,699065858,yahoo,gunici,2026-09-21T13:20:02Z
2026-09-17,SASA,2.27,2.5,2.27,2.42,0,yahoo,gunici,2026-09-21T13:20:02Z
2026-09-17,TEHOL,38.74,38.74,38.74,38.74,12541720,yahoo,gunici,2026-09-21T13:20:02Z
2026-09-17,TKNKA,126.9,126.9,126.9,126.9,1126896,yahoo,gunici,2026-09-21T13:20:02Z
2026-09-17,TURSG,5.9,6.24,5.87,6,350768839,yahoo,gunici,2026-09-21T13:20:02Z
2026-09-17,YKBNK,32.36,35.32,32.12,35.32,381394744,yahoo,gunici,2026-09-21T13:20:02Z
2026-09-17,XU100,,,,13509.7998,,yahoo,gunici,2026-09-21T13:20:02Z
2026-09-18,AKFYE,3.5967,3.6667,3.4467,3.6667,56556066,yahoo,gunici,2026-09-21T13:20:02Z
2026-09-18,BIGEN,114.5,114.5,114.5,114.5,156746,yahoo,gunici,2026-09-21T13:20:02Z
2026-09-18,CANTE,1.24,1.25,1.16,1.23,398264672,yahoo,gunici,2026-09-21T13:20:02Z
2026-09-18,DSTKF,1984,1984,1984,1984,92694,yahoo,gunici,2026-09-21T13:20:02Z
2026-09-18,DUNYH,109.1,109.1,109.1,109.1,0,yahoo,gunici,2026-09-21T13:20:02Z
2026-09-18,HEKTS,2.39,2.43,2.3,2.34,273304766,yahoo,gunici,2026-09-21T13:20:02Z
2026-09-18,HRKET,6.0071,6.4179,6.0071,6.2857,49697144,yahoo,gunici,2026-09-21T13:20:02Z
2026-09-18,ISCTR,13.34,13.54,13.09,13.26,561416098,yahoo,gunici,2026-09-21T13:20:02Z
2026-09-18,MEGMT,3.7313,3.7417,3.5646,3.6042,85730640,yahoo,gunici,2026-09-21T13:20:02Z
2026-09-18,PAHOL,1.1,1.1,1.02,1.05,399417893,yahoo,gunici,2026-09-21T13:20:02Z
2026-09-18,PEKGY,8.54,8.54,8.54,8.54,4698180,yahoo,gunici,2026-09-21T13:20:02Z
2026-09-18,SASA,2.39,2.41,2.26,2.35,0,yahoo,gunici,2026-09-21T13:20:02Z
2026-09-18,TEHOL,34.88,34.88,34.88,34.88,7562704,yahoo,gunici,2026-09-21T13:20:02Z
2026-09-18,TSPOR,0.92,0.92,0.87,0.88,333362614,yahoo,gunici,2026-09-21T13:20:02Z
2026-09-18,XU100,,,,13284.4004,,yahoo,gunici,2026-09-21T13:20:02Z
2026-09-21,A1CAP,4.71,4.71,4.71,4.71,652822,yahoo,gunici,2026-09-21T13:20:02Z
2026-09-21,A1YEN,1.76,1.76,1.76,1.76,1743785,yahoo,gunici,2026-09-21T13:20:02Z
2026-09-21,AAGYO,8.72,8.99,8.18,8.49,7078120,yahoo,gunici,2026-09-21T13:20:02Z
2026-09-21,ACSEL,98.3,99,88.45,93,262936,yahoo,gunici,2026-09-21T13:20:02Z
2026-09-21,ADEL,28.78,28.78,26.98,27.8,1969960,yahoo,gunici,2026-09-21T13:20:02Z
2026-09-21,ADESE,0.76,0.77,0.7,0.73,133827008,yahoo,gunici,2026-09-21T13:20:02Z
2026-09-21,ADGYO,49,49,44.24,47.94,2043435,yahoo,gunici,2026-09-21T13:20:02Z
2026-09-21,AEFES,18.78,19.02,18.28,19,28918285,yahoo,gunici,2026-09-21T13:20:02Z
2026-09-21,AFYON,11.55,11.55,11.08,11.32,884991,yahoo,gunici,2026-09-21T13:20:02Z
2026-09-21,AGESA,240.3,240.3,233.8,239,160994,yahoo,gunici,2026-09-21T13:20:02Z
2026-09-21,AGHOL,33.92,34.2,32.76,34.1,3004683,yahoo,gunici,2026-09-21T13:20:02Z
2026-09-21,AGROT,1.66,1.66,1.53,1.58,40460179,yahoo,gunici,2026-09-21T13:20:02Z
2026-09-21,AGYO,7.27,7.4,7.17,7.22,236727,yahoo,gunici,2026-09-21T13:20:02Z
2026-09-21,AHGAZ,41.6,42.06,40,41.5,4976784,yahoo,gunici,2026-09-21T13:20:02Z
2026-09-21,AHSGY,13.15,13.15,11.25,12.14,2511978,yahoo,gunici,2026-09-21T13:20:02Z
2026-09-21,AKBNK,70.7,72,69.7,71.6,146313911,yahoo,gunici,2026-09-21T13:20:02Z
2026-09-21,AKCNS,199.5,200,190.4,194.6,883068,yahoo,gunici,2026-09-21T13:20:02Z
2026-09-21,AKENR,9.32,9.33,8.63,8.98,7865337,yahoo,gunici,2026-09-21T13:20:02Z
2026-09-21,AKFGY,2.46,2.46,2.32,2.4,32959044,yahoo,gunici,2026-09-21T13:20:02Z
2026-09-21,AKFIS,15.55,16.87,13.9,14.37,19320951,yahoo,gunici,2026-09-21T13:20:02Z
2026-09-21,AKFYE,3.76,3.85,3.31,3.52,55881662,yahoo,gunici,2026-09-21T13:20:02Z
2026-09-21,AKGRT,5.51,5.52,5.36,5.47,5574584,yahoo,gunici,2026-09-21T13:20:02Z
2026-09-21,AKHAN,27.4,27.42,25.2,26.06,1556491,yahoo,gunici,2026-09-21T13:20:02Z
2026-09-21,AKMGY,230,230,218.6,227,27684,yahoo,gunici,2026-09-21T13:20:02Z
2026-09-21,AKSA,10.85,10.86,10.54,10.81,9228916,yahoo,gunici,2026-09-21T13:20:02Z
2026-09-21,AKSEN,65.55,66.15,62.85,66.1,7291094,yahoo,gunici,2026-09-21T13:20:02Z
2026-09-21,AKSGY,9.27,9.37,8.83,9.32,3707872,yahoo,gunici,2026-09-21T13:20:02Z
2026-09-21,AKSUE,19.13,19.13,17.5,17.8,1569787,yahoo,gunici,2026-09-21T13:20:02Z
2026-09-21,AKYHO,1.81,1.81,1.64,1.71,1970904,yahoo,gunici,2026-09-21T13:20:02Z
2026-09-21,ALARK,107.8,108.6,104.2,107.9,4340607,yahoo,gunici,2026-09-21T13:20:02Z
2026-09-21,ALBRK,8.61,8.7,8.39,8.6,10086361,yahoo,gunici,2026-09-21T13:20:02Z
2026-09-21,ALBTN,26,26,23.5,24.4,15914944,yahoo,gunici,2026-09-21T13:20:02Z
2026-09-21,ALCAR,679.5,680,614.5,642.5,52419,yahoo,gunici,2026-09-21T13:20:02Z
2026-09-21,ALCTL,91.45,91.45,85.8,91.05,445712,yahoo,gunici,2026-09-21T13:20:02Z
2026-09-21,ALFAS,33.56,33.84,31.52,33.08,1785341,yahoo,gunici,2026-09-21T13:20:02Z
2026-09-21,ALGYO,3.24,3.25,3.03,3.14,22011351,yahoo,gunici,2026-09-21T13:20:02Z
2026-09-21,ALKA,7,7,6.53,6.74,2527889,yahoo,gunici,2026-09-21T13:20:02Z
2026-09-21,ALKIM,13.59,13.59,12.85,13.23,1335440,yahoo,gunici,2026-09-21T13:20:02Z
2026-09-21,ALKLC,341.5,341.5,341.5,341.5,1458,yahoo,gunici,2026-09-21T13:20:02Z
2026-09-21,ALTNY,14.11,14.11,13.21,13.92,18297707,yahoo,gunici,2026-09-21T13:20:02Z
2026-09-21,ALVES,0.65,0.65,0.62,0.62,7971443,yahoo,gunici,2026-09-21T13:20:02Z
2026-09-21,ANELE,94.6,94.6,94.6,94.6,1213,yahoo,gunici,2026-09-21T13:20:02Z
2026-09-21,ANGEN,7.56,7.58,7.01,7.35,2479584,yahoo,gunici,2026-09-21T13:20:02Z
2026-09-21,ANHYT,99.2,102.8,98.8,102.3,3030038,yahoo,gunici,2026-09-21T13:20:02Z
2026-09-21,ANSGR,27.06,27.06,25.72,26.08,2706946,yahoo,gunici,2026-09-21T13:20:02Z
2026-09-21,ARASE,107.5,107.5,99,102.6,243817,yahoo,gunici,2026-09-21T13:20:02Z
2026-09-21,ARCLK,87.3,87.35,84.45,86.45,1601472,yahoo,gunici,2026-09-21T13:20:02Z
2026-09-21,ARDYZ,61.25,62.9,57.65,62.55,5297888,yahoo,gunici,2026-09-21T13:20:02Z
2026-09-21,ARENA,16.93,16.93,15.82,16.49,540380,yahoo,gunici,2026-09-21T13:20:02Z
2026-09-21,ARFYE,15.96,15.96,14.37,14.72,4869643,yahoo,gunici,2026-09-21T13:20:02Z
2026-09-21,ARMGD,143.5,146.6,143.4,143.4,229944,yahoo,gunici,2026-09-21T13:20:02Z
2026-09-21,ARSAN,3.59,3.6,3.3,3.46,17795433,yahoo,gunici,2026-09-21T13:20:02Z
2026-09-21,ARTMS,36.26,37.02,33.36,34.28,1032440,yahoo,gunici,2026-09-21T13:20:02Z
2026-09-21,ARZUM,1.3,1.3,1.2,1.25,14803344,yahoo,gunici,2026-09-21T13:20:02Z
2026-09-21,ASELS,373,379.25,364,379,24850212,yahoo,gunici,2026-09-21T13:20:02Z
2026-09-21,ASGYO,10.04,10.04,9.55,9.81,2492742,yahoo,gunici,2026-09-21T13:20:02Z
2026-09-21,ASTOR,252,263.5,243,262.75,35294076,yahoo,gunici,2026-09-21T13:20:02Z
2026-09-21,ASUZU,44.82,45.36,42.68,44.1,365797,yahoo,gunici,2026-09-21T13:20:02Z
2026-09-21,ATAGY,9.25,9.25,8.41,9.11,95008,yahoo,gunici,2026-09-21T13:20:02Z
2026-09-21,ATAKP,34.98,35.36,33.9,35.04,422960,yahoo,gunici,2026-09-21T13:20:02Z
2026-09-21,ATATP,244.2,252.25,230,249.3,507944,yahoo,gunici,2026-09-21T13:20:02Z
2026-09-21,ATATR,8.34,8.34,8.34,8.34,301782,yahoo,gunici,2026-09-21T13:20:02Z
2026-09-21,ATEKS,83.9,83.9,83.9,83.9,7084,yahoo,gunici,2026-09-21T13:20:02Z
2026-09-21,ATLAS,5.95,6.85,5.61,6.65,2339717,yahoo,gunici,2026-09-21T13:20:02Z
2026-09-21,ATSYH,91.55,91.55,91.55,91.55,11624,yahoo,gunici,2026-09-21T13:20:02Z
2026-09-21,AVGYO,16.39,16.39,14.78,15.58,998514,yahoo,gunici,2026-09-21T13:20:02Z
2026-09-21,AVHOL,28.72,28.72,26.06,26.54,1465806,yahoo,gunici,2026-09-21T13:20:02Z
2026-09-21,AVOD,3.48,3.48,3.22,3.36,7555603,yahoo,gunici,2026-09-21T13:20:02Z
2026-09-21,AVPGY,54.1,55.2,52.2,54.65,589037,yahoo,gunici,2026-09-21T13:20:02Z
2026-09-21,AYCES,410.5,410.5,389,408.5,50229,yahoo,gunici,2026-09-21T13:20:02Z
2026-09-21,AYDEM,23.44,23.44,22.1,22.88,1910897,yahoo,gunici,2026-09-21T13:20:02Z
2026-09-21,AYEN,27.6,27.96,26.68,27.42,495989,yahoo,gunici,2026-09-21T13:20:02Z
2026-09-21,AYES,25,25,23.02,23.02,65541,yahoo,gunici,2026-09-21T13:20:02Z
2026-09-21,AYGAZ,323.25,324.5,308.25,322.75,1099391,yahoo,gunici,2026-09-21T13:20:02Z
2026-09-21,AZTEK,3.78,4.17,3.42,4.09,36757715,yahoo,gunici,2026-09-21T13:20:02Z
2026-09-21,BAGFS,24.02,24.08,22.86,23.64,714422,yahoo,gunici,2026-09-21T13:20:02Z
2026-09-21,BAHKM,178,192.9,170.6,187.2,1605233,yahoo,gunici,2026-09-21T13:20:02Z
2026-09-21,BAKAB,34.04,34.04,30.98,32.82,193465,yahoo,gunici,2026-09-21T13:20:02Z
2026-09-21,BALAT,65.9,65.9,59.4,59.4,32762,yahoo,gunici,2026-09-21T13:20:02Z
2026-09-21,BALSU,5.9,6.88,5.72,6.86,112101245,yahoo,gunici,2026-09-21T13:20:02Z
2026-09-21,BANVT,138,146,131.2,138.6,168329,yahoo,gunici,2026-09-21T13:20:02Z
2026-09-21,BARMA,7,7,6.68,6.68,249059,yahoo,gunici,2026-09-21T13:20:02Z
2026-09-21,BASCM,11.9,11.9,10.75,10.75,58197,yahoo,gunici,2026-09-21T13:20:02Z
2026-09-21,BASGZ,41.62,41.62,39.54,40.86,256932,yahoo,gunici,2026-09-21T13:20:02Z
2026-09-21,BAYRK,3.4,3.45,3.15,3.27,8082482,yahoo,gunici,2026-09-21T13:20:02Z
2026-09-21,BEGYO,2.83,2.84,2.63,2.72,5434435,yahoo,gunici,2026-09-21T13:20:02Z
2026-09-21,BERA,12.1,12.12,11.5,11.85,6040558,yahoo,gunici,2026-09-21T13:20:02Z
2026-09-21,BESLR,11.94,11.94,11.28,11.57,2414797,yahoo,gunici,2026-09-21T13:20:02Z
2026-09-21,BESTE,24.22,24.9,22.66,24.32,4950504,yahoo,gunici,2026-09-21T13:20:02Z
2026-09-21,BETAE,61.2,63.65,55.35,63.25,10984267,yahoo,gunici,2026-09-21T13:20:02Z
2026-09-21,BEYAZ,20.4,20.4,18.39,19.39,667661,yahoo,gunici,2026-09-21T13:20:02Z
2026-09-21,BFREN,117,117,109.7,112.9,191211,yahoo,gunici,2026-09-21T13:20:02Z
2026-09-21,BIENY,17.22,17.23,16,16.53,1697921,yahoo,gunici,2026-09-21T13:20:02Z
2026-09-21,BIGCH,4.04,4.26,4.04,4.2,3141524,yahoo,gunici,2026-09-21T13:20:02Z
2026-09-21,BIGEN,103.1,103.1,103.1,103.1,20847,yahoo,gunici,2026-09-21T13:20:02Z
2026-09-21,BIGTK,201.3,201.3,201.3,201.3,4846,yahoo,gunici,2026-09-21T13:20:02Z
2026-09-21,BIMAS,420.75,429.75,410.75,428.75,10641092,yahoo,gunici,2026-09-21T13:20:02Z
2026-09-21,BINBN,122.3,122.3,122.3,122.3,13306,yahoo,gunici,2026-09-21T13:20:02Z
2026-09-21,BINHO,6.35,6.35,6.35,6.35,1623352,yahoo,gunici,2026-09-21T13:20:02Z
2026-09-21,BIOEN,13.2,13.97,12.99,12.99,2138522,yahoo,gunici,2026-09-21T13:20:02Z
2026-09-21,BIZIM,21.38,21.38,20.18,20.86,198418,yahoo,gunici,2026-09-21T13:20:02Z
2026-09-21,BJKAS,1.73,1.73,1.73,1.73,14896547,yahoo,gunici,2026-09-21T13:20:02Z
2026-09-21,BKRGY,6.58,6.6,6.04,6.45,17045047,yahoo,gunici,2026-09-21T13:20:02Z
2026-09-21,BLCYT,1.7,1.7,1.55,1.64,16912738,yahoo,gunici,2026-09-21T13:20:02Z
2026-09-21,BLUME,34.9,34.9,31.42,33.1,2200097,yahoo,gunici,2026-09-21T13:20:02Z
2026-09-21,BMSCH,9.76,9.76,8.92,9.19,1284505,yahoo,gunici,2026-09-21T13:20:02Z
2026-09-21,BMSTL,46.2,47,45.06,46.22,2386990,yahoo,gunici,2026-09-21T13:20:02Z
2026-09-21,BNTAS,5.52,5.52,5.17,5.4,4083846,yahoo,gunici,2026-09-21T13:20:02Z
2026-09-21,BOBET,17.25,17.25,16.33,17.18,3271939,yahoo,gunici,2026-09-21T13:20:02Z
2026-09-21,BORLS,2.28,2.29,2.07,2.18,24686351,yahoo,gunici,2026-09-21T13:20:02Z
2026-09-21,BORSK,5.74,5.86,5.33,5.61,8246034,yahoo,gunici,2026-09-21T13:20:02Z
2026-09-21,BOSSA,7.03,7.17,6.8,7.08,6906458,yahoo,gunici,2026-09-21T13:20:02Z
2026-09-21,BRISA,73,73.2,69.55,71.3,180020,yahoo,gunici,2026-09-21T13:20:02Z
2026-09-21,BRKO,7.49,7.49,7.49,7.49,153032,yahoo,gunici,2026-09-21T13:20:02Z
2026-09-21,BRKSN,6.86,6.9,6.5,6.73,446969,yahoo,gunici,2026-09-21T13:20:02Z
2026-09-21,BRKVY,63.05,63.05,58.25,60.1,324364,yahoo,gunici,2026-09-21T13:20:02Z
2026-09-21,BRLSM,14.29,14.29,12.94,13.66,6053971,yahoo,gunici,2026-09-21T13:20:02Z
2026-09-21,BRMEN,8.05,8.05,7.94,7.94,208355,yahoo,gunici,2026-09-21T13:20:02Z
2026-09-21,BRSAN,653,662,635.5,657,1177823,yahoo,gunici,2026-09-21T13:20:02Z
2026-09-21,BRYAT,1547,1572,1481,1536,61776,yahoo,gunici,2026-09-21T13:20:02Z
2026-09-21,BSOKE,12.88,12.88,12.88,12.88,200608,yahoo,gunici,2026-09-21T13:20:02Z
2026-09-21,BTCIM,2.7,2.77,2.62,2.62,89088772,yahoo,gunici,2026-09-21T13:20:02Z
2026-09-21,BUCIM,5.05,5.06,4.85,5.05,5937336,yahoo,gunici,2026-09-21T13:20:02Z
2026-09-21,BULGS,18.96,18.96,18.96,18.96,49806,yahoo,gunici,2026-09-21T13:20:02Z
2026-09-21,BURCE,28,28.06,26.26,27.14,965208,yahoo,gunici,2026-09-21T13:20:02Z
2026-09-21,BURVA,508.5,547,508.5,508.5,33006,yahoo,gunici,2026-09-21T13:20:02Z
2026-09-21,BVSAN,88.75,89,82,85.85,1008917,yahoo,gunici,2026-09-21T13:20:02Z
2026-09-21,BYDNR,25.5,25.5,22.98,22.98,360790,yahoo,gunici,2026-09-21T13:20:02Z
2026-09-21,CANTE,1.22,1.22,1.11,1.14,433082060,yahoo,gunici,2026-09-21T13:20:02Z
2026-09-21,CASA,54.3,54.3,54.3,54.3,28122,yahoo,gunici,2026-09-21T13:20:02Z
2026-09-21,CATES,41.38,41.38,41.38,41.38,70299,yahoo,gunici,2026-09-21T13:20:02Z
2026-09-21,CCOLA,81,81,77.95,79.7,3138277,yahoo,gunici,2026-09-21T13:20:02Z
2026-09-21,CELHA,26,26,23.7,24.98,1954183,yahoo,gunici,2026-09-21T13:20:02Z
2026-09-21,CEMAS,3.37,3.37,3.17,3.27,9319503,yahoo,gunici,2026-09-21T13:20:02Z
2026-09-21,CEMTS,7.75,7.91,7.42,7.69,1648631,yahoo,gunici,2026-09-21T13:20:02Z
2026-09-21,CEMZY,10.37,10.37,10.37,10.37,426744,yahoo,gunici,2026-09-21T13:20:02Z
2026-09-21,CEOEM,30.22,30.22,27.2,27.54,2748368,yahoo,gunici,2026-09-21T13:20:02Z
2026-09-21,CGCAM,24.78,24.78,22.4,23.36,3576333,yahoo,gunici,2026-09-21T13:20:02Z
2026-09-21,CIMSA,41.04,41.44,40.46,41.22,5604092,yahoo,gunici,2026-09-21T13:20:02Z
2026-09-21,CITAS,104.4,104.4,104.4,104.4,244706,yahoo,gunici,2026-09-21T13:20:02Z
2026-09-21,CLEBI,1376,1404,1349,1401,28346,yahoo,gunici,2026-09-21T13:20:02Z
2026-09-21,CMBTN,1465,1470,1331,1403,16689,yahoo,gunici,2026-09-21T13:20:02Z
2026-09-21,CMENT,222.8,222.8,208.8,210,5248,yahoo,gunici,2026-09-21T13:20:02Z
2026-09-21,CONSE,1.92,1.98,1.73,1.85,18128581,yahoo,gunici,2026-09-21T13:20:02Z
2026-09-21,COSMO,96.95,96.95,90.9,93.6,66026,yahoo,gunici,2026-09-21T13:20:02Z
2026-09-21,CRDFA,15.16,15.16,15.16,15.16,52355,yahoo,gunici,2026-09-21T13:20:02Z
2026-09-21,CRFSA,235.5,243,226.3,241.8,1256424,yahoo,gunici,2026-09-21T13:20:02Z
2026-09-21,CUSAN,20.6,20.6,18.92,19.65,438022,yahoo,gunici,2026-09-21T13:20:02Z
2026-09-21,CVKMD,13.52,13.52,12.34,13.32,30017490,yahoo,gunici,2026-09-21T13:20:02Z
2026-09-21,CWENE,23.56,23.78,22.02,22.92,19837966,yahoo,gunici,2026-09-21T13:20:02Z
2026-09-21,DAGI,6.15,6.3,6.06,6.06,2170695,yahoo,gunici,2026-09-21T13:20:02Z
2026-09-21,DAPGM,5,5.5,5,5.24,120523400,yahoo,gunici,2026-09-21T13:20:02Z
2026-09-21,DARDL,1.32,1.32,1.23,1.29,13419317,yahoo,gunici,2026-09-21T13:20:02Z
2026-09-21,DCTTR,3.89,4.08,3.87,4.07,11663032,yahoo,gunici,2026-09-21T13:20:02Z
2026-09-21,DENGE,2.21,2.22,2,2.04,31910536,yahoo,gunici,2026-09-21T13:20:02Z
2026-09-21,DERHL,1.74,1.74,1.6,1.64,10040875,yahoo,gunici,2026-09-21T13:20:02Z
2026-09-21,DERIM,29.5,29.66,27.52,28.92,365996,yahoo,gunici,2026-09-21T13:20:02Z
2026-09-21,DESA,8.92,8.93,8.48,8.74,2095338,yahoo,gunici,2026-09-21T13:20:02Z
2026-09-21,DESPC,33.5,33.52,31.16,32.5,282514,yahoo,gunici,2026-09-21T13:20:02Z
2026-09-21,DEVA,97.5,97.5,93.9,95.35,446198,yahoo,gunici,2026-09-21T13:20:02Z
2026-09-21,DGATE,64.6,69.9,64.6,64.6,143147,yahoo,gunici,2026-09-21T13:20:02Z
2026-09-21,DGGYO,28.76,28.76,26.2,27.4,96952,yahoo,gunici,2026-09-21T13:20:02Z
2026-09-21,DGNMO,5.29,5.74,5.29,5.29,1211627,yahoo,gunici,2026-09-21T13:20:02Z
2026-09-21,DIRIT,22,22,20.8,20.8,41177,yahoo,gunici,2026-09-21T13:20:02Z
2026-09-21,DITAS,10.99,10.99,10.99,10.99,46046,yahoo,gunici,2026-09-21T13:20:02Z
2026-09-21,DMRGD,10.45,10.65,10.03,10.03,24228336,yahoo,gunici,2026-09-21T13:20:02Z
2026-09-21,DMSAS,6.15,6.15,5.55,5.64,2802033,yahoo,gunici,2026-09-21T13:20:02Z
2026-09-21,DNISI,4.4,4.4,4.06,4.19,3039809,yahoo,gunici,2026-09-21T13:20:02Z
2026-09-21,DOAS,154.6,154.8,149.6,154,831435,yahoo,gunici,2026-09-21T13:20:02Z
2026-09-21,DOCO,10192.5,10555,10192.5,10500,6466,yahoo,gunici,2026-09-21T13:20:02Z
2026-09-21,DOFER,23.84,23.84,22.22,23.16,557545,yahoo,gunici,2026-09-21T13:20:02Z
2026-09-21,DOFRB,88.9,89.3,80.5,84.7,3791241,yahoo,gunici,2026-09-21T13:20:02Z
2026-09-21,DOGUB,39.18,39.18,39.18,39.18,29535,yahoo,gunici,2026-09-21T13:20:02Z
2026-09-21,DOHOL,20.2,20.26,19.42,19.84,13016787,yahoo,gunici,2026-09-21T13:20:02Z
2026-09-21,DOKTA,20.14,20.16,18.95,19.55,526672,yahoo,gunici,2026-09-21T13:20:02Z
2026-09-21,DSTKF,1786,1786,1786,1786,8168,yahoo,gunici,2026-09-21T13:20:02Z
2026-09-21,DUNYH,67.85,67.85,67.85,67.85,8938,yahoo,gunici,2026-09-21T13:20:02Z
2026-09-21,DURDO,4.71,4.71,4.23,4.23,3399822,yahoo,gunici,2026-09-21T13:20:02Z
2026-09-21,DURKN,14.06,14.58,13.5,13.5,1037436,yahoo,gunici,2026-09-21T13:20:02Z
2026-09-21,DYOBY,11.33,11.48,10.6,11.25,2517928,yahoo,gunici,2026-09-21T13:20:02Z
2026-09-21,DZGYO,7.08,7.09,6.39,6.79,8129363,yahoo,gunici,2026-09-21T13:20:02Z
2026-09-21,EBEBK,80.65,81.25,78.4,81,412434,yahoo,gunici,2026-09-21T13:20:02Z
2026-09-21,ECILC,60,60,54.8,57.75,6285529,yahoo,gunici,2026-09-21T13:20:02Z
2026-09-21,ECOGR,32.5,33.1,29.94,30.56,4178275,yahoo,gunici,2026-09-21T13:20:02Z
2026-09-21,ECZYT,227.9,227.9,211.5,211.5,145967,yahoo,gunici,2026-09-21T13:20:02Z
2026-09-21,EDATA,11.22,11.22,11.22,11.22,369315,yahoo,gunici,2026-09-21T13:20:02Z
2026-09-21,EDIP,30,31.38,29.32,30.94,810318,yahoo,gunici,2026-09-21T13:20:02Z
2026-09-21,EFOR,19,19.08,17.46,17.75,55971345,yahoo,gunici,2026-09-21T13:20:02Z
2026-09-21,EGEEN,5125,5125,4712.5,4712.5,24908,yahoo,gunici,2026-09-21T13:20:02Z
2026-09-21,EGEGY,14.69,14.69,14.69,14.69,388591,yahoo,gunici,2026-09-21T13:20:02Z
2026-09-21,EGEPO,6.85,7.8,6.85,7.38,3752276,yahoo,gunici,2026-09-21T13:20:02Z
2026-09-21,EGGUB,101.5,101.6,95.7,99.05,435105,yahoo,gunici,2026-09-21T13:20:02Z
2026-09-21,EGPRO,32.84,33.76,32.34,33.74,1211915,yahoo,gunici,2026-09-21T13:20:02Z
2026-09-21,EGSER,2.69,2.69,2.52,2.53,1850542,yahoo,gunici,2026-09-21T13:20:02Z
2026-09-21,EKDMR,36.94,37.22,34.16,35.46,7316660,yahoo,gunici,2026-09-21T13:20:02Z
2026-09-21,EKGYO,19,19.34,18.47,19.08,116691100,yahoo,gunici,2026-09-21T13:20:02Z
2026-09-21,EKIM,15.01,15.52,14.31,15.05,9660684,yahoo,gunici,2026-09-21T13:20:02Z
2026-09-21,EKIZ,48,48,45,45,13895,yahoo,gunici,2026-09-21T13:20:02Z
2026-09-21,EKOS,3.9,3.93,3.7,3.89,8101406,yahoo,gunici,2026-09-21T13:20:02Z
2026-09-21,EKSUN,4.24,4.55,4.21,4.42,3503179,yahoo,gunici,2026-09-21T13:20:02Z
2026-09-21,ELITE,22.18,22.18,20.18,21.32,1429501,yahoo,gunici,2026-09-21T13:20:02Z
2026-09-21,EMKEL,9.91,9.94,9.13,9.13,2151898,yahoo,gunici,2026-09-21T13:20:02Z
2026-09-21,EMNIS,131.6,131.6,130,130,8786,yahoo,gunici,2026-09-21T13:20:02Z
2026-09-21,EMPAE,52.6,52.6,48,51.95,3418047,yahoo,gunici,2026-09-21T13:20:02Z
2026-09-21,ENDAE,14.6,14.65,13.42,14.59,3394754,yahoo,gunici,2026-09-21T13:20:02Z
2026-09-21,ENERY,12.84,12.93,11.87,12.34,91316083,yahoo,gunici,2026-09-21T13:20:02Z
2026-09-21,ENJSA,108,108.8,104.3,108.8,2723353,yahoo,gunici,2026-09-21T13:20:02Z
2026-09-21,ENKAI,86,86.65,83.3,86,12012167,yahoo,gunici,2026-09-21T13:20:02Z
2026-09-21,ENPRA,47.8,47.8,43.02,43.02,41549,yahoo,gunici,2026-09-21T13:20:02Z
2026-09-21,ENSRI,3.36,3.47,3.27,3.42,12480597,yahoo,gunici,2026-09-21T13:20:02Z
2026-09-21,ENTRA,3.98,3.99,3.83,3.97,11349701,yahoo,gunici,2026-09-21T13:20:02Z
2026-09-21,EPLAS,5.49,5.55,5.15,5.49,4743227,yahoo,gunici,2026-09-21T13:20:02Z
2026-09-21,ERBOS,120.1,124.5,119.7,124,64019,yahoo,gunici,2026-09-21T13:20:02Z
2026-09-21,ERCB,39.36,41,38.5,39.14,2163663,yahoo,gunici,2026-09-21T13:20:02Z
2026-09-21,EREGL,36.38,37.2,35.46,37.16,127812062,yahoo,gunici,2026-09-21T13:20:02Z
2026-09-21,ERSU,15.72,16.48,15.72,15.72,406987,yahoo,gunici,2026-09-21T13:20:02Z
2026-09-21,ESCAR,30.26,30.26,30.26,30.26,5718,yahoo,gunici,2026-09-21T13:20:02Z
2026-09-21,ESCOM,4.47,4.5,4.14,4.44,22245247,yahoo,gunici,2026-09-21T13:20:02Z
2026-09-21,ESEN,3,3,2.8,2.9,26128954,yahoo,gunici,2026-09-21T13:20:02Z
2026-09-21,ETILR,5.55,5.95,5.03,5.7,6987512,yahoo,gunici,2026-09-21T13:20:02Z
2026-09-21,ETYAT,8.41,8.41,8.41,8.41,522778,yahoo,gunici,2026-09-21T13:20:02Z
2026-09-21,EUHOL,7.37,7.37,6.7,6.71,419452,yahoo,gunici,2026-09-21T13:20:02Z
2026-09-21,EUKYO,11.26,11.26,11.26,11.26,248558,yahoo,gunici,2026-09-21T13:20:02Z
2026-09-21,EUPWR,61.85,64.4,57.05,61.95,23776293,yahoo,gunici,2026-09-21T13:20:02Z
2026-09-21,EUREN,3.23,3.24,3.01,3.12,28986787,yahoo,gunici,2026-09-21T13:20:02Z
2026-09-21,EUYO,3.7,3.87,3.69,3.69,764393,yahoo,gunici,2026-09-21T13:20:02Z
2026-09-21,EYGYO,2.15,2.15,2.03,2.11,12290003,yahoo,gunici,2026-09-21T13:20:02Z
2026-09-21,FADE,12.72,12.76,11.72,12.28,1635867,yahoo,gunici,2026-09-21T13:20:02Z
2026-09-21,FENER,2.62,2.65,2.57,2.6,81053230,yahoo,gunici,2026-09-21T13:20:02Z
2026-09-21,FLAP,11.75,11.82,10.62,11.1,1551078,yahoo,gunici,2026-09-21T13:20:02Z
2026-09-21,FMIZP,265.75,265.75,245.5,255,88488,yahoo,gunici,2026-09-21T13:20:02Z
2026-09-21,FONET,4.06,4.1,3.73,4.09,17624993,yahoo,gunici,2026-09-21T13:20:02Z
2026-09-21,FORMT,1.19,1.19,1.09,1.14,28026945,yahoo,gunici,2026-09-21T13:20:02Z
2026-09-21,FORTE,95.85,96.85,91.45,96.1,937807,yahoo,gunici,2026-09-21T13:20:02Z
2026-09-21,FRIGO,1.88,1.88,1.71,1.71,15049721,yahoo,gunici,2026-09-21T13:20:02Z
2026-09-21,FRMPL,25.7,25.7,23.46,24.58,2639835,yahoo,gunici,2026-09-21T13:20:02Z
2026-09-21,FROTO,75.8,77.35,75,77.25,19441677,yahoo,gunici,2026-09-21T13:20:02Z
2026-09-21,FZLGY,7.46,7.46,7.46,7.46,492257,yahoo,gunici,2026-09-21T13:20:02Z
2026-09-21,GARAN,130,132.8,128.3,130.7,30208860,yahoo,gunici,2026-09-21T13:20:02Z
2026-09-21,GARFA,24.62,24.7,23.62,24.4,493921,yahoo,gunici,2026-09-21T13:20:02Z
2026-09-21,GATEG,196.4,196.4,196.4,196.4,2596,yahoo,gunici,2026-09-21T13:20:02Z
2026-09-21,GEDIK,5.25,5.77,5.18,5.56,28272412,yahoo,gunici,2026-09-21T13:20:02Z
2026-09-21,GEDZA,24.8,24.8,23,23.8,486401,yahoo,gunici,2026-09-21T13:20:02Z
2026-09-21,GENIL,7.77,7.8,7.35,7.35,15710141,yahoo,gunici,2026-09-21T13:20:02Z
2026-09-21,GENKM,8.31,8.39,7.94,8.28,9437113,yahoo,gunici,2026-09-21T13:20:02Z
2026-09-21,GENTS,4.69,4.69,4.36,4.47,3895107,yahoo,gunici,2026-09-21T13:20:02Z
2026-09-21,GEREL,24.28,25.92,24.28,25.64,9149443,yahoo,gunici,2026-09-21T13:20:02Z
2026-09-21,GESAN,47,47,43.54,45.96,22793061,yahoo,gunici,2026-09-21T13:20:02Z
2026-09-21,GIPTA,45,45,45,45,52968,yahoo,gunici,2026-09-21T13:20:02Z
2026-09-21,GLBMD,9.75,9.87,9.38,9.46,129144,yahoo,gunici,2026-09-21T13:20:02Z
2026-09-21,GLCVY,46.5,48.12,44.86,45.7,642251,yahoo,gunici,2026-09-21T13:20:02Z
2026-09-21,GLRMK,140,140.5,126.1,137.1,5958593,yahoo,gunici,2026-09-21T13:20:02Z
2026-09-21,GLRYH,2.03,2.06,1.97,1.97,11166507,yahoo,gunici,2026-09-21T13:20:02Z
2026-09-21,GLYHO,15.33,15.5,14.64,15.44,4248359,yahoo,gunici,2026-09-21T13:20:02Z
2026-09-21,GMTAS,40.9,46,40.9,45.98,10029122,yahoo,gunici,2026-09-21T13:20:02Z
2026-09-21,GOKNR,17.22,17.39,15.75,15.75,4220251,yahoo,gunici,2026-09-21T13:20:02Z
2026-09-21,GOLDA,9.85,9.87,9.16,9.78,8505897,yahoo,gunici,2026-09-21T13:20:02Z
2026-09-21,GOLTS,268.5,268.5,251.25,257.5,150908,yahoo,gunici,2026-09-21T13:20:02Z
2026-09-21,GOODY,2.43,2.43,2.26,2.32,8555982,yahoo,gunici,2026-09-21T13:20:02Z
2026-09-21,GOZDE,20.2,20.28,18.8,19.67,1524620,yahoo,gunici,2026-09-21T13:20:02Z
2026-09-21,GRNYO,8.92,8.92,8.92,8.92,376102,yahoo,gunici,2026-09-21T13:20:02Z
2026-09-21,GRSEL,265,265.75,252,264.25,439611,yahoo,gunici,2026-09-21T13:20:02Z
2026-09-21,GRTHO,144.7,144.7,144.7,144.7,23623,yahoo,gunici,2026-09-21T13:20:02Z
2026-09-21,GSDDE,12.75,12.76,11.84,12.33,2634986,yahoo,gunici,2026-09-21T13:20:02Z
2026-09-21,GSDHO,4.18,4.18,3.98,4.07,8193842,yahoo,gunici,2026-09-21T13:20:02Z
2026-09-21,GSRAY,0.91,0.94,0.88,0.91,170451118,yahoo,gunici,2026-09-21T13:20:02Z
2026-09-21,GUBRF,437.5,443,423.25,442.75,3225068,yahoo,gunici,2026-09-21T13:20:02Z
2026-09-21,GUNDG,482,482,482,482,308,yahoo,gunici,2026-09-21T13:20:02Z
2026-09-21,GWIND,21.38,21.38,20.32,20.78,2829827,yahoo,gunici,2026-09-21T13:20:02Z
2026-09-21,GZNMI,38.7,39.44,36.54,37.52,825070,yahoo,gunici,2026-09-21T13:20:02Z
2026-09-21,HALKB,46.54,48.32,46.44,47.52,40740115,yahoo,gunici,2026-09-21T13:20:02Z
2026-09-21,HATEK,11.53,11.58,10.54,10.95,752077,yahoo,gunici,2026-09-21T13:20:02Z
2026-09-21,HATSN,39.42,39.42,39.42,39.42,777366,yahoo,gunici,2026-09-21T13:20:02Z
2026-09-21,HDFGS,1.38,1.38,1.38,1.38,1916798,yahoo,gunici,2026-09-21T13:20:02Z
2026-09-21,HEDEF,17.42,17.42,17.42,17.42,75128,yahoo,gunici,2026-09-21T13:20:02Z
2026-09-21,HEKTS,2.34,2.34,2.26,2.3,222590203,yahoo,gunici,2026-09-21T13:20:02Z
2026-09-21,HKTM,11.03,11.38,10.59,11,2683153,yahoo,gunici,2026-09-21T13:20:02Z
2026-09-21,HLGYO,4.04,4.04,3.88,3.95,20527600,yahoo,gunici,2026-09-21T13:20:02Z
2026-09-21,HOROZ,46.74,46.74,43.84,46.12,647883,yahoo,gunici,2026-09-21T13:20:02Z
2026-09-21,HRKET,5.72,6.91,5.7,6.91,62026064,yahoo,gunici,2026-09-21T13:20:02Z
2026-09-21,HTTBT,30.62,30.98,29.2,30.96,542308,yahoo,gunici,2026-09-21T13:20:02Z
2026-09-21,HUBVC,1.9,1.9,1.72,1.73,2913736,yahoo,gunici,2026-09-21T13:20:02Z
2026-09-21,HUNER,3.87,3.91,3.57,3.9,56303996,yahoo,gunici,2026-09-21T13:20:02Z
2026-09-21,HURGZ,6.62,6.76,6.14,6.61,6997026,yahoo,gunici,2026-09-21T13:20:02Z
2026-09-21,ICBCT,17.11,17.11,16.04,16.67,1169880,yahoo,gunici,2026-09-21T13:20:02Z
2026-09-21,ICUGS,2.34,2.34,2.34,2.34,724323,yahoo,gunici,2026-09-21T13:20:02Z
2026-09-21,IDGYO,2.5,2.54,2.41,2.48,767375,yahoo,gunici,2026-09-21T13:20:02Z
2026-09-21,IEYHO,151,151,151,151,3533,yahoo,gunici,2026-09-21T13:20:02Z
2026-09-21,IHAAS,41.5,41.54,37.4,37.4,93074,yahoo,gunici,2026-09-21T13:20:02Z
2026-09-21,IHEVA,1.75,1.75,1.61,1.67,1496943,yahoo,gunici,2026-09-21T13:20:02Z
2026-09-21,IHGZT,1.07,1.1,1.02,1.09,27472602,yahoo,gunici,2026-09-21T13:20:02Z
2026-09-21,IHLAS,1,1.01,0.92,0.95,159827451,yahoo,gunici,2026-09-21T13:20:02Z
2026-09-21,IHLGM,1.43,1.43,1.33,1.36,13667738,yahoo,gunici,2026-09-21T13:20:02Z
2026-09-21,IHYAY,1.09,1.09,0.99,1.06,2285194,yahoo,gunici,2026-09-21T13:20:02Z
2026-09-21,IMASM,1.85,1.85,1.76,1.77,18581736,yahoo,gunici,2026-09-21T13:20:02Z
2026-09-21,INDES,10.4,10.45,9.91,10.34,7585792,yahoo,gunici,2026-09-21T13:20:02Z
2026-09-21,INFO,1.61,1.61,1.61,1.61,780876,yahoo,gunici,2026-09-21T13:20:02Z
2026-09-21,INGRM,325,325,305.5,319.5,53889,yahoo,gunici,2026-09-21T13:20:02Z
2026-09-21,INTEK,181,181,178.1,178.1,6995,yahoo,gunici,2026-09-21T13:20:02Z
2026-09-21,INTEM,213.5,219.9,203.8,211.1,46597,yahoo,gunici,2026-09-21T13:20:02Z
2026-09-21,INTET,46.54,51.7,42.34,51.7,25163691,yahoo,gunici,2026-09-21T13:20:02Z
2026-09-21,INVEO,6.35,6.89,6.27,6.58,12204848,yahoo,gunici,2026-09-21T13:20:02Z
2026-09-21,INVES,795,795,732,758,47110,yahoo,gunici,2026-09-21T13:20:02Z
2026-09-21,ISBIR,64,64,63,63,15858,yahoo,gunici,2026-09-21T13:20:02Z
2026-09-21,ISBTR,445002.5,445002.5,444997.5,444997.5,9,yahoo,gunici,2026-09-21T13:20:02Z
2026-09-21,ISCTR,13.24,13.57,13.07,13.37,488362117,yahoo,gunici,2026-09-21T13:20:02Z
2026-09-21,ISDMR,60.65,62.65,58.5,62.55,2517484,yahoo,gunici,2026-09-21T13:20:02Z
2026-09-21,ISFIN,18.42,18.51,17.69,18.44,1794701,yahoo,gunici,2026-09-21T13:20:02Z
2026-09-21,ISGYO,23,23.66,22.04,23.52,1570483,yahoo,gunici,2026-09-21T13:20:02Z
2026-09-21,ISKPL,4.27,4.27,4.27,4.27,2742024,yahoo,gunici,2026-09-21T13:20:02Z
2026-09-21,ISMEN,33.66,34.04,32.92,33.56,5756002,yahoo,gunici,2026-09-21T13:20:02Z
2026-09-21,ISSEN,6.18,6.18,5.8,5.96,747679,yahoo,gunici,2026-09-21T13:20:02Z
2026-09-21,ISVEA,63.8,63.8,63.8,63.8,8033,yahoo,gunici,2026-09-21T13:20:02Z
2026-09-21,IZENR,4.34,4.34,4.34,4.34,2994044,yahoo,gunici,2026-09-21T13:20:02Z
2026-09-21,IZFAS,33.48,33.48,33.48,33.48,64838,yahoo,gunici,2026-09-21T13:20:02Z
2026-09-21,IZINV,37.02,37.2,34.58,36.24,233846,yahoo,gunici,2026-09-21T13:20:02Z
2026-09-21,IZMDC,7.33,7.35,6.73,7.1,13733440,yahoo,gunici,2026-09-21T13:20:02Z
2026-09-21,JANTS,15.1,15.1,14.3,14.61,2201265,yahoo,gunici,2026-09-21T13:20:02Z
2026-09-21,KAPLM,220,220,220,220,7931,yahoo,gunici,2026-09-21T13:20:02Z
2026-09-21,KARCL,153,153,153,153,28240,yahoo,gunici,2026-09-21T13:20:02Z
2026-09-21,KAREL,6.45,6.76,5.96,6.09,17224660,yahoo,gunici,2026-09-21T13:20:02Z
2026-09-21,KARSN,8.7,9.36,8.54,9.18,57974008,yahoo,gunici,2026-09-21T13:20:02Z
2026-09-21,KARTN,122.3,123,113.1,113.1,174059,yahoo,gunici,2026-09-21T13:20:02Z
2026-09-21,KATMR,1.61,1.61,1.52,1.59,72652453,yahoo,gunici,2026-09-21T13:20:02Z
2026-09-21,KAYSE,3.56,3.57,3.31,3.39,10872943,yahoo,gunici,2026-09-21T13:20:02Z
2026-09-21,KBORU,11.46,11.46,11.46,11.46,1014974,yahoo,gunici,2026-09-21T13:20:02Z
2026-09-21,KCAER,11.8,11.8,10.75,11,16140286,yahoo,gunici,2026-09-21T13:20:02Z
2026-09-21,KCHOL,214.7,220.8,211.1,220.5,26591244,yahoo,gunici,2026-09-21T13:20:02Z
2026-09-21,KENT,310,310,294,295,6882,yahoo,gunici,2026-09-21T13:20:02Z
2026-09-21,KERVN,6.25,6.25,6.24,6.24,1134147,yahoo,gunici,2026-09-21T13:20:02Z
2026-09-21,KFEIN,6.11,6.5,6.11,6.38,3387807,yahoo,gunici,2026-09-21T13:20:02Z
2026-09-21,KGYO,11.78,11.78,10.62,10.62,7155879,yahoo,gunici,2026-09-21T13:20:02Z
2026-09-21,KIMMR,11.46,11.46,10.9,11.45,870488,yahoo,gunici,2026-09-21T13:20:02Z
2026-09-21,KLGYO,4.05,4.07,3.87,4.05,7747861,yahoo,gunici,2026-09-21T13:20:02Z
2026-09-21,KLKIM,23.12,23.62,22.5,23.38,1484204,yahoo,gunici,2026-09-21T13:20:02Z
2026-09-21,KLMSN,23.86,23.86,21.88,22.78,787521,yahoo,gunici,2026-09-21T13:20:02Z
2026-09-21,KLNMA,8.5,8.5,8.31,8.31,134273,yahoo,gunici,2026-09-21T13:20:02Z
2026-09-21,KLRHO,38.12,38.12,38.12,38.12,136363,yahoo,gunici,2026-09-21T13:20:02Z
2026-09-21,KLSER,20.54,20.54,19.52,19.97,982151,yahoo,gunici,2026-09-21T13:20:02Z
2026-09-21,KLSYN,12.84,13.6,12.54,12.77,820032,yahoo,gunici,2026-09-21T13:20:02Z
2026-09-21,KLYPV,56,56,50.75,54.6,3238390,yahoo,gunici,2026-09-21T13:20:02Z
2026-09-21,KMPUR,15.99,15.99,14.9,15.67,1231549,yahoo,gunici,2026-09-21T13:20:02Z
2026-09-21,KNFRT,11.3,11.3,10.11,10.41,2151628,yahoo,gunici,2026-09-21T13:20:02Z
2026-09-21,KOCMT,2.78,2.78,2.78,2.78,1650336,yahoo,gunici,2026-09-21T13:20:02Z
2026-09-21,KONKA,8.15,8.15,7.57,7.85,2384456,yahoo,gunici,2026-09-21T13:20:02Z
2026-09-21,KONTR,2.56,2.56,2.56,2.56,3789863,yahoo,gunici,2026-09-21T13:20:02Z
2026-09-21,KONYA,3890,3890,3467.5,3477.5,29493,yahoo,gunici,2026-09-21T13:20:02Z
2026-09-21,KOPOL,3.45,3.62,3.39,3.62,20300006,yahoo,gunici,2026-09-21T13:20:02Z
2026-09-21,KORDS,3.05,3.13,2.92,3.05,21074073,yahoo,gunici,2026-09-21T13:20:02Z
2026-09-21,KOTON,11.31,11.31,10.78,11.03,1533451,yahoo,gunici,2026-09-21T13:20:02Z
2026-09-21,KPEKS,68.9,68.9,68.9,68.9,109990,yahoo,gunici,2026-09-21T13:20:02Z
2026-09-21,KRDMA,44.42,44.48,41.28,44.2,6060461,yahoo,gunici,2026-09-21T13:20:02Z
2026-09-21,KRDMB,88.35,88.35,79.5,79.5,1241403,yahoo,gunici,2026-09-21T13:20:02Z
2026-09-21,KRDMD,44.02,45.24,42.84,45.16,36574285,yahoo,gunici,2026-09-21T13:20:02Z
2026-09-21,KRGYO,2.83,3.2,2.72,3.14,16420443,yahoo,gunici,2026-09-21T13:20:02Z
2026-09-21,KRONT,19.2,19.23,18.23,19.06,1171547,yahoo,gunici,2026-09-21T13:20:02Z
2026-09-21,KRPLS,10.73,11.97,10.73,11.33,4132488,yahoo,gunici,2026-09-21T13:20:02Z
2026-09-21,KRSTL,7.99,8.03,7.7,7.89,5449767,yahoo,gunici,2026-09-21T13:20:02Z
2026-09-21,KRTEK,5.2,5.36,4.85,5.16,544935,yahoo,gunici,2026-09-21T13:20:02Z
2026-09-21,KRVGD,2.04,2.07,1.97,2.03,5516719,yahoo,gunici,2026-09-21T13:20:02Z
2026-09-21,KSTUR,2100,2100,2000,2000,304,yahoo,gunici,2026-09-21T13:20:02Z
2026-09-21,KTLEV,20.04,20.04,20.04,20.04,708545,yahoo,gunici,2026-09-21T13:20:02Z
2026-09-21,KTSKR,64.5,64.55,59,60.8,517099,yahoo,gunici,2026-09-21T13:20:02Z
2026-09-21,KUTPO,73,73,69.55,71.5,125664,yahoo,gunici,2026-09-21T13:20:02Z
2026-09-21,KUVVA,127.8,127.8,127.8,127.8,19352,yahoo,gunici,2026-09-21T13:20:02Z
2026-09-21,KUYAS,45.78,45.78,45.78,45.78,203463,yahoo,gunici,2026-09-21T13:20:02Z
2026-09-21,KZBGY,1.47,1.48,1.37,1.42,61722337,yahoo,gunici,2026-09-21T13:20:02Z
2026-09-21,KZGYO,18.24,18.24,18.24,18.24,175674,yahoo,gunici,2026-09-21T13:20:02Z
2026-09-21,LIDER,14.22,14.22,14.22,14.22,243036,yahoo,gunici,2026-09-21T13:20:02Z
2026-09-21,LIDFA,1.61,1.65,1.46,1.65,28196012,yahoo,gunici,2026-09-21T13:20:02Z
2026-09-21,LILAK,26.02,27.24,25.2,25.92,3929808,yahoo,gunici,2026-09-21T13:20:02Z
2026-09-21,LINK,4.1,4.13,3.86,4.05,22317861,yahoo,gunici,2026-09-21T13:20:02Z
2026-09-21,LKMNH,12.49,12.49,11.88,12.16,1567839,yahoo,gunici,2026-09-21T13:20:02Z
2026-09-21,LMKDC,22.04,23.28,21.22,22.1,6150276,yahoo,gunici,2026-09-21T13:20:02Z
2026-09-21,LOGO,143.5,143.5,135.2,140.5,558396,yahoo,gunici,2026-09-21T13:20:02Z
2026-09-21,LRSHO,2.08,2.08,1.95,2.04,13778846,yahoo,gunici,2026-09-21T13:20:02Z
2026-09-21,LUKSK,68.1,69.25,64.75,67.85,78046,yahoo,gunici,2026-09-21T13:20:02Z
2026-09-21,LXGYO,6.67,6.71,6.37,6.7,5762624,yahoo,gunici,2026-09-21T13:20:02Z
2026-09-21,LYDHO,84.65,84.65,84.65,84.65,2224,yahoo,gunici,2026-09-21T13:20:02Z
2026-09-21,LYDYE,8405,8405,8405,8405,110,yahoo,gunici,2026-09-21T13:20:02Z
2026-09-21,MAALT,937,937,876,908,33938,yahoo,gunici,2026-09-21T13:20:02Z
2026-09-21,MACKO,30.7,30.72,29.18,30.02,743289,yahoo,gunici,2026-09-21T13:20:02Z
2026-09-21,MAGEN,24.52,24.52,24.52,24.52,9306765,yahoo,gunici,2026-09-21T13:20:02Z
2026-09-21,MAKIM,12.7,12.76,11.7,12.49,679426,yahoo,gunici,2026-09-21T13:20:02Z
2026-09-21,MAKTK,7.5,7.64,6.93,7.28,4747653,yahoo,gunici,2026-09-21T13:20:02Z
2026-09-21,MANAS,21.96,21.96,21.96,21.96,20827,yahoo,gunici,2026-09-21T13:20:02Z
2026-09-21,MARBL,10.4,10.4,9.6,9.95,1796819,yahoo,gunici,2026-09-21T13:20:02Z
2026-09-21,MARMR,1.62,1.63,1.51,1.6,55106767,yahoo,gunici,2026-09-21T13:20:02Z
2026-09-21,MARTI,2.01,2.01,2.01,2.01,813965,yahoo,gunici,2026-09-21T13:20:02Z
2026-09-21,MASFN,36.52,37.92,35.96,37.8,6928588,yahoo,gunici,2026-09-21T13:20:02Z
2026-09-21,MAVI,35.62,37.78,35.14,37.48,14550896,yahoo,gunici,2026-09-21T13:20:02Z
2026-09-21,MCARD,100.5,100.5,100.5,100.5,102651,yahoo,gunici,2026-09-21T13:20:02Z
2026-09-21,MEDTR,19.99,19.99,19.06,19.7,293303,yahoo,gunici,2026-09-21T13:20:02Z
2026-09-21,MEGAP,1.44,1.44,1.3,1.3,813341,yahoo,gunici,2026-09-21T13:20:02Z
2026-09-21,MEGMT,3.5,3.89,3.44,3.62,52144838,yahoo,gunici,2026-09-21T13:20:02Z
2026-09-21,MEKAG,2.36,2.36,2.18,2.31,9209798,yahoo,gunici,2026-09-21T13:20:02Z
2026-09-21,MEPET,18.37,19.3,17.5,18.51,442611,yahoo,gunici,2026-09-21T13:20:02Z
2026-09-21,MERCN,15.26,15.3,13.93,14.26,7551318,yahoo,gunici,2026-09-21T13:20:02Z
2026-09-21,MERIT,14.43,14.43,13.9,14.24,1717368,yahoo,gunici,2026-09-21T13:20:02Z
2026-09-21,MERKO,1.02,1.03,0.98,1.02,29327657,yahoo,gunici,2026-09-21T13:20:02Z
2026-09-21,METEN,17,17.98,17,17.83,14579126,yahoo,gunici,2026-09-21T13:20:02Z
2026-09-21,METRO,6.53,6.69,6.08,6.49,12546444,yahoo,gunici,2026-09-21T13:20:02Z
2026-09-21,MEYSU,8.2,8.69,7.62,8.26,19384849,yahoo,gunici,2026-09-21T13:20:02Z
2026-09-21,MGROS,525,535,517,534,2412387,yahoo,gunici,2026-09-21T13:20:02Z
2026-09-21,MHRGY,1.9,1.91,1.77,1.87,5137926,yahoo,gunici,2026-09-21T13:20:02Z
2026-09-21,MIATK,22.78,22.78,22.78,22.78,1204475,yahoo,gunici,2026-09-21T13:20:02Z
2026-09-21,MMCAS,25.54,25.54,25.54,25.54,7171,yahoo,gunici,2026-09-21T13:20:02Z
2026-09-21,MNDRS,10.15,10.16,9.76,9.94,1720612,yahoo,gunici,2026-09-21T13:20:02Z
2026-09-21,MNDTR,4.24,4.4,4.04,4.35,2214075,yahoo,gunici,2026-09-21T13:20:02Z
2026-09-21,MOBTL,10.28,10.76,9.72,10.3,4922421,yahoo,gunici,2026-09-21T13:20:02Z
2026-09-21,MOGAN,8.39,8.39,8.39,8.39,2683673,yahoo,gunici,2026-09-21T13:20:02Z
2026-09-21,MOPAS,21.9,21.9,19.92,20.78,2007094,yahoo,gunici,2026-09-21T13:20:02Z
2026-09-21,MPARK,432.25,439,428,435.25,441113,yahoo,gunici,2026-09-21T13:20:02Z
2026-09-21,MRGYO,1.56,1.56,1.56,1.56,923454,yahoo,gunici,2026-09-21T13:20:02Z
2026-09-21,MRSHL,1540,1540,1405,1481,24113,yahoo,gunici,2026-09-21T13:20:02Z
2026-09-21,MSGYO,5.14,5.19,4.89,5.03,1401767,yahoo,gunici,2026-09-21T13:20:02Z
2026-09-21,MTRKS,23.6,23.7,22.04,22.8,738846,yahoo,gunici,2026-09-21T13:20:02Z
2026-09-21,MTRYO,8.69,9.33,7.86,9.08,869972,yahoo,gunici,2026-09-21T13:20:02Z
2026-09-21,MZHLD,4.86,4.98,4.6,4.91,368469,yahoo,gunici,2026-09-21T13:20:02Z
2026-09-21,NATEN,4.46,4.46,4.15,4.32,6464688,yahoo,gunici,2026-09-21T13:20:02Z
2026-09-21,NETAS,81.45,81.45,73.7,78,1030224,yahoo,gunici,2026-09-21T13:20:02Z
2026-09-21,NETCD,90.15,92.45,84.75,91.25,3875671,yahoo,gunici,2026-09-21T13:20:02Z
2026-09-21,NETGL,33.94,33.94,33.94,33.94,2734407,yahoo,gunici,2026-09-21T13:20:02Z
2026-09-21,NIBAS,3.37,3.37,3.1,3.27,8132271,yahoo,gunici,2026-09-21T13:20:02Z
2026-09-21,NTGAZ,10.62,10.68,10.21,10.66,3495120,yahoo,gunici,2026-09-21T13:20:02Z
2026-09-21,NTHOL,38.5,38.52,37.2,37.82,2225783,yahoo,gunici,2026-09-21T13:20:02Z
2026-09-21,NUGYO,8.07,8.09,7.51,7.95,2320995,yahoo,gunici,2026-09-21T13:20:02Z
2026-09-21,NUHCM,204.3,204.3,196,203.9,63200,yahoo,gunici,2026-09-21T13:20:02Z
2026-09-21,OBAMS,4.35,4.35,4.17,4.26,24828325,yahoo,gunici,2026-09-21T13:20:02Z
2026-09-21,OBASE,31.36,31.38,28.8,30.2,383726,yahoo,gunici,2026-09-21T13:20:02Z
2026-09-21,ODAS,6.75,6.76,6.22,6.63,50061602,yahoo,gunici,2026-09-21T13:20:02Z
2026-09-21,ODINE,416.25,416.25,416.25,416.25,11124,yahoo,gunici,2026-09-21T13:20:02Z
2026-09-21,OFSYM,60.25,61.9,57.25,60.05,769755,yahoo,gunici,2026-09-21T13:20:02Z
2026-09-21,ONCSM,104.1,104.1,104.1,104.1,75138,yahoo,gunici,2026-09-21T13:20:02Z
2026-09-21,ONRYT,11.25,11.67,10.63,11.42,4826343,yahoo,gunici,2026-09-21T13:20:02Z
2026-09-21,ORCAY,2.6,2.73,2.52,2.69,2766482,yahoo,gunici,2026-09-21T13:20:02Z
2026-09-21,ORGE,21.94,22.76,21.12,22.68,4566741,yahoo,gunici,2026-09-21T13:20:02Z
2026-09-21,ORMA,116.4,116.4,116.4,116.4,19272,yahoo,gunici,2026-09-21T13:20:02Z
2026-09-21,ORZAX,71,76.15,68.75,75.5,3646946,yahoo,gunici,2026-09-21T13:20:02Z
2026-09-21,OSMEN,5.79,5.83,5.34,5.48,3363768,yahoo,gunici,2026-09-21T13:20:02Z
2026-09-21,OSTIM,1.37,1.4,1.31,1.39,12899956,yahoo,gunici,2026-09-21T13:20:02Z
2026-09-21,OTKAR,304.5,304.5,292.25,300.5,219633,yahoo,gunici,2026-09-21T13:20:02Z
2026-09-21,OTTO,89.4,95.1,89.4,95.1,269277,yahoo,gunici,2026-09-21T13:20:02Z
2026-09-21,OYAKC,20.2,20.28,19.5,20.24,13048305,yahoo,gunici,2026-09-21T13:20:02Z
2026-09-21,OYAYO,38.22,38.22,34.52,36.48,118940,yahoo,gunici,2026-09-21T13:20:02Z
2026-09-21,OYLUM,5.96,6.1,5.64,5.96,960394,yahoo,gunici,2026-09-21T13:20:02Z
2026-09-21,OYYAT,26.16,27.94,26.16,27.82,742278,yahoo,gunici,2026-09-21T13:20:02Z
2026-09-21,OZATD,3270,3270,3270,3270,84,yahoo,gunici,2026-09-21T13:20:02Z
2026-09-21,OZGYO,1.8,1.81,1.67,1.74,13267391,yahoo,gunici,2026-09-21T13:20:02Z
2026-09-21,OZKGY,12.02,12.02,11.59,11.98,3544829,yahoo,gunici,2026-09-21T13:20:02Z
2026-09-21,OZRDN,23.32,25.2,23.32,23.32,56142,yahoo,gunici,2026-09-21T13:20:02Z
2026-09-21,OZSUB,37.42,39.2,36.14,39,1731377,yahoo,gunici,2026-09-21T13:20:02Z
2026-09-21,OZYSR,11.04,11.05,9.95,10.62,3551426,yahoo,gunici,2026-09-21T13:20:02Z
2026-09-21,PAGYO,121,125.9,119.2,125.8,99119,yahoo,gunici,2026-09-21T13:20:02Z
2026-09-21,PAHOL,1.05,1.06,0.95,1.02,371867675,yahoo,gunici,2026-09-21T13:20:02Z
2026-09-21,PAMEL,52.85,53.6,50.25,53.5,311124,yahoo,gunici,2026-09-21T13:20:02Z
2026-09-21,PAPIL,9.59,9.61,8.77,9.28,7097730,yahoo,gunici,2026-09-21T13:20:02Z
2026-09-21,PARSN,64.85,64.85,60.15,62.4,411036,yahoo,gunici,2026-09-21T13:20:02Z
2026-09-21,PASEU,49.92,49.92,49.92,49.92,120201,yahoo,gunici,2026-09-21T13:20:02Z
2026-09-21,PATEK,19.5,19.84,16.65,17.31,31742290,yahoo,gunici,2026-09-21T13:20:02Z
2026-09-21,PCILT,30,30,28,29.7,1373433,yahoo,gunici,2026-09-21T13:20:02Z
2026-09-21,PEKGY,7.69,7.69,7.69,7.69,382753,yahoo,gunici,2026-09-21T13:20:02Z
2026-09-21,PENGD,8.14,8.15,7.45,7.94,2568378,yahoo,gunici,2026-09-21T13:20:02Z
2026-09-21,PENTA,10.4,10.71,10.16,10.7,2154425,yahoo,gunici,2026-09-21T13:20:02Z
2026-09-21,PETKM,21.22,21.7,20.58,21.64,65534619,yahoo,gunici,2026-09-21T13:20:02Z
2026-09-21,PETUN,10.65,10.65,10.06,10.29,1367486,yahoo,gunici,2026-09-21T13:20:02Z
2026-09-21,PGSUS,147.8,150.2,145.3,150.2,9125560,yahoo,gunici,2026-09-21T13:20:02Z
2026-09-21,PINSU,9.15,9.15,8.61,8.85,3521806,yahoo,gunici,2026-09-21T13:20:02Z
2026-09-21,PKART,93.05,93.1,85.1,92.6,387542,yahoo,gunici,2026-09-21T13:20:02Z
2026-09-21,PKENT,108.6,108.6,99.5,102,192257,yahoo,gunici,2026-09-21T13:20:02Z
2026-09-21,PLTUR,17.15,17.17,15.98,16.67,1832851,yahoo,gunici,2026-09-21T13:20:02Z
2026-09-21,PNLSN,35.3,35.3,32,34.34,561917,yahoo,gunici,2026-09-21T13:20:02Z
2026-09-21,PNSUT,10.44,10.44,9.9,10.3,2740122,yahoo,gunici,2026-09-21T13:20:02Z
2026-09-21,POLHO,19.45,19.45,17.55,18,3334111,yahoo,gunici,2026-09-21T13:20:02Z
2026-09-21,POLTK,3430,3430,3155,3332.5,7945,yahoo,gunici,2026-09-21T13:20:02Z
2026-09-21,PRDGS,4.37,4.37,4.37,4.37,519961,yahoo,gunici,2026-09-21T13:20:02Z
2026-09-21,PRKAB,27.8,27.9,25.9,27.34,780084,yahoo,gunici,2026-09-21T13:20:02Z
2026-09-21,PRKME,15.91,16.3,15.43,16.03,1365884,yahoo,gunici,2026-09-21T13:20:02Z
2026-09-21,PRZMA,45.9,45.9,45.9,45.9,3931,yahoo,gunici,2026-09-21T13:20:02Z
2026-09-21,PSDTC,94.05,98.55,92.45,92.45,64756,yahoo,gunici,2026-09-21T13:20:02Z
2026-09-21,PSGYO,2.09,2.11,2.01,2.1,154325858,yahoo,gunici,2026-09-21T13:20:02Z
2026-09-21,QNBFK,37,37,35.3,36,38451,yahoo,gunici,2026-09-21T13:20:02Z
2026-09-21,QNBTR,168,168,163,163,6450,yahoo,gunici,2026-09-21T13:20:02Z
2026-09-21,QUAGR,2.44,2.44,2.24,2.35,46691209,yahoo,gunici,2026-09-21T13:20:02Z
2026-09-21,QUICK,48.16,51.5,48.16,50.85,2173015,yahoo,gunici,2026-09-21T13:20:02Z
2026-09-21,RALYH,178.2,178.2,178.2,178.2,8959,yahoo,gunici,2026-09-21T13:20:02Z
2026-09-21,RAYSG,136.1,136.9,127,131.7,132814,yahoo,gunici,2026-09-21T13:20:02Z
2026-09-21,REEDR,4.55,4.55,4.26,4.32,24100970,yahoo,gunici,2026-09-21T13:20:02Z
2026-09-21,RGYAS,190.4,191.9,186,190,1039045,yahoo,gunici,2026-09-21T13:20:02Z
2026-09-21,RNPOL,2.19,2.19,2.02,2.05,2942619,yahoo,gunici,2026-09-21T13:20:02Z
2026-09-21,RODRG,19.48,19.48,18.52,19.28,120079,yahoo,gunici,2026-09-21T13:20:02Z
2026-09-21,RTALB,2.25,2.28,2.11,2.18,22135826,yahoo,gunici,2026-09-21T13:20:02Z
2026-09-21,RUBNS,23.82,24.12,22.8,23.38,1021296,yahoo,gunici,2026-09-21T13:20:02Z
2026-09-21,RUZYE,5.56,5.56,5.56,5.56,359806,yahoo,gunici,2026-09-21T13:20:02Z
2026-09-21,RYGYO,46.7,48.38,43.46,47.68,3016781,yahoo,gunici,2026-09-21T13:20:02Z
2026-09-21,RYSAS,24.28,24.72,23.12,23.64,13618103,yahoo,gunici,2026-09-21T13:20:02Z
2026-09-21,SAFKR,11.7,11.7,10.96,11.14,3870229,yahoo,gunici,2026-09-21T13:20:02Z
2026-09-21,SAHOL,87.85,89.75,86.55,89.7,36258068,yahoo,gunici,2026-09-21T13:20:02Z
2026-09-21,SAMAT,4.24,4.6,3.96,4.14,975495,yahoo,gunici,2026-09-21T13:20:02Z
2026-09-21,SANEL,40.48,40.48,37.2,38.64,360312,yahoo,gunici,2026-09-21T13:20:02Z
2026-09-21,SANFM,6.2,6.66,6,6,3168468,yahoo,gunici,2026-09-21T13:20:02Z
2026-09-21,SANKO,18.62,19.02,17.72,18.16,362152,yahoo,gunici,2026-09-21T13:20:02Z
2026-09-21,SARAE,51.55,51.55,51.55,51.55,483452,yahoo,gunici,2026-09-21T13:20:02Z
2026-09-21,SARKY,21.96,22.14,20.8,22.08,4278451,yahoo,gunici,2026-09-21T13:20:02Z
2026-09-21,SASA,2.35,2.36,2.25,2.31,2559817870,yahoo,gunici,2026-09-21T13:20:02Z
2026-09-21,SAYAS,45.94,46.5,42.88,46.28,1760179,yahoo,gunici,2026-09-21T13:20:02Z
2026-09-21,SDTTR,17.65,17.7,16.78,17.38,6191057,yahoo,gunici,2026-09-21T13:20:02Z
2026-09-21,SEGMN,33.96,36.66,30.68,32.4,712942,yahoo,gunici,2026-09-21T13:20:02Z
2026-09-21,SEGYO,2.87,2.87,2.58,2.73,5273583,yahoo,gunici,2026-09-21T13:20:02Z
2026-09-21,SEKFK,4,4.01,3.72,3.83,633331,yahoo,gunici,2026-09-21T13:20:02Z
2026-09-21,SEKUR,5.97,5.97,5.97,5.97,58228,yahoo,gunici,2026-09-21T13:20:02Z
2026-09-21,SELEC,191.7,191.7,191.7,191.7,6757,yahoo,gunici,2026-09-21T13:20:02Z
2026-09-21,SELVA,1.28,1.28,1.18,1.25,19315998,yahoo,gunici,2026-09-21T13:20:02Z
2026-09-21,SERNT,5.89,6.18,5.62,5.92,4394833,yahoo,gunici,2026-09-21T13:20:02Z
2026-09-21,SEYKM,3.01,3.3,3.01,3.23,2685242,yahoo,gunici,2026-09-21T13:20:02Z
2026-09-21,SILVR,1.95,2,1.8,1.85,4100661,yahoo,gunici,2026-09-21T13:20:02Z
2026-09-21,SISE,39.62,40.32,38.68,40.2,45260383,yahoo,gunici,2026-09-21T13:20:02Z
2026-09-21,SKBNK,6.06,6.06,5.8,5.93,91387315,yahoo,gunici,2026-09-21T13:20:02Z
2026-09-21,SKTAS,2.8,2.8,2.53,2.71,12552566,yahoo,gunici,2026-09-21T13:20:02Z
2026-09-21,SKYLP,103.7,103.7,103.7,103.7,2748,yahoo,gunici,2026-09-21T13:20:02Z
2026-09-21,SKYMD,14.12,14.32,13.7,14.1,2056269,yahoo,gunici,2026-09-21T13:20:02Z
2026-09-21,SMART,18.77,18.77,17.06,18.01,700368,yahoo,gunici,2026-09-21T13:20:02Z
2026-09-21,SMRTG,5.43,5.43,5.43,5.43,2332343,yahoo,gunici,2026-09-21T13:20:02Z
2026-09-21,SMRVA,7.5,7.54,6.89,7.52,7520179,yahoo,gunici,2026-09-21T13:20:02Z
2026-09-21,SNGYO,2.75,2.75,2.59,2.68,22095947,yahoo,gunici,2026-09-21T13:20:02Z
2026-09-21,SNICA,2.54,2.67,2.5,2.58,10539551,yahoo,gunici,2026-09-21T13:20:02Z
2026-09-21,SNPAM,18.53,18.53,18.49,18.53,35173,yahoo,gunici,2026-09-21T13:20:02Z
2026-09-21,SODSN,6.24,6.24,5.62,5.62,144004,yahoo,gunici,2026-09-21T13:20:02Z
2026-09-21,SOHOE,8.65,8.8,8.19,8.73,6847197,yahoo,gunici,2026-09-21T13:20:02Z
2026-09-21,SOKE,8.49,8.6,8.03,8.15,3161623,yahoo,gunici,2026-09-21T13:20:02Z
2026-09-21,SOKM,57.9,58.65,56.35,58.3,2204167,yahoo,gunici,2026-09-21T13:20:02Z
2026-09-21,SONME,128.9,129.6,124.3,125,26394,yahoo,gunici,2026-09-21T13:20:02Z
2026-09-21,SRVGY,2.14,2.16,2.05,2.1,32214520,yahoo,gunici,2026-09-21T13:20:02Z
2026-09-21,SSAAT,26.96,29,25.22,28.64,3842803,yahoo,gunici,2026-09-21T13:20:02Z
2026-09-21,SUMAS,232.6,232.6,210.6,210.6,2062,yahoo,gunici,2026-09-21T13:20:02Z
2026-09-21,SUNTK,28,28.68,26.64,28.1,440948,yahoo,gunici,2026-09-21T13:20:02Z
2026-09-21,SURGY,25.2,27.72,23,24.04,4014845,yahoo,gunici,2026-09-21T13:20:02Z
2026-09-21,SUWEN,5.8,5.83,5.35,5.55,2896870,yahoo,gunici,2026-09-21T13:20:02Z
2026-09-21,SVGYO,10.21,10.21,10.21,10.21,24723,yahoo,gunici,2026-09-21T13:20:02Z
2026-09-21,TABGD,227,231,224,226.7,400472,yahoo,gunici,2026-09-21T13:20:02Z
2026-09-21,TARKM,427.75,435.25,405,417.75,292604,yahoo,gunici,2026-09-21T13:20:02Z
2026-09-21,TATEN,4.91,4.91,4.91,4.91,1105574,yahoo,gunici,2026-09-21T13:20:02Z
2026-09-21,TATGD,16.56,16.68,15.86,16.43,1510567,yahoo,gunici,2026-09-21T13:20:02Z
2026-09-21,TAVHL,274.75,277.25,265,276.75,4258268,yahoo,gunici,2026-09-21T13:20:02Z
2026-09-21,TBORG,129.4,129.5,125.8,128.5,114310,yahoo,gunici,2026-09-21T13:20:02Z
2026-09-21,TCELL,97.2,98.7,95.7,98.4,18704731,yahoo,gunici,2026-09-21T13:20:02Z
2026-09-21,TCKRC,115.8,117.3,104.9,115.3,4194448,yahoo,gunici,2026-09-21T13:20:02Z
2026-09-21,TDGYO,13.45,13.45,13.45,13.45,92776,yahoo,gunici,2026-09-21T13:20:02Z
2026-09-21,TEHOL,31.4,31.4,31.4,31.4,32623,yahoo,gunici,2026-09-21T13:20:02Z
2026-09-21,TEKTU,5.6,5.6,5.07,5.33,6635124,yahoo,gunici,2026-09-21T13:20:02Z
2026-09-21,TERA,147.1,147.1,147.1,147.1,39974,yahoo,gunici,2026-09-21T13:20:02Z
2026-09-21,TEZOL,8.09,8.09,7.55,7.9,4369330,yahoo,gunici,2026-09-21T13:20:02Z
2026-09-21,TGSAS,130,130,130,130,2534,yahoo,gunici,2026-09-21T13:20:02Z
2026-09-21,THYAO,287.5,290.5,282.5,289.75,38714201,yahoo,gunici,2026-09-21T13:20:02Z
2026-09-21,TKFEN,246.5,253.5,228,242.8,5785931,yahoo,gunici,2026-09-21T13:20:02Z
2026-09-21,TKNKA,102.9,102.9,102.9,102.9,6365,yahoo,gunici,2026-09-21T13:20:02Z
2026-09-21,TKNSA,14.61,14.9,14.33,14.73,2164909,yahoo,gunici,2026-09-21T13:20:02Z
2026-09-21,TLMAN,67.9,67.95,63.45,67.05,216172,yahoo,gunici,2026-09-21T13:20:02Z
2026-09-21,TMPOL,189.3,189.3,189.3,189.3,2721,yahoo,gunici,2026-09-21T13:20:02Z
2026-09-21,TMSN,66.9,67.4,61.2,64.6,783391,yahoo,gunici,2026-09-21T13:20:02Z
2026-09-21,TNZTP,27,28.9,25.74,28.68,3158286,yahoo,gunici,2026-09-21T13:20:02Z
2026-09-21,TOASO,282,285.75,276,284.25,2406105,yahoo,gunici,2026-09-21T13:20:02Z
2026-09-21,TRALT,50.1,51.9,48.6,51.45,88620020,yahoo,gunici,2026-09-21T13:20:02Z
2026-09-21,TRCAS,47.14,47.88,45.1,47.88,796386,yahoo,gunici,2026-09-21T13:20:02Z
2026-09-21,TRENJ,101.3,107,98.6,106.7,1503508,yahoo,gunici,2026-09-21T13:20:02Z
2026-09-21,TRGYO,91.5,92,89.2,91.85,963572,yahoo,gunici,2026-09-21T13:20:02Z
2026-09-21,TRHOL,2955,2955,2955,2955,345,yahoo,gunici,2026-09-21T13:20:02Z
2026-09-21,TRILC,0.96,0.96,0.95,0.95,2298728,yahoo,gunici,2026-09-21T13:20:02Z
2026-09-21,TRMET,129.5,132.4,125.3,131.5,3950261,yahoo,gunici,2026-09-21T13:20:02Z
2026-09-21,TSGYO,5.11,5.18,4.98,5.12,1408640,yahoo,gunici,2026-09-21T13:20:02Z
2026-09-21,TSKB,10.87,10.96,10.56,10.82,16291341,yahoo,gunici,2026-09-21T13:20:02Z
2026-09-21,TSPOR,0.92,0.93,0.84,0.89,311295663,yahoo,gunici,2026-09-21T13:20:02Z
2026-09-21,TTKOM,52.45,53.5,51.85,53.4,25968644,yahoo,gunici,2026-09-21T13:20:02Z
2026-09-21,TTRAK,427.25,427.25,406,410,140493,yahoo,gunici,2026-09-21T13:20:02Z
2026-09-21,TUCLK,3.42,3.42,3.1,3.32,13799480,yahoo,gunici,2026-09-21T13:20:02Z
2026-09-21,TUKAS,1.84,2.02,1.73,2.02,240987922,yahoo,gunici,2026-09-21T13:20:02Z
2026-09-21,TUPRS,416.25,423.75,402,423.5,24848658,yahoo,gunici,2026-09-21T13:20:02Z
2026-09-21,TUREX,5.01,5.01,4.72,4.94,10581237,yahoo,gunici,2026-09-21T13:20:02Z
2026-09-21,TURGG,25.5,25.5,23.6,24.46,425763,yahoo,gunici,2026-09-21T13:20:02Z
2026-09-21,TURSG,6.1,6.18,5.93,6.09,97655334,yahoo,gunici,2026-09-21T13:20:02Z
2026-09-21,UCAYM,18.21,18.27,16.69,17.75,4128812,yahoo,gunici,2026-09-21T13:20:02Z
2026-09-21,UFUK,915.5,915.5,915.5,915.5,272,yahoo,gunici,2026-09-21T13:20:02Z
2026-09-21,ULAS,18.35,18.6,16.54,17.2,249132,yahoo,gunici,2026-09-21T13:20:02Z
2026-09-21,ULKER,87.9,88.9,84.8,86.7,5189703,yahoo,gunici,2026-09-21T13:20:02Z
2026-09-21,ULUFA,1.47,1.49,1.4,1.47,29447293,yahoo,gunici,2026-09-21T13:20:02Z
2026-09-21,ULUSE,194.6,195.4,180.6,189.5,243362,yahoo,gunici,2026-09-21T13:20:02Z
2026-09-21,ULUUN,7,7,6.65,6.93,4874681,yahoo,gunici,2026-09-21T13:20:02Z
2026-09-21,UNLU,12.5,12.74,12.4,12.74,1954918,yahoo,gunici,2026-09-21T13:20:02Z
2026-09-21,USAK,1.01,1.05,0.97,1,151395261,yahoo,gunici,2026-09-21T13:20:02Z
2026-09-21,USHOL,57.2,61,55.8,57.6,468863,yahoo,gunici,2026-09-21T13:20:02Z
2026-09-21,VAKBN,33.32,34.44,32.7,34.24,63307688,yahoo,gunici,2026-09-21T13:20:02Z
2026-09-21,VAKFA,9.75,10.15,9.46,9.88,5998150,yahoo,gunici,2026-09-21T13:20:02Z
2026-09-21,VAKFN,1.01,1.03,0.98,1.02,90934755,yahoo,gunici,2026-09-21T13:20:02Z
2026-09-21,VAKKO,63.4,63.4,60.25,63.05,147283,yahoo,gunici,2026-09-21T13:20:02Z
2026-09-21,VANGD,61.65,61.65,61.65,61.65,11894,yahoo,gunici,2026-09-21T13:20:02Z
2026-09-21,VBTYZ,28.3,28.3,26.52,27.66,1263468,yahoo,gunici,2026-09-21T13:20:02Z
2026-09-21,VERUS,496,496,446.5,467.5,52778,yahoo,gunici,2026-09-21T13:20:02Z
2026-09-21,VESBE,5.11,5.14,4.9,5.03,9462538,yahoo,gunici,2026-09-21T13:20:02Z
2026-09-21,VESTL,23.2,23.24,21.86,22.34,7760361,yahoo,gunici,2026-09-21T13:20:02Z
2026-09-21,VEYAS,85,86,80.8,84.9,1725401,yahoo,gunici,2026-09-21T13:20:02Z
2026-09-21,VKFYO,19.86,19.87,18,18.6,187756,yahoo,gunici,2026-09-21T13:20:02Z
2026-09-21,VKGYO,1.74,1.74,1.67,1.74,26196752,yahoo,gunici,2026-09-21T13:20:02Z
2026-09-21,VKING,17.46,17.47,15.72,17.27,282347,yahoo,gunici,2026-09-21T13:20:02Z
2026-09-21,VRGYO,1.31,1.31,1.31,1.31,2915734,yahoo,gunici,2026-09-21T13:20:02Z
2026-09-21,VSNMD,31.64,33.98,31.64,32.72,944584,yahoo,gunici,2026-09-21T13:20:02Z
2026-09-21,YAPRK,9.98,9.98,8.75,9.28,3473249,yahoo,gunici,2026-09-21T13:20:02Z
2026-09-21,YATAS,26.8,26.9,25.68,26.46,750076,yahoo,gunici,2026-09-21T13:20:02Z
2026-09-21,YAYLA,16.88,17.1,15.95,16.5,1004197,yahoo,gunici,2026-09-21T13:20:02Z
2026-09-21,YBTAS,11.86,11.86,11,11,27685,yahoo,gunici,2026-09-21T13:20:02Z
2026-09-21,YEOTK,30.6,30.76,27.56,30.16,21722259,yahoo,gunici,2026-09-21T13:20:02Z
2026-09-21,YESIL,0.99,0.99,0.93,0.96,16692057,yahoo,gunici,2026-09-21T13:20:02Z
2026-09-21,YGGYO,220,220,214.9,217.7,85050,yahoo,gunici,2026-09-21T13:20:02Z
2026-09-21,YIGIT,19.05,19.24,17.98,18.4,1957603,yahoo,gunici,2026-09-21T13:20:02Z
2026-09-21,YKBNK,36.12,36.64,35.44,36.32,225842527,yahoo,gunici,2026-09-21T13:20:02Z
2026-09-21,YKSLN,3.35,3.35,3.35,3.35,252147,yahoo,gunici,2026-09-21T13:20:02Z
2026-09-21,YONGA,37,37,34.2,34.2,34918,yahoo,gunici,2026-09-21T13:20:02Z
2026-09-21,YUNSA,6.59,6.59,6.23,6.45,5605552,yahoo,gunici,2026-09-21T13:20:02Z
2026-09-21,YYAPI,0.65,0.65,0.64,0.64,4112115,yahoo,gunici,2026-09-21T13:20:02Z
2026-09-21,YYLGD,8.6,8.6,8.2,8.48,6761842,yahoo,gunici,2026-09-21T13:20:02Z
2026-09-21,ZEDUR,6.37,6.38,5.93,6.18,1406191,yahoo,gunici,2026-09-21T13:20:02Z
2026-09-21,ZERGY,8.45,8.5,7.73,8.34,14581070,yahoo,gunici,2026-09-21T13:20:02Z
2026-09-21,ZGYO,14.88,15.1,14.88,14.88,906826,yahoo,gunici,2026-09-21T13:20:02Z
2026-09-21,ZOREN,2.29,2.3,2.11,2.24,54108299,yahoo,gunici,2026-09-21T13:20:02Z
2026-09-21,ZRGYO,19.5,19.75,18.39,19.59,5784697,yahoo,gunici,2026-09-21T13:20:02Z
2026-09-21,XU100,,,,13305.5703,,yahoo,gunici,2026-09-21T13:20:02Z
2026-09-21,A1CAP,4.71,4.71,4.71,4.71,709427,yahoo,kapanis,2026-09-21T15:40:55Z
2026-09-21,A1YEN,1.76,1.76,1.76,1.76,2005159,yahoo,kapanis,2026-09-21T15:40:55Z
2026-09-21,AAGYO,8.72,8.99,8.18,8.47,8729155,yahoo,kapanis,2026-09-21T15:40:55Z
2026-09-21,ACSEL,98.3,99,88.45,92.5,328455,yahoo,kapanis,2026-09-21T15:40:55Z
2026-09-21,ADEL,28.78,28.78,26.98,27.58,2282519,yahoo,kapanis,2026-09-21T15:40:55Z
2026-09-21,ADESE,0.76,0.77,0.7,0.72,142552982,yahoo,kapanis,2026-09-21T15:40:55Z
2026-09-21,ADGYO,49,50.3,44.24,49.38,2814963,yahoo,kapanis,2026-09-21T15:40:55Z
2026-09-21,AEFES,18.78,19.2,18.28,19.2,38366380,yahoo,kapanis,2026-09-21T15:40:55Z
2026-09-21,AFYON,11.55,11.55,11.08,11.3,1245681,yahoo,kapanis,2026-09-21T15:40:55Z
2026-09-21,AGESA,240.3,243.2,233.8,242,213211,yahoo,kapanis,2026-09-21T15:40:55Z
2026-09-21,AGHOL,33.92,34.2,32.76,34.02,4420212,yahoo,kapanis,2026-09-21T15:40:55Z
2026-09-21,AGROT,1.66,1.66,1.53,1.58,45738820,yahoo,kapanis,2026-09-21T15:40:55Z
2026-09-21,AGYO,7.27,7.4,7.17,7.22,280543,yahoo,kapanis,2026-09-21T15:40:55Z
2026-09-21,AHGAZ,41.6,42.38,40,41.6,7800242,yahoo,kapanis,2026-09-21T15:40:55Z
2026-09-21,AHSGY,13.15,13.15,11.25,12.22,3012879,yahoo,kapanis,2026-09-21T15:40:55Z
2026-09-21,AKBNK,70.7,72.55,69.7,72.45,192540353,yahoo,kapanis,2026-09-21T15:40:55Z
2026-09-21,AKCNS,199.5,200,190.4,195.1,1228579,yahoo,kapanis,2026-09-21T15:40:55Z
2026-09-21,AKENR,9.32,9.33,8.63,9.06,8766260,yahoo,kapanis,2026-09-21T15:40:55Z
2026-09-21,AKFGY,2.46,2.46,2.32,2.4,36487235,yahoo,kapanis,2026-09-21T15:40:55Z
2026-09-21,AKFIS,15.55,16.87,13.9,14.3,21373829,yahoo,kapanis,2026-09-21T15:40:55Z
2026-09-21,AKFYE,3.76,3.85,3.31,3.49,64059011,yahoo,kapanis,2026-09-21T15:40:55Z
2026-09-21,AKGRT,5.51,5.52,5.36,5.48,6859318,yahoo,kapanis,2026-09-21T15:40:55Z
2026-09-21,AKHAN,27.4,28,25.2,27.18,2296306,yahoo,kapanis,2026-09-21T15:40:55Z
2026-09-21,AKMGY,230,230.4,218.6,228.5,30785,yahoo,kapanis,2026-09-21T15:40:55Z
2026-09-21,AKSA,10.85,10.86,10.54,10.75,10947233,yahoo,kapanis,2026-09-21T15:40:55Z
2026-09-21,AKSEN,65.55,67.2,62.85,67.2,9117721,yahoo,kapanis,2026-09-21T15:40:55Z
2026-09-21,AKSGY,9.27,9.52,8.83,9.49,5923780,yahoo,kapanis,2026-09-21T15:40:55Z
2026-09-21,AKSUE,19.13,19.13,17.22,17.22,2192051,yahoo,kapanis,2026-09-21T15:40:55Z
2026-09-21,AKYHO,1.81,1.81,1.64,1.7,2193598,yahoo,kapanis,2026-09-21T15:40:55Z
2026-09-21,ALARK,107.8,108.6,104.2,107.4,6225155,yahoo,kapanis,2026-09-21T15:40:55Z
2026-09-21,ALBRK,8.61,8.7,8.39,8.53,13926838,yahoo,kapanis,2026-09-21T15:40:55Z
2026-09-21,ALBTN,26,26,23.5,24.26,18371511,yahoo,kapanis,2026-09-21T15:40:55Z
2026-09-21,ALCAR,679.5,680,614.5,649,61190,yahoo,kapanis,2026-09-21T15:40:55Z
2026-09-21,ALCTL,91.45,93.25,85.8,90.05,618468,yahoo,kapanis,2026-09-21T15:40:55Z
2026-09-21,ALFAS,33.56,33.84,31.52,33.04,2122623,yahoo,kapanis,2026-09-21T15:40:55Z
2026-09-21,ALGYO,3.24,3.25,3.03,3.11,26548855,yahoo,kapanis,2026-09-21T15:40:55Z
2026-09-21,ALKA,7,7,6.53,6.79,2949434,yahoo,kapanis,2026-09-21T15:40:55Z
2026-09-21,ALKIM,13.59,13.59,12.85,13.24,1870247,yahoo,kapanis,2026-09-21T15:40:55Z
2026-09-21,ALKLC,341.5,341.5,341.5,341.5,1571,yahoo,kapanis,2026-09-21T15:40:55Z
2026-09-21,ALTNY,14.11,14.11,13.21,13.84,22990699,yahoo,kapanis,2026-09-21T15:40:55Z
2026-09-21,ALVES,0.65,0.65,0.62,0.62,13203089,yahoo,kapanis,2026-09-21T15:40:55Z
2026-09-21,ANELE,94.6,94.6,94.6,94.6,1442,yahoo,kapanis,2026-09-21T15:40:55Z
2026-09-21,ANGEN,7.56,7.58,7.01,7.38,2706082,yahoo,kapanis,2026-09-21T15:40:55Z
2026-09-21,ANHYT,99.2,103.3,98.8,103.3,3314563,yahoo,kapanis,2026-09-21T15:40:55Z
2026-09-21,ANSGR,27.06,27.06,25.72,26.98,5102949,yahoo,kapanis,2026-09-21T15:40:55Z
2026-09-21,ARASE,107.5,107.5,99,104.6,409228,yahoo,kapanis,2026-09-21T15:40:55Z
2026-09-21,ARCLK,87.3,87.35,84.45,86.9,2084326,yahoo,kapanis,2026-09-21T15:40:55Z
2026-09-21,ARDYZ,61.25,62.9,57.65,62,6361329,yahoo,kapanis,2026-09-21T15:40:55Z
2026-09-21,ARENA,16.93,16.93,15.82,16.42,720574,yahoo,kapanis,2026-09-21T15:40:55Z
2026-09-21,ARFYE,15.96,15.96,14.37,14.37,5921708,yahoo,kapanis,2026-09-21T15:40:55Z
2026-09-21,ARMGD,143.5,162.8,143.4,149.8,1410126,yahoo,kapanis,2026-09-21T15:40:55Z
2026-09-21,ARSAN,3.59,3.6,3.3,3.43,20539338,yahoo,kapanis,2026-09-21T15:40:55Z
2026-09-21,ARTMS,36.26,37.02,33.36,34,1141495,yahoo,kapanis,2026-09-21T15:40:55Z
2026-09-21,ARZUM,1.3,1.3,1.2,1.27,16560210,yahoo,kapanis,2026-09-21T15:40:55Z
2026-09-21,ASELS,373,381.75,364,378,33482697,yahoo,kapanis,2026-09-21T15:40:55Z
2026-09-21,ASGYO,10.04,10.04,9.55,9.81,2986579,yahoo,kapanis,2026-09-21T15:40:55Z
2026-09-21,ASTOR,252,263.75,243,261.75,41523750,yahoo,kapanis,2026-09-21T15:40:55Z
2026-09-21,ASUZU,44.82,45.36,42.68,44.02,435041,yahoo,kapanis,2026-09-21T15:40:55Z
2026-09-21,ATAGY,9.25,9.25,8.41,8.94,97898,yahoo,kapanis,2026-09-21T15:40:55Z
2026-09-21,ATAKP,34.98,35.36,33.9,34.88,487064,yahoo,kapanis,2026-09-21T15:40:55Z
2026-09-21,ATATP,244.2,252.25,230,244.5,598342,yahoo,kapanis,2026-09-21T15:40:55Z
2026-09-21,ATATR,8.34,8.34,8.34,8.34,360840,yahoo,kapanis,2026-09-21T15:40:55Z
2026-09-21,ATEKS,83.9,83.9,83.85,83.9,12056,yahoo,kapanis,2026-09-21T15:40:55Z
2026-09-21,ATLAS,5.95,6.85,5.61,6.04,2665454,yahoo,kapanis,2026-09-21T15:40:55Z
2026-09-21,ATSYH,91.55,91.55,91.55,91.55,26174,yahoo,kapanis,2026-09-21T15:40:55Z
2026-09-21,AVGYO,16.39,16.39,14.78,15.18,1308704,yahoo,kapanis,2026-09-21T15:40:55Z
2026-09-21,AVHOL,28.72,28.72,26.06,26.7,2380026,yahoo,kapanis,2026-09-21T15:40:55Z
2026-09-21,AVOD,3.48,3.48,3.22,3.36,8456239,yahoo,kapanis,2026-09-21T15:40:55Z
2026-09-21,AVPGY,54.1,55.3,52.2,54,759664,yahoo,kapanis,2026-09-21T15:40:55Z
2026-09-21,AYCES,410.5,410.5,389,405.75,56807,yahoo,kapanis,2026-09-21T15:40:55Z
2026-09-21,AYDEM,23.44,23.44,22.1,22.94,2665483,yahoo,kapanis,2026-09-21T15:40:55Z
2026-09-21,AYEN,27.6,27.96,26.68,27.48,581769,yahoo,kapanis,2026-09-21T15:40:55Z
2026-09-21,AYES,25,25,23.02,23.1,102617,yahoo,kapanis,2026-09-21T15:40:55Z
2026-09-21,AYGAZ,323.25,324.5,308.25,311.5,1553313,yahoo,kapanis,2026-09-21T15:40:55Z
2026-09-21,AZTEK,3.78,4.18,3.42,4,49282535,yahoo,kapanis,2026-09-21T15:40:55Z
2026-09-21,BAGFS,24.02,24.08,22.86,23.56,955157,yahoo,kapanis,2026-09-21T15:40:55Z
2026-09-21,BAHKM,178,192.9,170.6,186.7,1958899,yahoo,kapanis,2026-09-21T15:40:55Z
2026-09-21,BAKAB,34.04,34.04,30.98,33.1,238937,yahoo,kapanis,2026-09-21T15:40:55Z
2026-09-21,BALAT,65.9,65.9,59.4,59.4,67046,yahoo,kapanis,2026-09-21T15:40:55Z
2026-09-21,BALSU,5.9,6.88,5.72,6.88,129963365,yahoo,kapanis,2026-09-21T15:40:55Z
2026-09-21,BANVT,138,146,131.2,137.7,189773,yahoo,kapanis,2026-09-21T15:40:55Z
2026-09-21,BARMA,7,7,6.67,6.67,619947,yahoo,kapanis,2026-09-21T15:40:55Z
2026-09-21,BASCM,11.9,11.9,10.75,10.75,150543,yahoo,kapanis,2026-09-21T15:40:55Z
2026-09-21,BASGZ,41.62,43.5,39.54,41.66,461569,yahoo,kapanis,2026-09-21T15:40:55Z
2026-09-21,BAYRK,3.4,3.45,3.15,3.26,9440942,yahoo,kapanis,2026-09-21T15:40:55Z
2026-09-21,BEGYO,2.83,2.84,2.63,2.73,6011580,yahoo,kapanis,2026-09-21T15:40:55Z
2026-09-21,BERA,12.1,12.12,11.5,11.91,7777569,yahoo,kapanis,2026-09-21T15:40:55Z
2026-09-21,BESLR,11.94,11.94,11.28,11.57,2890379,yahoo,kapanis,2026-09-21T15:40:55Z
2026-09-21,BESTE,24.22,24.9,22.66,24.2,5845835,yahoo,kapanis,2026-09-21T15:40:55Z
2026-09-21,BETAE,61.2,63.65,55.35,61.2,14857300,yahoo,kapanis,2026-09-21T15:40:55Z
2026-09-21,BEYAZ,20.4,20.4,18.39,19.38,807045,yahoo,kapanis,2026-09-21T15:40:55Z
2026-09-21,BFREN,117,117,109.7,113,237736,yahoo,kapanis,2026-09-21T15:40:55Z
2026-09-21,BIENY,17.22,17.23,16,16.73,2147878,yahoo,kapanis,2026-09-21T15:40:55Z
2026-09-21,BIGCH,4.04,4.26,4.04,4.13,3755955,yahoo,kapanis,2026-09-21T15:40:55Z
2026-09-21,BIGEN,103.1,103.1,103.1,103.1,46530,yahoo,kapanis,2026-09-21T15:40:55Z
2026-09-21,BIGTK,201.3,201.3,201.3,201.3,7388,yahoo,kapanis,2026-09-21T15:40:55Z
2026-09-21,BIMAS,420.75,433.5,410.75,433,15001826,yahoo,kapanis,2026-09-21T15:40:55Z
2026-09-21,BINBN,122.3,122.3,122.3,122.3,14812,yahoo,kapanis,2026-09-21T15:40:55Z
2026-09-21,BINHO,6.35,6.35,6.35,6.35,2117254,yahoo,kapanis,2026-09-21T15:40:55Z
2026-09-21,BIOEN,13.2,13.97,12.99,12.99,2246862,yahoo,kapanis,2026-09-21T15:40:55Z
2026-09-21,BIZIM,21.38,21.38,20.18,21.04,262137,yahoo,kapanis,2026-09-21T15:40:55Z
2026-09-21,BJKAS,1.73,1.73,1.73,1.73,17721941,yahoo,kapanis,2026-09-21T15:40:55Z
2026-09-21,BKRGY,6.58,6.6,6.04,6.48,22390581,yahoo,kapanis,2026-09-21T15:40:55Z
2026-09-21,BLCYT,1.7,1.7,1.55,1.66,19072482,yahoo,kapanis,2026-09-21T15:40:55Z
2026-09-21,BLUME,34.9,34.9,31.42,32.42,2666464,yahoo,kapanis,2026-09-21T15:40:55Z
2026-09-21,BMSCH,9.76,9.76,8.92,9.21,1582172,yahoo,kapanis,2026-09-21T15:40:55Z
2026-09-21,BMSTL,46.2,47,45.06,45.1,3098404,yahoo,kapanis,2026-09-21T15:40:55Z
2026-09-21,BNTAS,5.52,5.52,5.17,5.38,4904232,yahoo,kapanis,2026-09-21T15:40:55Z
2026-09-21,BOBET,17.25,17.25,16.33,16.9,3774059,yahoo,kapanis,2026-09-21T15:40:55Z
2026-09-21,BORLS,2.28,2.29,2.07,2.15,28770950,yahoo,kapanis,2026-09-21T15:40:55Z
2026-09-21,BORSK,5.74,5.86,5.33,5.55,9566706,yahoo,kapanis,2026-09-21T15:40:55Z
2026-09-21,BOSSA,7.03,7.17,6.8,6.96,8529653,yahoo,kapanis,2026-09-21T15:40:55Z
2026-09-21,BRISA,73,73.2,69.55,71.25,274478,yahoo,kapanis,2026-09-21T15:40:55Z
2026-09-21,BRKO,7.49,7.49,7.49,7.49,185737,yahoo,kapanis,2026-09-21T15:40:55Z
2026-09-21,BRKSN,6.86,6.9,6.5,6.62,495856,yahoo,kapanis,2026-09-21T15:40:55Z
2026-09-21,BRKVY,63.05,63.05,58.25,61,387181,yahoo,kapanis,2026-09-21T15:40:55Z
2026-09-21,BRLSM,14.29,14.29,12.94,13.66,7885468,yahoo,kapanis,2026-09-21T15:40:55Z
2026-09-21,BRMEN,8.05,8.05,7.94,7.94,288903,yahoo,kapanis,2026-09-21T15:40:55Z
2026-09-21,BRSAN,653,662,635.5,659,1451063,yahoo,kapanis,2026-09-21T15:40:55Z
2026-09-21,BRYAT,1547,1572,1481,1532,72275,yahoo,kapanis,2026-09-21T15:40:55Z
2026-09-21,BSOKE,12.88,12.88,12.88,12.88,286961,yahoo,kapanis,2026-09-21T15:40:55Z
2026-09-21,BTCIM,2.7,2.77,2.62,2.62,91065085,yahoo,kapanis,2026-09-21T15:40:55Z
2026-09-21,BUCIM,5.05,5.07,4.85,5.04,6709824,yahoo,kapanis,2026-09-21T15:40:55Z
2026-09-21,BULGS,18.96,18.96,18.96,18.96,53886,yahoo,kapanis,2026-09-21T15:40:55Z
2026-09-21,BURCE,28,28.06,26.26,26.84,1110396,yahoo,kapanis,2026-09-21T15:40:55Z
2026-09-21,BURVA,508.5,547,508.5,508.5,34587,yahoo,kapanis,2026-09-21T15:40:55Z
2026-09-21,BVSAN,88.75,89,82,85.7,1199277,yahoo,kapanis,2026-09-21T15:40:55Z
2026-09-21,BYDNR,25.5,25.5,22.98,22.98,384942,yahoo,kapanis,2026-09-21T15:40:55Z
2026-09-21,CANTE,1.22,1.22,1.11,1.11,534681916,yahoo,kapanis,2026-09-21T15:40:55Z
2026-09-21,CASA,54.3,54.3,54.3,54.3,49993,yahoo,kapanis,2026-09-21T15:40:55Z
2026-09-21,CATES,41.38,41.38,41.38,41.38,80872,yahoo,kapanis,2026-09-21T15:40:55Z
2026-09-21,CCOLA,81,81,77.95,80.1,4668752,yahoo,kapanis,2026-09-21T15:40:55Z
2026-09-21,CELHA,26,26,23.7,24.4,2309394,yahoo,kapanis,2026-09-21T15:40:55Z
2026-09-21,CEMAS,3.37,3.37,3.17,3.26,11891647,yahoo,kapanis,2026-09-21T15:40:55Z
2026-09-21,CEMTS,7.75,7.91,7.42,7.75,1914102,yahoo,kapanis,2026-09-21T15:40:55Z
2026-09-21,CEMZY,10.37,10.37,10.37,10.37,440775,yahoo,kapanis,2026-09-21T15:40:55Z
2026-09-21,CEOEM,30.22,31.24,27.2,30.42,4783543,yahoo,kapanis,2026-09-21T15:40:55Z
2026-09-21,CGCAM,24.78,24.78,22.4,23.2,4066270,yahoo,kapanis,2026-09-21T15:40:55Z
2026-09-21,CIMSA,41.04,42.16,40.46,41.72,8297129,yahoo,kapanis,2026-09-21T15:40:55Z
2026-09-21,CITAS,104.4,104.4,104.4,104.4,248151,yahoo,kapanis,2026-09-21T15:40:55Z
2026-09-21,CLEBI,1376,1419,1349,1418,39963,yahoo,kapanis,2026-09-21T15:40:55Z
2026-09-21,CMBTN,1465,1470,1331,1400,19598,yahoo,kapanis,2026-09-21T15:40:55Z
2026-09-21,CMENT,222.8,222.8,208.8,211.1,10340,yahoo,kapanis,2026-09-21T15:40:55Z
2026-09-21,CONSE,1.92,1.99,1.73,1.83,24322911,yahoo,kapanis,2026-09-21T15:40:55Z
2026-09-21,COSMO,96.95,96.95,90.9,93.3,75613,yahoo,kapanis,2026-09-21T15:40:55Z
2026-09-21,CRDFA,15.16,15.16,15.16,15.16,60491,yahoo,kapanis,2026-09-21T15:40:55Z
2026-09-21,CRFSA,235.5,247.8,226.3,247.4,1735662,yahoo,kapanis,2026-09-21T15:40:55Z
2026-09-21,CUSAN,20.6,20.6,18.92,19.54,525306,yahoo,kapanis,2026-09-21T15:40:55Z
2026-09-21,CVKMD,13.52,13.76,12.34,13.3,36714678,yahoo,kapanis,2026-09-21T15:40:55Z
2026-09-21,CWENE,23.56,23.78,22.02,23.4,28985097,yahoo,kapanis,2026-09-21T15:40:55Z
2026-09-21,DAGI,6.15,6.3,6.06,6.06,2209399,yahoo,kapanis,2026-09-21T15:40:55Z
2026-09-21,DAPGM,5,5.5,5,5.16,150236445,yahoo,kapanis,2026-09-21T15:40:55Z
2026-09-21,DARDL,1.32,1.32,1.23,1.28,14615500,yahoo,kapanis,2026-09-21T15:40:55Z
2026-09-21,DCTTR,3.89,4.2,3.87,4,14780857,yahoo,kapanis,2026-09-21T15:40:55Z
2026-09-21,DENGE,2.21,2.22,2,2.03,37666013,yahoo,kapanis,2026-09-21T15:40:55Z
2026-09-21,DERHL,1.74,1.74,1.6,1.67,11944077,yahoo,kapanis,2026-09-21T15:40:55Z
2026-09-21,DERIM,29.5,29.82,27,29.82,473334,yahoo,kapanis,2026-09-21T15:40:55Z
2026-09-21,DESA,8.92,8.93,8.48,8.85,2412964,yahoo,kapanis,2026-09-21T15:40:55Z
2026-09-21,DESPC,33.5,33.52,31.16,32.16,467417,yahoo,kapanis,2026-09-21T15:40:55Z
2026-09-21,DEVA,97.5,97.5,93.9,96.7,569070,yahoo,kapanis,2026-09-21T15:40:55Z
2026-09-21,DGATE,64.6,69.9,64.6,64.6,151261,yahoo,kapanis,2026-09-21T15:40:55Z
2026-09-21,DGGYO,28.76,28.76,26.2,27.6,118547,yahoo,kapanis,2026-09-21T15:40:55Z
2026-09-21,DGNMO,5.29,5.74,5.29,5.29,1311612,yahoo,kapanis,2026-09-21T15:40:55Z
2026-09-21,DIRIT,22,22,20.8,20.8,67800,yahoo,kapanis,2026-09-21T15:40:55Z
2026-09-21,DITAS,10.99,10.99,10.99,10.99,64651,yahoo,kapanis,2026-09-21T15:40:55Z
2026-09-21,DMRGD,10.45,10.65,10.03,10.03,24313842,yahoo,kapanis,2026-09-21T15:40:55Z
2026-09-21,DMSAS,6.15,6.15,5.53,5.53,3730884,yahoo,kapanis,2026-09-21T15:40:55Z
2026-09-21,DNISI,4.4,4.4,4.06,4.15,3595358,yahoo,kapanis,2026-09-21T15:40:55Z
2026-09-21,DOAS,154.6,154.9,149.6,154.5,1027553,yahoo,kapanis,2026-09-21T15:40:55Z
2026-09-21,DOCO,10192.5,10682.5,10192.5,10630,7605,yahoo,kapanis,2026-09-21T15:40:55Z
2026-09-21,DOFER,23.84,23.84,22.22,23.4,640717,yahoo,kapanis,2026-09-21T15:40:55Z
2026-09-21,DOFRB,88.9,89.3,80.5,82.25,4898013,yahoo,kapanis,2026-09-21T15:40:55Z
2026-09-21,DOGUB,39.18,39.18,39.18,39.18,31819,yahoo,kapanis,2026-09-21T15:40:55Z
2026-09-21,DOHOL,20.2,20.26,19.42,19.84,15480714,yahoo,kapanis,2026-09-21T15:40:55Z
2026-09-21,DOKTA,20.14,20.16,18.95,19.21,602201,yahoo,kapanis,2026-09-21T15:40:55Z
2026-09-21,DSTKF,1786,1786,1786,1786,15935,yahoo,kapanis,2026-09-21T15:40:55Z
2026-09-21,DUNYH,67.85,67.85,67.85,67.85,11071,yahoo,kapanis,2026-09-21T15:40:55Z
2026-09-21,DURDO,4.71,4.71,4.23,4.25,4585973,yahoo,kapanis,2026-09-21T15:40:55Z
2026-09-21,DURKN,14.06,14.58,13.5,13.5,1235982,yahoo,kapanis,2026-09-21T15:40:55Z
2026-09-21,DYOBY,11.33,11.48,10.6,11.22,3017187,yahoo,kapanis,2026-09-21T15:40:55Z
2026-09-21,DZGYO,7.08,7.09,6.39,6.71,8569526,yahoo,kapanis,2026-09-21T15:40:55Z
2026-09-21,EBEBK,80.65,81.25,78.4,80.9,525528,yahoo,kapanis,2026-09-21T15:40:55Z
2026-09-21,ECILC,60,60,54.8,57.4,7485548,yahoo,kapanis,2026-09-21T15:40:55Z
2026-09-21,ECOGR,32.5,33.1,29.94,30.44,5356502,yahoo,kapanis,2026-09-21T15:40:55Z
2026-09-21,ECZYT,227.9,227.9,211.5,211.5,361134,yahoo,kapanis,2026-09-21T15:40:55Z
2026-09-21,EDATA,11.22,11.22,11.22,11.22,385023,yahoo,kapanis,2026-09-21T15:40:55Z
2026-09-21,EDIP,30,31.38,29.32,30.8,909202,yahoo,kapanis,2026-09-21T15:40:55Z
2026-09-21,EFOR,19,19.08,17.46,17.59,81357707,yahoo,kapanis,2026-09-21T15:40:55Z
2026-09-21,EGEEN,5125,5125,4712.5,4712.5,28036,yahoo,kapanis,2026-09-21T15:40:55Z
2026-09-21,EGEGY,14.69,17.95,14.69,14.69,14781669,yahoo,kapanis,2026-09-21T15:40:55Z
2026-09-21,EGEPO,6.85,8.04,6.85,7.16,4838537,yahoo,kapanis,2026-09-21T15:40:55Z
2026-09-21,EGGUB,101.5,101.6,95.7,99,550668,yahoo,kapanis,2026-09-21T15:40:55Z
2026-09-21,EGPRO,32.84,34.44,32.34,33.88,1499190,yahoo,kapanis,2026-09-21T15:40:55Z
2026-09-21,EGSER,2.69,2.69,2.49,2.6,3576040,yahoo,kapanis,2026-09-21T15:40:55Z
2026-09-21,EKDMR,36.94,37.22,34.16,35.34,8317856,yahoo,kapanis,2026-09-21T15:40:55Z
2026-09-21,EKGYO,19,19.34,18.47,19.2,166749752,yahoo,kapanis,2026-09-21T15:40:55Z
2026-09-21,EKIM,15.01,15.52,14.31,14.64,12522731,yahoo,kapanis,2026-09-21T15:40:55Z
2026-09-21,EKIZ,48,48,45,45,41007,yahoo,kapanis,2026-09-21T15:40:55Z
2026-09-21,EKOS,3.9,3.93,3.7,3.91,9162385,yahoo,kapanis,2026-09-21T15:40:55Z
2026-09-21,EKSUN,4.24,4.55,4.21,4.41,4757359,yahoo,kapanis,2026-09-21T15:40:55Z
2026-09-21,ELITE,22.18,22.18,20.18,21.3,1648353,yahoo,kapanis,2026-09-21T15:40:55Z
2026-09-21,EMKEL,9.91,9.94,9.13,9.13,2277897,yahoo,kapanis,2026-09-21T15:40:55Z
2026-09-21,EMNIS,131.6,135,130,135,14271,yahoo,kapanis,2026-09-21T15:40:55Z
2026-09-21,EMPAE,52.6,54.35,48,51.6,5726240,yahoo,kapanis,2026-09-21T15:40:55Z
2026-09-21,ENDAE,14.6,14.76,13.42,14.63,4069292,yahoo,kapanis,2026-09-21T15:40:55Z
2026-09-21,ENERY,12.84,12.93,11.84,11.84,115318696,yahoo,kapanis,2026-09-21T15:40:55Z
2026-09-21,ENJSA,108,109.5,104.3,109,3557504,yahoo,kapanis,2026-09-21T15:40:55Z
2026-09-21,ENKAI,86,86.7,83.3,86.3,17357640,yahoo,kapanis,2026-09-21T15:40:55Z
2026-09-21,ENPRA,47.8,47.8,43.02,43.56,78630,yahoo,kapanis,2026-09-21T15:40:55Z
2026-09-21,ENSRI,3.36,3.47,3.27,3.47,14580798,yahoo,kapanis,2026-09-21T15:40:55Z
2026-09-21,ENTRA,3.98,4.01,3.83,3.98,15639246,yahoo,kapanis,2026-09-21T15:40:55Z
2026-09-21,EPLAS,5.49,5.55,5.15,5.39,6042711,yahoo,kapanis,2026-09-21T15:40:55Z
2026-09-21,ERBOS,120.1,124.5,119.7,123.7,70386,yahoo,kapanis,2026-09-21T15:40:55Z
2026-09-21,ERCB,39.36,41,38.5,38.92,2378721,yahoo,kapanis,2026-09-21T15:40:55Z
2026-09-21,EREGL,36.38,37.38,35.46,37.38,162933285,yahoo,kapanis,2026-09-21T15:40:55Z
2026-09-21,ERSU,15.72,16.48,15.72,15.72,454340,yahoo,kapanis,2026-09-21T15:40:55Z
2026-09-21,ESCAR,30.26,30.26,30.26,30.26,5941,yahoo,kapanis,2026-09-21T15:40:55Z
2026-09-21,ESCOM,4.47,4.58,4.14,4.58,27586770,yahoo,kapanis,2026-09-21T15:40:55Z
2026-09-21,ESEN,3,3,2.8,2.91,31839629,yahoo,kapanis,2026-09-21T15:40:55Z
2026-09-21,ETILR,5.55,5.95,5.03,5.8,9656597,yahoo,kapanis,2026-09-21T15:40:55Z
2026-09-21,ETYAT,8.41,8.41,8.41,8.41,542200,yahoo,kapanis,2026-09-21T15:40:55Z
2026-09-21,EUHOL,7.37,7.37,6.7,7.21,713974,yahoo,kapanis,2026-09-21T15:40:55Z
2026-09-21,EUKYO,11.26,11.26,11.26,11.26,254300,yahoo,kapanis,2026-09-21T15:40:55Z
2026-09-21,EUPWR,61.85,65.65,57.05,64.5,33410976,yahoo,kapanis,2026-09-21T15:40:55Z
2026-09-21,EUREN,3.23,3.24,3.01,3.13,33867359,yahoo,kapanis,2026-09-21T15:40:55Z
2026-09-21,EUYO,3.7,3.87,3.69,3.69,1123309,yahoo,kapanis,2026-09-21T15:40:55Z
2026-09-21,EYGYO,2.15,2.25,2.03,2.22,18192937,yahoo,kapanis,2026-09-21T15:40:55Z
2026-09-21,FADE,12.72,12.76,11.72,12.11,1847547,yahoo,kapanis,2026-09-21T15:40:55Z
2026-09-21,FENER,2.62,2.65,2.57,2.58,96573222,yahoo,kapanis,2026-09-21T15:40:55Z
2026-09-21,FLAP,11.75,11.82,10.62,11.41,1714149,yahoo,kapanis,2026-09-21T15:40:55Z
2026-09-21,FMIZP,265.75,265.75,245.5,260,99118,yahoo,kapanis,2026-09-21T15:40:55Z
2026-09-21,FONET,4.06,4.12,3.73,4.08,20503255,yahoo,kapanis,2026-09-21T15:40:55Z
2026-09-21,FORMT,1.19,1.19,1.09,1.18,30586341,yahoo,kapanis,2026-09-21T15:40:55Z
2026-09-21,FORTE,95.85,98.6,91.45,97.2,1197925,yahoo,kapanis,2026-09-21T15:40:55Z
2026-09-21,FRIGO,1.88,1.88,1.71,1.71,16153651,yahoo,kapanis,2026-09-21T15:40:55Z
2026-09-21,FRMPL,25.7,25.7,23.46,23.9,3358657,yahoo,kapanis,2026-09-21T15:40:55Z
2026-09-21,FROTO,75.8,77.85,75,77.85,24698590,yahoo,kapanis,2026-09-21T15:40:55Z
2026-09-21,FZLGY,7.46,7.46,7.46,7.46,584058,yahoo,kapanis,2026-09-21T15:40:55Z
2026-09-21,GARAN,130,133.1,128.3,133.1,39899191,yahoo,kapanis,2026-09-21T15:40:55Z
2026-09-21,GARFA,24.62,24.7,23.62,24.3,596150,yahoo,kapanis,2026-09-21T15:40:55Z
2026-09-21,GATEG,196.4,196.4,196.4,196.4,3592,yahoo,kapanis,2026-09-21T15:40:55Z
2026-09-21,GEDIK,5.25,5.77,5.18,5.33,34755679,yahoo,kapanis,2026-09-21T15:40:55Z
2026-09-21,GEDZA,24.8,24.8,23,23.8,535166,yahoo,kapanis,2026-09-21T15:40:55Z
2026-09-21,GENIL,7.77,7.8,7.35,7.35,17890710,yahoo,kapanis,2026-09-21T15:40:55Z
2026-09-21,GENKM,8.31,8.39,7.94,8.06,11475378,yahoo,kapanis,2026-09-21T15:40:55Z
2026-09-21,GENTS,4.69,4.69,4.36,4.46,5430501,yahoo,kapanis,2026-09-21T15:40:55Z
2026-09-21,GEREL,24.28,26,24.28,25.78,11248959,yahoo,kapanis,2026-09-21T15:40:55Z
2026-09-21,GESAN,47,47.16,43.54,45.54,31854871,yahoo,kapanis,2026-09-21T15:40:55Z
2026-09-21,GIPTA,45,45,45,45,79998,yahoo,kapanis,2026-09-21T15:40:55Z
2026-09-21,GLBMD,9.75,9.87,9.38,9.73,165050,yahoo,kapanis,2026-09-21T15:40:55Z
2026-09-21,GLCVY,46.5,48.12,44.86,46.12,1082404,yahoo,kapanis,2026-09-21T15:40:55Z
2026-09-21,GLRMK,140,144.8,126.1,140.4,9845024,yahoo,kapanis,2026-09-21T15:40:55Z
2026-09-21,GLRYH,2.03,2.06,1.97,1.97,11247527,yahoo,kapanis,2026-09-21T15:40:55Z
2026-09-21,GLYHO,15.33,15.52,14.64,15.52,5255997,yahoo,kapanis,2026-09-21T15:40:55Z
2026-09-21,GMTAS,40.9,46,40.9,46,11172698,yahoo,kapanis,2026-09-21T15:40:55Z
2026-09-21,GOKNR,17.22,17.39,15.75,15.75,4338884,yahoo,kapanis,2026-09-21T15:40:55Z
2026-09-21,GOLDA,9.85,9.95,9.16,9.83,10870634,yahoo,kapanis,2026-09-21T15:40:55Z
2026-09-21,GOLTS,268.5,268.5,251.25,259.25,190557,yahoo,kapanis,2026-09-21T15:40:55Z
2026-09-21,GOODY,2.43,2.43,2.26,2.32,10082975,yahoo,kapanis,2026-09-21T15:40:55Z
2026-09-21,GOZDE,20.2,20.28,18.8,19.72,1790848,yahoo,kapanis,2026-09-21T15:40:55Z
2026-09-21,GRNYO,8.92,8.92,8.92,8.92,409425,yahoo,kapanis,2026-09-21T15:40:55Z
2026-09-21,GRSEL,265,292.5,252,267.75,667946,yahoo,kapanis,2026-09-21T15:40:55Z
2026-09-21,GRTHO,144.7,144.7,144.7,144.7,26186,yahoo,kapanis,2026-09-21T15:40:55Z
2026-09-21,GSDDE,12.75,12.76,11.84,12.2,3374020,yahoo,kapanis,2026-09-21T15:40:55Z
2026-09-21,GSDHO,4.18,4.18,3.98,4.07,11242025,yahoo,kapanis,2026-09-21T15:40:55Z
2026-09-21,GSRAY,0.91,0.94,0.88,0.91,198009995,yahoo,kapanis,2026-09-21T15:40:55Z
2026-09-21,GUBRF,437.5,444.5,423.25,443.5,4173252,yahoo,kapanis,2026-09-21T15:40:55Z
2026-09-21,GUNDG,482,482,482,482,396,yahoo,kapanis,2026-09-21T15:40:55Z
2026-09-21,GWIND,21.38,21.38,20.32,20.8,3400406,yahoo,kapanis,2026-09-21T15:40:55Z
2026-09-21,GZNMI,38.7,39.44,36.54,37.8,1252672,yahoo,kapanis,2026-09-21T15:40:55Z
2026-09-21,HALKB,46.54,48.32,46.44,47.24,49091289,yahoo,kapanis,2026-09-21T15:40:55Z
2026-09-21,HATEK,11.53,11.58,10.54,10.95,971857,yahoo,kapanis,2026-09-21T15:40:55Z
2026-09-21,HATSN,39.42,39.42,39.42,39.42,819489,yahoo,kapanis,2026-09-21T15:40:55Z
2026-09-21,HDFGS,1.38,1.38,1.38,1.38,2039781,yahoo,kapanis,2026-09-21T15:40:55Z
2026-09-21,HEDEF,17.42,17.42,17.42,17.42,94748,yahoo,kapanis,2026-09-21T15:40:55Z
2026-09-21,HEKTS,2.34,2.34,2.26,2.27,308866170,yahoo,kapanis,2026-09-21T15:40:55Z
2026-09-21,HKTM,11.03,11.38,10.59,10.81,3788909,yahoo,kapanis,2026-09-21T15:40:55Z
2026-09-21,HLGYO,4.04,4.04,3.88,3.97,30609689,yahoo,kapanis,2026-09-21T15:40:55Z
2026-09-21,HOROZ,46.74,46.74,43.84,45.92,771389,yahoo,kapanis,2026-09-21T15:40:55Z
2026-09-21,HRKET,5.72,6.91,5.7,6.91,65835202,yahoo,kapanis,2026-09-21T15:40:55Z
2026-09-21,HTTBT,30.62,31.22,29.2,30.74,753678,yahoo,kapanis,2026-09-21T15:40:55Z
2026-09-21,HUBVC,1.9,1.9,1.72,1.76,3367165,yahoo,kapanis,2026-09-21T15:40:55Z
2026-09-21,HUNER,3.87,3.95,3.57,3.86,67085284,yahoo,kapanis,2026-09-21T15:40:55Z
2026-09-21,HURGZ,6.62,6.76,6.14,6.49,7989337,yahoo,kapanis,2026-09-21T15:40:55Z
2026-09-21,ICBCT,17.11,17.11,16.04,16.62,1407288,yahoo,kapanis,2026-09-21T15:40:55Z
2026-09-21,ICUGS,2.34,2.34,2.34,2.34,977760,yahoo,kapanis,2026-09-21T15:40:55Z
2026-09-21,IDGYO,2.5,2.54,2.41,2.45,964301,yahoo,kapanis,2026-09-21T15:40:55Z
2026-09-21,IEYHO,151,151,151,151,4607,yahoo,kapanis,2026-09-21T15:40:55Z
2026-09-21,IHAAS,41.5,41.54,37.4,37.4,179459,yahoo,kapanis,2026-09-21T15:40:55Z
2026-09-21,IHEVA,1.75,1.75,1.61,1.67,1632899,yahoo,kapanis,2026-09-21T15:40:55Z
2026-09-21,IHGZT,1.07,1.12,1.02,1.05,47333536,yahoo,kapanis,2026-09-21T15:40:55Z
2026-09-21,IHLAS,1,1.01,0.92,0.97,177984824,yahoo,kapanis,2026-09-21T15:40:55Z
2026-09-21,IHLGM,1.43,1.43,1.33,1.37,25716098,yahoo,kapanis,2026-09-21T15:40:55Z
2026-09-21,IHYAY,1.09,1.09,0.99,1.07,3167578,yahoo,kapanis,2026-09-21T15:40:55Z
2026-09-21,IMASM,1.85,1.85,1.76,1.78,30243380,yahoo,kapanis,2026-09-21T15:40:55Z
2026-09-21,INDES,10.4,10.71,9.91,10.5,10800401,yahoo,kapanis,2026-09-21T15:40:55Z
2026-09-21,INFO,1.61,1.61,1.61,1.61,1166963,yahoo,kapanis,2026-09-21T15:40:55Z
2026-09-21,INGRM,325,325,305.5,318.5,64968,yahoo,kapanis,2026-09-21T15:40:55Z
2026-09-21,INTEK,181,181,172.8,172.8,14531,yahoo,kapanis,2026-09-21T15:40:55Z
2026-09-21,INTEM,213.5,219.9,203.8,213,66161,yahoo,kapanis,2026-09-21T15:40:55Z
2026-09-21,INTET,46.54,51.7,42.34,51.7,25428746,yahoo,kapanis,2026-09-21T15:40:55Z
2026-09-21,INVEO,6.35,6.89,6.27,6.36,14853780,yahoo,kapanis,2026-09-21T15:40:55Z
2026-09-21,INVES,795,795,732,748.5,54590,yahoo,kapanis,2026-09-21T15:40:55Z
2026-09-21,ISBIR,64,64,63,63,31762,yahoo,kapanis,2026-09-21T15:40:55Z
2026-09-21,ISBTR,445002.5,446500,444997.5,446500,11,yahoo,kapanis,2026-09-21T15:40:55Z
2026-09-21,ISCTR,13.24,13.57,13.07,13.56,624369012,yahoo,kapanis,2026-09-21T15:40:55Z
2026-09-21,ISDMR,60.65,63.9,58.5,62.4,3383512,yahoo,kapanis,2026-09-21T15:40:55Z
2026-09-21,ISFIN,18.42,19,17.69,18.85,2821417,yahoo,kapanis,2026-09-21T15:40:55Z
2026-09-21,ISGYO,23,24.98,22.04,24.1,3337289,yahoo,kapanis,2026-09-21T15:40:55Z
2026-09-21,ISKPL,4.27,4.27,4.27,4.27,2966354,yahoo,kapanis,2026-09-21T15:40:55Z
2026-09-21,ISMEN,33.66,34.04,32.92,33.66,7197991,yahoo,kapanis,2026-09-21T15:40:55Z
2026-09-21,ISSEN,6.18,6.18,5.8,5.98,866155,yahoo,kapanis,2026-09-21T15:40:55Z
2026-09-21,ISVEA,63.8,63.8,63.8,63.8,9679,yahoo,kapanis,2026-09-21T15:40:55Z
2026-09-21,IZENR,4.34,4.34,4.34,4.34,3417449,yahoo,kapanis,2026-09-21T15:40:55Z
2026-09-21,IZFAS,33.48,33.48,33.48,33.48,68836,yahoo,kapanis,2026-09-21T15:40:55Z
2026-09-21,IZINV,37.02,37.2,34.58,36.58,269948,yahoo,kapanis,2026-09-21T15:40:55Z
2026-09-21,IZMDC,7.33,7.35,6.73,7,16518789,yahoo,kapanis,2026-09-21T15:40:55Z
2026-09-21,JANTS,15.1,15.1,14.3,14.85,2823472,yahoo,kapanis,2026-09-21T15:40:55Z
2026-09-21,KAPLM,220,220,220,220,8678,yahoo,kapanis,2026-09-21T15:40:55Z
2026-09-21,KARCL,153,153,153,153,34825,yahoo,kapanis,2026-09-21T15:40:55Z
2026-09-21,KAREL,6.45,6.76,5.96,6.08,21574238,yahoo,kapanis,2026-09-21T15:40:55Z
2026-09-21,KARSN,8.7,9.36,8.54,9.15,64733458,yahoo,kapanis,2026-09-21T15:40:55Z
2026-09-21,KARTN,122.3,123,113.1,113.1,242408,yahoo,kapanis,2026-09-21T15:40:55Z
2026-09-21,KATMR,1.61,1.61,1.52,1.58,83860634,yahoo,kapanis,2026-09-21T15:40:55Z
2026-09-21,KAYSE,3.56,3.57,3.31,3.4,14060708,yahoo,kapanis,2026-09-21T15:40:55Z
2026-09-21,KBORU,11.46,11.46,11.46,11.46,1179238,yahoo,kapanis,2026-09-21T15:40:55Z
2026-09-21,KCAER,11.8,11.8,10.75,10.87,22271110,yahoo,kapanis,2026-09-21T15:40:55Z
2026-09-21,KCHOL,214.7,222.3,211.1,222.3,33421800,yahoo,kapanis,2026-09-21T15:40:55Z
2026-09-21,KENT,310,310,294,305.75,9138,yahoo,kapanis,2026-09-21T15:40:55Z
2026-09-21,KERVN,6.25,6.95,6.24,6.95,1783597,yahoo,kapanis,2026-09-21T15:40:55Z
2026-09-21,KFEIN,6.11,6.5,6.11,6.38,4128924,yahoo,kapanis,2026-09-21T15:40:55Z
2026-09-21,KGYO,11.78,11.78,10.62,10.62,7572989,yahoo,kapanis,2026-09-21T15:40:55Z
2026-09-21,KIMMR,11.46,11.53,10.9,11.52,998012,yahoo,kapanis,2026-09-21T15:40:55Z
2026-09-21,KLGYO,4.05,4.13,3.87,4.05,10510456,yahoo,kapanis,2026-09-21T15:40:55Z
2026-09-21,KLKIM,23.12,23.62,22.5,23.38,1773604,yahoo,kapanis,2026-09-21T15:40:55Z
2026-09-21,KLMSN,23.86,23.86,21.88,22.98,895945,yahoo,kapanis,2026-09-21T15:40:55Z
2026-09-21,KLNMA,8.5,8.5,8.31,8.37,245777,yahoo,kapanis,2026-09-21T15:40:55Z
2026-09-21,KLRHO,38.12,38.12,38.12,38.12,168337,yahoo,kapanis,2026-09-21T15:40:55Z
2026-09-21,KLSER,20.54,20.54,19.52,20.1,1169981,yahoo,kapanis,2026-09-21T15:40:55Z
2026-09-21,KLSYN,12.84,13.6,12.54,13.4,1745626,yahoo,kapanis,2026-09-21T15:40:55Z
2026-09-21,KLYPV,56,57,50.75,57,3880017,yahoo,kapanis,2026-09-21T15:40:55Z
2026-09-21,KMPUR,15.99,15.99,14.9,15.34,1599546,yahoo,kapanis,2026-09-21T15:40:55Z
2026-09-21,KNFRT,11.3,11.3,10.11,10.33,2831070,yahoo,kapanis,2026-09-21T15:40:55Z
2026-09-21,KOCMT,2.78,2.78,2.78,2.78,2052035,yahoo,kapanis,2026-09-21T15:40:55Z
2026-09-21,KONKA,8.15,8.15,7.57,7.65,3063065,yahoo,kapanis,2026-09-21T15:40:55Z
2026-09-21,KONTR,2.56,2.56,2.56,2.56,5602533,yahoo,kapanis,2026-09-21T15:40:55Z
2026-09-21,KONYA,3890,3890,3467.5,3572.5,40686,yahoo,kapanis,2026-09-21T15:40:55Z
2026-09-21,KOPOL,3.45,3.66,3.39,3.66,23624437,yahoo,kapanis,2026-09-21T15:40:55Z
2026-09-21,KORDS,3.05,3.13,2.92,3.07,26724945,yahoo,kapanis,2026-09-21T15:40:55Z
2026-09-21,KOTON,11.31,11.31,10.78,10.92,1880943,yahoo,kapanis,2026-09-21T15:40:55Z
2026-09-21,KPEKS,68.9,68.9,68.9,68.9,128487,yahoo,kapanis,2026-09-21T15:40:55Z
2026-09-21,KRDMA,44.42,44.48,41.28,43.98,8055606,yahoo,kapanis,2026-09-21T15:40:55Z
2026-09-21,KRDMB,88.35,88.35,79.5,79.5,1279752,yahoo,kapanis,2026-09-21T15:40:55Z
2026-09-21,KRDMD,44.02,45.8,42.84,45.4,47960735,yahoo,kapanis,2026-09-21T15:40:55Z
2026-09-21,KRGYO,2.83,3.28,2.72,3.22,26191378,yahoo,kapanis,2026-09-21T15:40:55Z
2026-09-21,KRONT,19.2,19.56,18.23,19.01,1525338,yahoo,kapanis,2026-09-21T15:40:55Z
2026-09-21,KRPLS,10.73,11.97,10.73,11.56,4745250,yahoo,kapanis,2026-09-21T15:40:55Z
2026-09-21,KRSTL,7.99,8.03,7.7,7.84,6785616,yahoo,kapanis,2026-09-21T15:40:55Z
2026-09-21,KRTEK,5.2,5.36,4.85,5.2,651988,yahoo,kapanis,2026-09-21T15:40:55Z
2026-09-21,KRVGD,2.04,2.07,1.97,2.03,6571839,yahoo,kapanis,2026-09-21T15:40:55Z
2026-09-21,KSTUR,2100,2100,2000,2100,552,yahoo,kapanis,2026-09-21T15:40:55Z
2026-09-21,KTLEV,20.04,20.04,20.04,20.04,3492818,yahoo,kapanis,2026-09-21T15:40:55Z
2026-09-21,KTSKR,64.5,64.55,59,60.75,589008,yahoo,kapanis,2026-09-21T15:40:55Z
2026-09-21,KUTPO,73,73,69.55,71.65,154115,yahoo,kapanis,2026-09-21T15:40:55Z
2026-09-21,KUVVA,127.8,127.8,127.8,127.8,22214,yahoo,kapanis,2026-09-21T15:40:55Z
2026-09-21,KUYAS,45.78,45.78,45.78,45.78,495740,yahoo,kapanis,2026-09-21T15:40:55Z
2026-09-21,KZBGY,1.47,1.48,1.37,1.42,72014231,yahoo,kapanis,2026-09-21T15:40:55Z
2026-09-21,KZGYO,18.24,18.24,18.24,18.24,196472,yahoo,kapanis,2026-09-21T15:40:55Z
2026-09-21,LIDER,14.22,14.22,14.22,14.22,265335,yahoo,kapanis,2026-09-21T15:40:55Z
2026-09-21,LIDFA,1.61,1.66,1.46,1.65,36378040,yahoo,kapanis,2026-09-21T15:40:55Z
2026-09-21,LILAK,26.02,27.24,25.2,26.1,4473323,yahoo,kapanis,2026-09-21T15:40:55Z
2026-09-21,LINK,4.1,4.13,3.86,4.09,25527334,yahoo,kapanis,2026-09-21T15:40:55Z
2026-09-21,LKMNH,12.49,12.49,11.88,12.14,1956624,yahoo,kapanis,2026-09-21T15:40:55Z
2026-09-21,LMKDC,22.04,23.28,21.22,22.38,7723943,yahoo,kapanis,2026-09-21T15:40:55Z
2026-09-21,LOGO,143.5,143.5,135.2,138.8,801144,yahoo,kapanis,2026-09-21T15:40:55Z
2026-09-21,LRSHO,2.08,2.14,1.95,2.1,25969538,yahoo,kapanis,2026-09-21T15:40:55Z
2026-09-21,LUKSK,68.1,69.25,64.75,68.15,88510,yahoo,kapanis,2026-09-21T15:40:55Z
2026-09-21,LXGYO,6.67,7.02,6.37,6.8,8265866,yahoo,kapanis,2026-09-21T15:40:55Z
2026-09-21,LYDHO,84.65,84.65,84.65,84.65,3643,yahoo,kapanis,2026-09-21T15:40:55Z
2026-09-21,LYDYE,8405,8405,8405,8405,125,yahoo,kapanis,2026-09-21T15:40:55Z
2026-09-21,MAALT,937,937,876,906.5,38253,yahoo,kapanis,2026-09-21T15:40:55Z
2026-09-21,MACKO,30.7,31.2,29.18,30.7,929642,yahoo,kapanis,2026-09-21T15:40:55Z
2026-09-21,MAGEN,24.52,24.52,24.52,24.52,9368273,yahoo,kapanis,2026-09-21T15:40:55Z
2026-09-21,MAKIM,12.7,12.76,11.7,12.31,749131,yahoo,kapanis,2026-09-21T15:40:55Z
2026-09-21,MAKTK,7.5,7.64,6.93,7.36,5680229,yahoo,kapanis,2026-09-21T15:40:55Z
2026-09-21,MANAS,21.96,21.96,21.96,21.96,27799,yahoo,kapanis,2026-09-21T15:40:55Z
2026-09-21,MARBL,10.4,10.4,9.6,9.98,2062854,yahoo,kapanis,2026-09-21T15:40:55Z
2026-09-21,MARMR,1.62,1.63,1.51,1.6,60542993,yahoo,kapanis,2026-09-21T15:40:55Z
2026-09-21,MARTI,2.01,2.01,2.01,2.01,997095,yahoo,kapanis,2026-09-21T15:40:55Z
2026-09-21,MASFN,36.52,38.42,35.96,37.58,9255988,yahoo,kapanis,2026-09-21T15:40:55Z
2026-09-21,MAVI,35.62,37.78,35.14,37.4,18217764,yahoo,kapanis,2026-09-21T15:40:55Z
2026-09-21,MCARD,100.5,107,100.5,100.5,3399084,yahoo,kapanis,2026-09-21T15:40:55Z
2026-09-21,MEDTR,19.99,19.99,19.06,19.98,380144,yahoo,kapanis,2026-09-21T15:40:55Z
2026-09-21,MEGAP,1.44,1.44,1.3,1.3,1480113,yahoo,kapanis,2026-09-21T15:40:55Z
2026-09-21,MEGMT,3.5,3.89,3.44,3.59,60740351,yahoo,kapanis,2026-09-21T15:40:55Z
2026-09-21,MEKAG,2.36,2.36,2.18,2.35,10262361,yahoo,kapanis,2026-09-21T15:40:55Z
2026-09-21,MEPET,18.37,19.3,17.5,18.1,512293,yahoo,kapanis,2026-09-21T15:40:55Z
2026-09-21,MERCN,15.26,15.3,13.93,14.2,8761487,yahoo,kapanis,2026-09-21T15:40:55Z
2026-09-21,MERIT,14.43,14.6,13.9,14.46,2302463,yahoo,kapanis,2026-09-21T15:40:55Z
2026-09-21,MERKO,1.02,1.04,0.98,1.02,31513855,yahoo,kapanis,2026-09-21T15:40:55Z
2026-09-21,METEN,17,18.18,17,17.94,19674803,yahoo,kapanis,2026-09-21T15:40:55Z
2026-09-21,METRO,6.53,6.78,6.08,6.48,15708462,yahoo,kapanis,2026-09-21T15:40:55Z
2026-09-21,MEYSU,8.2,8.69,7.62,8.28,22134873,yahoo,kapanis,2026-09-21T15:40:55Z
2026-09-21,MGROS,525,545,517,538,3910849,yahoo,kapanis,2026-09-21T15:40:55Z
2026-09-21,MHRGY,1.9,1.95,1.77,1.94,6758060,yahoo,kapanis,2026-09-21T15:40:55Z
2026-09-21,MIATK,22.78,22.78,22.78,22.78,1585104,yahoo,kapanis,2026-09-21T15:40:55Z
2026-09-21,MMCAS,25.54,25.54,25.54,25.54,11211,yahoo,kapanis,2026-09-21T15:40:55Z
2026-09-21,MNDRS,10.15,10.16,9.76,9.95,2020229,yahoo,kapanis,2026-09-21T15:40:55Z
2026-09-21,MNDTR,4.24,4.48,4.04,4.46,2841860,yahoo,kapanis,2026-09-21T15:40:55Z
2026-09-21,MOBTL,10.28,10.76,9.72,9.95,7683198,yahoo,kapanis,2026-09-21T15:40:55Z
2026-09-21,MOGAN,8.39,8.39,8.39,8.39,3161361,yahoo,kapanis,2026-09-21T15:40:55Z
2026-09-21,MOPAS,21.9,21.9,19.92,20.74,2402110,yahoo,kapanis,2026-09-21T15:40:55Z
2026-09-21,MPARK,432.25,439.25,428,439.25,641357,yahoo,kapanis,2026-09-21T15:40:55Z
2026-09-21,MRGYO,1.56,1.56,1.56,1.56,1131029,yahoo,kapanis,2026-09-21T15:40:55Z
2026-09-21,MRSHL,1540,1540,1405,1485,30472,yahoo,kapanis,2026-09-21T15:40:55Z
2026-09-21,MSGYO,5.14,5.19,4.89,5.07,1625266,yahoo,kapanis,2026-09-21T15:40:55Z
2026-09-21,MTRKS,23.6,23.88,22.04,23.06,1327945,yahoo,kapanis,2026-09-21T15:40:55Z
2026-09-21,MTRYO,8.69,9.33,7.86,9,921930,yahoo,kapanis,2026-09-21T15:40:55Z
2026-09-21,MZHLD,4.86,4.98,4.6,4.85,440172,yahoo,kapanis,2026-09-21T15:40:55Z
2026-09-21,NATEN,4.46,4.46,4.15,4.34,7795760,yahoo,kapanis,2026-09-21T15:40:55Z
2026-09-21,NETAS,81.45,81.45,73.7,78,1241348,yahoo,kapanis,2026-09-21T15:40:55Z
2026-09-21,NETCD,90.15,92.45,84.75,91,4954418,yahoo,kapanis,2026-09-21T15:40:55Z
2026-09-21,NETGL,33.94,33.94,33.94,33.94,12093302,yahoo,kapanis,2026-09-21T15:40:55Z
2026-09-21,NIBAS,3.37,3.37,3.1,3.3,10769741,yahoo,kapanis,2026-09-21T15:40:55Z
2026-09-21,NTGAZ,10.62,10.72,10.21,10.6,3937848,yahoo,kapanis,2026-09-21T15:40:55Z
2026-09-21,NTHOL,38.5,38.52,37.2,38.3,3040416,yahoo,kapanis,2026-09-21T15:40:55Z
2026-09-21,NUGYO,8.07,8.09,7.51,7.92,2666833,yahoo,kapanis,2026-09-21T15:40:55Z
2026-09-21,NUHCM,204.3,205.7,196,203.6,73484,yahoo,kapanis,2026-09-21T15:40:55Z
2026-09-21,OBAMS,4.35,4.35,4.17,4.25,31258932,yahoo,kapanis,2026-09-21T15:40:55Z
2026-09-21,OBASE,31.36,31.38,28.8,29.04,516785,yahoo,kapanis,2026-09-21T15:40:55Z
2026-09-21,ODAS,6.75,6.76,6.22,6.61,57626284,yahoo,kapanis,2026-09-21T15:40:55Z
2026-09-21,ODINE,416.25,416.25,416.25,416.25,11541,yahoo,kapanis,2026-09-21T15:40:55Z
2026-09-21,OFSYM,60.25,61.9,57.25,59.65,897515,yahoo,kapanis,2026-09-21T15:40:55Z
2026-09-21,ONCSM,104.1,104.1,104.1,104.1,94731,yahoo,kapanis,2026-09-21T15:40:55Z
2026-09-21,ONRYT,11.25,11.67,10.63,11.35,5443026,yahoo,kapanis,2026-09-21T15:40:55Z
2026-09-21,ORCAY,2.6,2.73,2.52,2.61,3182660,yahoo,kapanis,2026-09-21T15:40:55Z
2026-09-21,ORGE,21.94,22.76,21.12,22.42,5616825,yahoo,kapanis,2026-09-21T15:40:55Z
2026-09-21,ORMA,116.4,119.8,116.4,119.8,23865,yahoo,kapanis,2026-09-21T15:40:55Z
2026-09-21,ORZAX,71,76.4,68.75,75.35,4404845,yahoo,kapanis,2026-09-21T15:40:55Z
2026-09-21,OSMEN,5.79,5.83,5.34,5.5,3969289,yahoo,kapanis,2026-09-21T15:40:55Z
2026-09-21,OSTIM,1.37,1.41,1.31,1.39,15609716,yahoo,kapanis,2026-09-21T15:40:55Z
2026-09-21,OTKAR,304.5,304.5,292.25,302,297266,yahoo,kapanis,2026-09-21T15:40:55Z
2026-09-21,OTTO,89.4,98.6,89.4,94.45,340400,yahoo,kapanis,2026-09-21T15:40:55Z
2026-09-21,OYAKC,20.2,20.38,19.5,20.36,16810151,yahoo,kapanis,2026-09-21T15:40:55Z
2026-09-21,OYAYO,38.22,38.22,34.52,37.3,147785,yahoo,kapanis,2026-09-21T15:40:55Z
2026-09-21,OYLUM,5.96,6.84,5.64,6.36,1298126,yahoo,kapanis,2026-09-21T15:40:55Z
2026-09-21,OYYAT,26.16,28.34,26.16,28.1,965776,yahoo,kapanis,2026-09-21T15:40:55Z
2026-09-21,OZATD,3270,3270,3270,3270,86,yahoo,kapanis,2026-09-21T15:40:55Z
2026-09-21,OZGYO,1.8,1.81,1.67,1.75,15058143,yahoo,kapanis,2026-09-21T15:40:55Z
2026-09-21,OZKGY,12.02,12.08,11.59,12.06,4259488,yahoo,kapanis,2026-09-21T15:40:55Z
2026-09-21,OZRDN,23.32,25.2,23.32,23.32,84635,yahoo,kapanis,2026-09-21T15:40:55Z
2026-09-21,OZSUB,37.42,39.96,36.14,39.34,2125455,yahoo,kapanis,2026-09-21T15:40:55Z
2026-09-21,OZYSR,11.04,11.05,9.95,10.87,6335249,yahoo,kapanis,2026-09-21T15:40:55Z
2026-09-21,PAGYO,121,126.4,119.2,124.3,135288,yahoo,kapanis,2026-09-21T15:40:55Z
2026-09-21,PAHOL,1.05,1.06,0.95,1.02,442961191,yahoo,kapanis,2026-09-21T15:40:55Z
2026-09-21,PAMEL,52.85,53.85,50.25,52.9,348592,yahoo,kapanis,2026-09-21T15:40:55Z
2026-09-21,PAPIL,9.59,9.61,8.77,9.57,9256204,yahoo,kapanis,2026-09-21T15:40:55Z
2026-09-21,PARSN,64.85,64.85,60.15,62.8,463672,yahoo,kapanis,2026-09-21T15:40:55Z
2026-09-21,PASEU,49.92,49.92,49.92,49.92,127398,yahoo,kapanis,2026-09-21T15:40:55Z
2026-09-21,PATEK,19.5,19.84,16.65,16.8,49020456,yahoo,kapanis,2026-09-21T15:40:55Z
2026-09-21,PCILT,30,30,28,29.64,1568434,yahoo,kapanis,2026-09-21T15:40:55Z
2026-09-21,PEKGY,7.69,7.69,7.69,7.69,434219,yahoo,kapanis,2026-09-21T15:40:55Z
2026-09-21,PENGD,8.14,8.15,7.45,7.94,2913496,yahoo,kapanis,2026-09-21T15:40:55Z
2026-09-21,PENTA,10.4,10.82,10.16,10.75,2895196,yahoo,kapanis,2026-09-21T15:40:55Z
2026-09-21,PETKM,21.22,21.74,20.58,21.3,85790079,yahoo,kapanis,2026-09-21T15:40:55Z
2026-09-21,PETUN,10.65,10.65,10.06,10.31,1686482,yahoo,kapanis,2026-09-21T15:40:55Z
2026-09-21,PGSUS,147.8,151.2,145.3,151.2,11889437,yahoo,kapanis,2026-09-21T15:40:55Z
2026-09-21,PINSU,9.15,9.15,8.61,8.98,3865554,yahoo,kapanis,2026-09-21T15:40:55Z
2026-09-21,PKART,93.05,93.1,85.1,89.9,430420,yahoo,kapanis,2026-09-21T15:40:55Z
2026-09-21,PKENT,108.6,108.6,99.5,102.1,229130,yahoo,kapanis,2026-09-21T15:40:55Z
2026-09-21,PLTUR,17.15,17.17,15.98,16.71,2003285,yahoo,kapanis,2026-09-21T15:40:55Z
2026-09-21,PNLSN,35.3,35.5,32,34.54,701885,yahoo,kapanis,2026-09-21T15:40:55Z
2026-09-21,PNSUT,10.44,10.44,9.9,10.24,3466242,yahoo,kapanis,2026-09-21T15:40:55Z
2026-09-21,POLHO,19.45,19.45,17.55,17.67,3943669,yahoo,kapanis,2026-09-21T15:40:55Z
2026-09-21,POLTK,3430,3430,3155,3315,9143,yahoo,kapanis,2026-09-21T15:40:55Z
2026-09-21,PRDGS,4.37,4.37,4.37,4.37,533808,yahoo,kapanis,2026-09-21T15:40:55Z
2026-09-21,PRKAB,27.8,27.9,25.9,27.42,960069,yahoo,kapanis,2026-09-21T15:40:55Z
2026-09-21,PRKME,15.91,16.3,15.43,15.98,1608949,yahoo,kapanis,2026-09-21T15:40:55Z
2026-09-21,PRZMA,45.9,45.9,45.9,45.9,4526,yahoo,kapanis,2026-09-21T15:40:55Z
2026-09-21,PSDTC,94.05,98.55,92.45,92.45,67958,yahoo,kapanis,2026-09-21T15:40:55Z
2026-09-21,PSGYO,2.09,2.11,2.01,2.03,214254981,yahoo,kapanis,2026-09-21T15:40:55Z
2026-09-21,QNBFK,37,37,35.3,36,59050,yahoo,kapanis,2026-09-21T15:40:55Z
2026-09-21,QNBTR,168,168,163,164.4,17187,yahoo,kapanis,2026-09-21T15:40:55Z
2026-09-21,QUAGR,2.44,2.44,2.24,2.38,54506451,yahoo,kapanis,2026-09-21T15:40:55Z
2026-09-21,QUICK,48.16,51.5,48.16,50.6,2794008,yahoo,kapanis,2026-09-21T15:40:55Z
2026-09-21,RALYH,178.2,178.2,178.2,178.2,10514,yahoo,kapanis,2026-09-21T15:40:55Z
2026-09-21,RAYSG,136.1,136.9,127,132.5,156863,yahoo,kapanis,2026-09-21T15:40:55Z
2026-09-21,REEDR,4.55,4.55,4.26,4.28,30864266,yahoo,kapanis,2026-09-21T15:40:55Z
2026-09-21,RGYAS,190.4,191.9,186,190.4,1387619,yahoo,kapanis,2026-09-21T15:40:55Z
2026-09-21,RNPOL,2.19,2.19,2.02,2.13,3686915,yahoo,kapanis,2026-09-21T15:40:55Z
2026-09-21,RODRG,19.48,19.48,18.52,19.4,145575,yahoo,kapanis,2026-09-21T15:40:55Z
2026-09-21,RTALB,2.25,2.28,2.11,2.16,26040855,yahoo,kapanis,2026-09-21T15:40:55Z
2026-09-21,RUBNS,23.82,24.12,22.64,22.66,1404256,yahoo,kapanis,2026-09-21T15:40:55Z
2026-09-21,RUZYE,5.56,5.56,5.56,5.56,507577,yahoo,kapanis,2026-09-21T15:40:55Z
2026-09-21,RYGYO,46.7,48.38,43.46,48,3706957,yahoo,kapanis,2026-09-21T15:40:55Z
2026-09-21,RYSAS,24.28,24.72,23.12,24,18647686,yahoo,kapanis,2026-09-21T15:40:55Z
2026-09-21,SAFKR,11.7,11.7,10.96,11.18,4740932,yahoo,kapanis,2026-09-21T15:40:55Z
2026-09-21,SAHOL,87.85,90.65,86.55,90.55,50012040,yahoo,kapanis,2026-09-21T15:40:55Z
2026-09-21,SAMAT,4.24,4.6,3.96,4.15,1130936,yahoo,kapanis,2026-09-21T15:40:55Z
2026-09-21,SANEL,40.48,41.02,37.2,41.02,421095,yahoo,kapanis,2026-09-21T15:40:55Z
2026-09-21,SANFM,6.2,6.66,6,6,3247973,yahoo,kapanis,2026-09-21T15:40:55Z
2026-09-21,SANKO,18.62,19.02,17.72,18.05,549628,yahoo,kapanis,2026-09-21T15:40:55Z
2026-09-21,SARAE,51.55,51.55,51.55,51.55,545569,yahoo,kapanis,2026-09-21T15:40:55Z
2026-09-21,SARKY,21.96,22.4,20.8,22.18,5932780,yahoo,kapanis,2026-09-21T15:40:55Z
2026-09-21,SASA,2.35,2.36,2.25,2.31,3092862567,yahoo,kapanis,2026-09-21T15:40:55Z
2026-09-21,SAYAS,45.94,46.5,42.88,46.04,2093497,yahoo,kapanis,2026-09-21T15:40:55Z
2026-09-21,SDTTR,17.65,17.7,16.78,17.45,7620826,yahoo,kapanis,2026-09-21T15:40:55Z
2026-09-21,SEGMN,33.96,36.66,30.68,31.4,811340,yahoo,kapanis,2026-09-21T15:40:55Z
2026-09-21,SEGYO,2.87,2.87,2.58,2.68,5866441,yahoo,kapanis,2026-09-21T15:40:55Z
2026-09-21,SEKFK,4,4.01,3.72,3.88,722703,yahoo,kapanis,2026-09-21T15:40:55Z
2026-09-21,SEKUR,5.97,5.97,5.97,5.97,82041,yahoo,kapanis,2026-09-21T15:40:55Z
2026-09-21,SELEC,191.7,191.7,191.7,191.7,7490,yahoo,kapanis,2026-09-21T15:40:55Z
2026-09-21,SELVA,1.28,1.28,1.18,1.23,23243241,yahoo,kapanis,2026-09-21T15:40:55Z
2026-09-21,SERNT,5.89,6.18,5.62,6,5277001,yahoo,kapanis,2026-09-21T15:40:55Z
2026-09-21,SEYKM,3.01,3.3,3.01,3.2,2767458,yahoo,kapanis,2026-09-21T15:40:55Z
2026-09-21,SILVR,1.95,2,1.8,1.85,4350245,yahoo,kapanis,2026-09-21T15:40:55Z
2026-09-21,SISE,39.62,40.5,38.68,40.36,58396846,yahoo,kapanis,2026-09-21T15:40:55Z
2026-09-21,SKBNK,6.06,6.06,5.8,5.91,118430596,yahoo,kapanis,2026-09-21T15:40:55Z
2026-09-21,SKTAS,2.8,2.8,2.53,2.7,13454196,yahoo,kapanis,2026-09-21T15:40:55Z
2026-09-21,SKYLP,103.7,103.7,103.7,103.7,2911,yahoo,kapanis,2026-09-21T15:40:55Z
2026-09-21,SKYMD,14.12,14.32,13.7,14.12,2444193,yahoo,kapanis,2026-09-21T15:40:55Z
2026-09-21,SMART,18.77,18.77,17.06,18.17,830016,yahoo,kapanis,2026-09-21T15:40:55Z
2026-09-21,SMRTG,5.43,5.43,5.43,5.43,2743116,yahoo,kapanis,2026-09-21T15:40:55Z
2026-09-21,SMRVA,7.5,7.64,6.89,7.64,8617216,yahoo,kapanis,2026-09-21T15:40:55Z
2026-09-21,SNGYO,2.75,2.75,2.59,2.69,27146180,yahoo,kapanis,2026-09-21T15:40:55Z
2026-09-21,SNICA,2.54,2.67,2.5,2.58,13419577,yahoo,kapanis,2026-09-21T15:40:55Z
2026-09-21,SNPAM,18.53,18.53,18.34,18.34,82645,yahoo,kapanis,2026-09-21T15:40:55Z
2026-09-21,SODSN,6.24,6.24,5.62,6.18,173362,yahoo,kapanis,2026-09-21T15:40:55Z
2026-09-21,SOHOE,8.65,8.8,8.19,8.55,9259227,yahoo,kapanis,2026-09-21T15:40:55Z
2026-09-21,SOKE,8.49,8.6,8.03,8.06,4032212,yahoo,kapanis,2026-09-21T15:40:55Z
2026-09-21,SOKM,57.9,58.8,56.35,58.6,2867606,yahoo,kapanis,2026-09-21T15:40:55Z
2026-09-21,SONME,128.9,129.6,123.1,126.6,35079,yahoo,kapanis,2026-09-21T15:40:55Z
2026-09-21,SRVGY,2.14,2.16,2.05,2.1,38197752,yahoo,kapanis,2026-09-21T15:40:55Z
2026-09-21,SSAAT,26.96,29,25.22,27.88,4748475,yahoo,kapanis,2026-09-21T15:40:55Z
2026-09-21,SUMAS,232.6,232.6,210.6,210.6,5364,yahoo,kapanis,2026-09-21T15:40:55Z
2026-09-21,SUNTK,28,28.68,26.64,27.2,529080,yahoo,kapanis,2026-09-21T15:40:55Z
2026-09-21,SURGY,25.2,27.72,23,23.86,4564493,yahoo,kapanis,2026-09-21T15:40:55Z
2026-09-21,SUWEN,5.8,5.83,5.32,5.37,4176533,yahoo,kapanis,2026-09-21T15:40:55Z
2026-09-21,SVGYO,10.21,10.21,10.21,10.21,27516,yahoo,kapanis,2026-09-21T15:40:55Z
2026-09-21,TABGD,227,231,224,226.4,615762,yahoo,kapanis,2026-09-21T15:40:55Z
2026-09-21,TARKM,427.75,435.25,405,417,352729,yahoo,kapanis,2026-09-21T15:40:55Z
2026-09-21,TATEN,4.91,4.91,4.91,4.91,1484789,yahoo,kapanis,2026-09-21T15:40:55Z
2026-09-21,TATGD,16.56,16.68,15.86,16.4,1744259,yahoo,kapanis,2026-09-21T15:40:55Z
2026-09-21,TAVHL,274.75,279.5,265,279.25,5618982,yahoo,kapanis,2026-09-21T15:40:55Z
2026-09-21,TBORG,129.4,133,125.8,130.5,170196,yahoo,kapanis,2026-09-21T15:40:55Z
2026-09-21,TCELL,97.2,99.9,95.7,99.9,26378446,yahoo,kapanis,2026-09-21T15:40:55Z
2026-09-21,TCKRC,115.8,117.3,104.9,112.7,5043229,yahoo,kapanis,2026-09-21T15:40:55Z
2026-09-21,TDGYO,13.45,13.45,13.45,13.45,122830,yahoo,kapanis,2026-09-21T15:40:55Z
2026-09-21,TEHOL,31.4,31.4,31.4,31.4,38367,yahoo,kapanis,2026-09-21T15:40:55Z
2026-09-21,TEKTU,5.6,5.6,5.07,5.33,7366851,yahoo,kapanis,2026-09-21T15:40:55Z
2026-09-21,TERA,147.1,147.1,147.1,147.1,42504,yahoo,kapanis,2026-09-21T15:40:55Z
2026-09-21,TEZOL,8.09,8.09,7.55,7.82,4804412,yahoo,kapanis,2026-09-21T15:40:55Z
2026-09-21,TGSAS,130,130,130,130,4880,yahoo,kapanis,2026-09-21T15:40:55Z
2026-09-21,THYAO,287.5,294,282.5,293.5,51991406,yahoo,kapanis,2026-09-21T15:40:55Z
2026-09-21,TKFEN,246.5,253.5,228,239.3,6730013,yahoo,kapanis,2026-09-21T15:40:55Z
2026-09-21,TKNKA,102.9,102.9,102.9,102.9,7711,yahoo,kapanis,2026-09-21T15:40:55Z
2026-09-21,TKNSA,14.61,14.92,14.33,14.85,2794528,yahoo,kapanis,2026-09-21T15:40:55Z
2026-09-21,TLMAN,67.9,67.95,63.45,67,234634,yahoo,kapanis,2026-09-21T15:40:55Z
2026-09-21,TMPOL,189.3,189.3,189.3,189.3,4063,yahoo,kapanis,2026-09-21T15:40:55Z
2026-09-21,TMSN,66.9,67.4,61.2,63.95,949115,yahoo,kapanis,2026-09-21T15:40:55Z
2026-09-21,TNZTP,27,29.06,25.74,28.82,4157703,yahoo,kapanis,2026-09-21T15:40:55Z
2026-09-21,TOASO,282,290,276,290,3437665,yahoo,kapanis,2026-09-21T15:40:55Z
2026-09-21,TRALT,50.1,51.9,48.6,51.15,101419381,yahoo,kapanis,2026-09-21T15:40:55Z
2026-09-21,TRCAS,47.14,47.9,45.1,47.9,1017740,yahoo,kapanis,2026-09-21T15:40:55Z
2026-09-21,TRENJ,101.3,107,98.6,105.5,1794197,yahoo,kapanis,2026-09-21T15:40:55Z
2026-09-21,TRGYO,91.5,93.1,89.2,92.9,1406849,yahoo,kapanis,2026-09-21T15:40:55Z
2026-09-21,TRHOL,2955,2955,2955,2955,388,yahoo,kapanis,2026-09-21T15:40:55Z
2026-09-21,TRILC,0.96,0.96,0.95,0.96,3318715,yahoo,kapanis,2026-09-21T15:40:55Z
2026-09-21,TRMET,129.5,132.4,125.3,129.7,5274784,yahoo,kapanis,2026-09-21T15:40:55Z
2026-09-21,TSGYO,5.11,5.2,4.98,5.12,1559055,yahoo,kapanis,2026-09-21T15:40:55Z
2026-09-21,TSKB,10.87,10.96,10.56,10.85,20574084,yahoo,kapanis,2026-09-21T15:40:55Z
2026-09-21,TSPOR,0.92,0.93,0.84,0.88,343650464,yahoo,kapanis,2026-09-21T15:40:55Z
2026-09-21,TTKOM,52.45,53.7,51.85,53.4,33897294,yahoo,kapanis,2026-09-21T15:40:55Z
2026-09-21,TTRAK,427.25,427.25,406,406,184297,yahoo,kapanis,2026-09-21T15:40:55Z
2026-09-21,TUCLK,3.42,3.75,3.1,3.66,19355229,yahoo,kapanis,2026-09-21T15:40:55Z
2026-09-21,TUKAS,1.84,2.02,1.73,2.02,268256171,yahoo,kapanis,2026-09-21T15:40:55Z
2026-09-21,TUPRS,416.25,424.25,402,414.75,35753906,yahoo,kapanis,2026-09-21T15:40:55Z
2026-09-21,TUREX,5.01,5.01,4.72,4.95,12714342,yahoo,kapanis,2026-09-21T15:40:55Z
2026-09-21,TURGG,25.5,25.5,23.6,24.94,474567,yahoo,kapanis,2026-09-21T15:40:55Z
2026-09-21,TURSG,6.1,6.18,5.93,6.18,130179018,yahoo,kapanis,2026-09-21T15:40:55Z
2026-09-21,UCAYM,18.21,18.27,16.69,17.6,4731445,yahoo,kapanis,2026-09-21T15:40:55Z
2026-09-21,UFUK,915.5,915.5,915.5,915.5,698,yahoo,kapanis,2026-09-21T15:40:55Z
2026-09-21,ULAS,18.35,18.6,16.54,17.31,266136,yahoo,kapanis,2026-09-21T15:40:55Z
2026-09-21,ULKER,87.9,88.9,84.8,87.2,6882479,yahoo,kapanis,2026-09-21T15:40:55Z
2026-09-21,ULUFA,1.47,1.5,1.4,1.5,33624663,yahoo,kapanis,2026-09-21T15:40:55Z
2026-09-21,ULUSE,194.6,195.4,180.6,187.5,275314,yahoo,kapanis,2026-09-21T15:40:55Z
2026-09-21,ULUUN,7,7,6.65,6.87,5885061,yahoo,kapanis,2026-09-21T15:40:55Z
2026-09-21,UNLU,12.5,12.74,12.4,12.74,2256498,yahoo,kapanis,2026-09-21T15:40:55Z
2026-09-21,USAK,1.01,1.05,0.97,1,216316360,yahoo,kapanis,2026-09-21T15:40:55Z
2026-09-21,USHOL,57.2,68.2,55.8,66.2,722135,yahoo,kapanis,2026-09-21T15:40:55Z
2026-09-21,VAKBN,33.32,34.56,32.7,34.36,76194780,yahoo,kapanis,2026-09-21T15:40:55Z
2026-09-21,VAKFA,9.75,10.15,9.46,10.09,10284713,yahoo,kapanis,2026-09-21T15:40:55Z
2026-09-21,VAKFN,1.01,1.03,0.98,1.03,95725538,yahoo,kapanis,2026-09-21T15:40:55Z
2026-09-21,VAKKO,63.4,69.55,60.25,63,226928,yahoo,kapanis,2026-09-21T15:40:55Z
2026-09-21,VANGD,61.65,61.65,61.65,61.65,12242,yahoo,kapanis,2026-09-21T15:40:55Z
2026-09-21,VBTYZ,28.3,28.3,26.52,27.72,1584429,yahoo,kapanis,2026-09-21T15:40:55Z
2026-09-21,VERUS,496,496,446.5,470,70146,yahoo,kapanis,2026-09-21T15:40:55Z
2026-09-21,VESBE,5.11,5.14,4.9,5.01,11638721,yahoo,kapanis,2026-09-21T15:40:55Z
2026-09-21,VESTL,23.2,23.24,21.86,22.3,9990888,yahoo,kapanis,2026-09-21T15:40:55Z
2026-09-21,VEYAS,85,86.25,80.8,85,2217424,yahoo,kapanis,2026-09-21T15:40:55Z
2026-09-21,VKFYO,19.86,19.87,18,18.52,223290,yahoo,kapanis,2026-09-21T15:40:55Z
2026-09-21,VKGYO,1.74,1.77,1.67,1.76,32325264,yahoo,kapanis,2026-09-21T15:40:55Z
2026-09-21,VKING,17.46,17.47,15.72,17.43,343370,yahoo,kapanis,2026-09-21T15:40:55Z
2026-09-21,VRGYO,1.31,1.31,1.31,1.31,3861846,yahoo,kapanis,2026-09-21T15:40:55Z
2026-09-21,VSNMD,31.64,33.98,31.64,32.38,1105059,yahoo,kapanis,2026-09-21T15:40:55Z
2026-09-21,YAPRK,9.98,9.98,8.75,9.3,4162878,yahoo,kapanis,2026-09-21T15:40:55Z
2026-09-21,YATAS,26.8,26.9,25.68,26.52,932845,yahoo,kapanis,2026-09-21T15:40:55Z
2026-09-21,YAYLA,16.88,17.1,15.95,16.83,1215269,yahoo,kapanis,2026-09-21T15:40:55Z
2026-09-21,YBTAS,11.86,11.86,11,11.2,55965,yahoo,kapanis,2026-09-21T15:40:55Z
2026-09-21,YEOTK,30.6,30.76,27.56,29.52,27345713,yahoo,kapanis,2026-09-21T15:40:55Z
2026-09-21,YESIL,0.99,0.99,0.93,0.98,20068712,yahoo,kapanis,2026-09-21T15:40:55Z
2026-09-21,YGGYO,220,220,214.9,215.2,114410,yahoo,kapanis,2026-09-21T15:40:55Z
2026-09-21,YIGIT,19.05,19.24,17.98,18.38,2326484,yahoo,kapanis,2026-09-21T15:40:55Z
2026-09-21,YKBNK,36.12,36.66,35.44,36.58,323655237,yahoo,kapanis,2026-09-21T15:40:55Z
2026-09-21,YKSLN,3.35,3.35,3.35,3.35,257214,yahoo,kapanis,2026-09-21T15:40:55Z
2026-09-21,YONGA,37,37,34.2,34.2,50850,yahoo,kapanis,2026-09-21T15:40:55Z
2026-09-21,YUNSA,6.59,6.59,6.23,6.49,6034289,yahoo,kapanis,2026-09-21T15:40:55Z
2026-09-21,YYAPI,0.65,0.65,0.64,0.65,8198871,yahoo,kapanis,2026-09-21T15:40:55Z
2026-09-21,YYLGD,8.6,8.6,8.2,8.5,7772364,yahoo,kapanis,2026-09-21T15:40:55Z
2026-09-21,ZEDUR,6.37,6.38,5.93,6.18,1839132,yahoo,kapanis,2026-09-21T15:40:55Z
2026-09-21,ZERGY,8.45,8.5,7.73,8,18009533,yahoo,kapanis,2026-09-21T15:40:55Z
2026-09-21,ZGYO,14.88,15.1,14.88,14.88,928694,yahoo,kapanis,2026-09-21T15:40:55Z
2026-09-21,ZOREN,2.29,2.3,2.11,2.23,65131614,yahoo,kapanis,2026-09-21T15:40:55Z
2026-09-21,ZRGYO,19.5,19.75,18.39,19.5,6385659,yahoo,kapanis,2026-09-21T15:40:55Z
2026-09-21,XU100,,,,13337.6904,,yahoo,kapanis,2026-09-21T15:40:55Z
2026-09-16,AKBNK,69.8,69.95,62.8,65.2,308313180,borsapy_fallback_from_yahoo,acilis,2026-09-22T07:15:41Z
2026-09-16,AKFYE,3.8833,3.9033,3.45,3.6167,115954736,borsapy_fallback_from_yahoo,acilis,2026-09-22T07:15:41Z
2026-09-16,ALKLC,521,524.5,468,468,468788,borsapy_fallback_from_yahoo,acilis,2026-09-22T07:15:41Z
2026-09-16,CANTE,1.27,1.39,1.21,1.35,1312131130,borsapy_fallback_from_yahoo,acilis,2026-09-22T07:15:41Z
2026-09-16,DUNYH,103.9,105.7,92.8,93,1310576,borsapy_fallback_from_yahoo,acilis,2026-09-22T07:15:41Z
2026-09-16,FROTO,78.5,78.85,72.05,74.65,41150447,borsapy_fallback_from_yahoo,acilis,2026-09-22T07:15:41Z
2026-09-16,GUBRF,455,455,415,415,1903951,borsapy_fallback_from_yahoo,acilis,2026-09-22T07:15:41Z
2026-09-16,HALKB,46.48,47.5,44.26,46.78,83917495,borsapy_fallback_from_yahoo,acilis,2026-09-22T07:15:41Z
2026-09-16,HEKTS,2.68,2.7,2.41,2.41,515884450,borsapy_fallback_from_yahoo,acilis,2026-09-22T07:15:41Z
2026-09-16,HRKET,5.7964,6.0714,5.4285,5.9285,93027398,borsapy_fallback_from_yahoo,acilis,2026-09-22T07:15:41Z
2026-09-16,IHLAS,1.1,1.13,1.04,1.04,284357390,borsapy_fallback_from_yahoo,acilis,2026-09-22T07:15:41Z
2026-09-16,ISCTR,13.38,13.41,12.03,12.22,1150939450,borsapy_fallback_from_yahoo,acilis,2026-09-22T07:15:41Z
2026-09-16,KBORU,16.23,16.37,14.58,14.83,14651318,borsapy_fallback_from_yahoo,acilis,2026-09-22T07:15:41Z
2026-09-16,MEGMT,4.3688,4.3854,3.9354,3.9354,85083097,borsapy_fallback_from_yahoo,acilis,2026-09-22T07:15:41Z
2026-09-16,PAHOL,1.3,1.3,1.17,1.18,406218910,borsapy_fallback_from_yahoo,acilis,2026-09-22T07:15:41Z
2026-09-16,SASA,2.81,2.82,2.52,2.52,6329555400,borsapy_fallback_from_yahoo,acilis,2026-09-22T07:15:41Z
2026-09-16,TEHOL,47.82,48.08,43.04,43.04,12421834,borsapy_fallback_from_yahoo,acilis,2026-09-22T07:15:41Z
2026-09-16,TSPOR,0.97,0.97,0.92,0.93,473439060,borsapy_fallback_from_yahoo,acilis,2026-09-22T07:15:41Z
2026-09-16,YKBNK,34.7,34.76,31.22,32.12,478797150,borsapy_fallback_from_yahoo,acilis,2026-09-22T07:15:41Z
2026-09-16,ZOREN,2.54,2.67,2.36,2.55,340984110,borsapy_fallback_from_yahoo,acilis,2026-09-22T07:15:41Z
2026-09-16,XU100,,,,13122.58,,borsapy_fallback_from_yahoo,acilis,2026-09-22T07:15:41Z
2026-09-17,AKBNK,65.5,71.7,65,71.55,303189390,borsapy_fallback_from_yahoo,acilis,2026-09-22T07:15:41Z
2026-09-17,AKFYE,3.6233,3.7667,3.54,3.6,74159709,borsapy_fallback_from_yahoo,acilis,2026-09-22T07:15:41Z
2026-09-17,ASTOR,242.1,260.5,238.9,255.5,58151941,borsapy_fallback_from_yahoo,acilis,2026-09-22T07:15:41Z
2026-09-17,CITAS,128.8,128.8,128.8,128.8,102779,borsapy_fallback_from_yahoo,acilis,2026-09-22T07:15:41Z
2026-09-17,DUNYH,85,92,83.7,83.7,432703,borsapy_fallback_from_yahoo,acilis,2026-09-22T07:15:41Z
2026-09-17,EREGL,34.68,36.92,34.62,36.14,312019310,borsapy_fallback_from_yahoo,acilis,2026-09-22T07:15:41Z
2026-09-17,GSRAY,0.97,0.98,0.95,0.97,268770310,borsapy_fallback_from_yahoo,acilis,2026-09-22T07:15:41Z
2026-09-17,HEKTS,2.3,2.46,2.25,2.43,620645720,borsapy_fallback_from_yahoo,acilis,2026-09-22T07:15:41Z
2026-09-17,HRKET,5.8357,6.4428,5.6857,6.3928,56537632,borsapy_fallback_from_yahoo,acilis,2026-09-22T07:15:41Z
2026-09-17,ISCTR,12.22,13.44,12.18,13.37,1116699820,borsapy_fallback_from_yahoo,acilis,2026-09-22T07:15:41Z
2026-09-17,KARCL,188.8,188.8,188.8,188.8,74779,borsapy_fallback_from_yahoo,acilis,2026-09-22T07:15:41Z
2026-09-17,MANAS,27.1,27.1,27.1,27.1,261980,borsapy_fallback_from_yahoo,acilis,2026-09-22T07:15:41Z
2026-09-17,MEGMT,3.5438,3.8813,3.5438,3.7604,88579070,borsapy_fallback_from_yahoo,acilis,2026-09-22T07:15:41Z
2026-09-17,PAHOL,1.17,1.2,1.08,1.11,699065860,borsapy_fallback_from_yahoo,acilis,2026-09-22T07:15:41Z
2026-09-17,SASA,2.27,2.5,2.27,2.42,8176565500,borsapy_fallback_from_yahoo,acilis,2026-09-22T07:15:41Z
2026-09-17,TEHOL,38.74,38.74,38.74,38.74,204376,borsapy_fallback_from_yahoo,acilis,2026-09-22T07:15:41Z
2026-09-17,TKNKA,126.9,126.9,126.9,126.9,26896,borsapy_fallback_from_yahoo,acilis,2026-09-22T07:15:41Z
2026-09-17,TURSG,5.9,6.24,5.87,6,350768840,borsapy_fallback_from_yahoo,acilis,2026-09-22T07:15:41Z
2026-09-17,YKBNK,32.36,35.32,32.12,35.32,381394740,borsapy_fallback_from_yahoo,acilis,2026-09-22T07:15:41Z
2026-09-17,XU100,,,,13509.76,,borsapy_fallback_from_yahoo,acilis,2026-09-22T07:15:41Z
2026-09-18,AKFYE,3.5967,3.6667,3.4467,3.6667,56556292,borsapy_fallback_from_yahoo,acilis,2026-09-22T07:15:41Z
2026-09-18,BIGEN,114.5,114.5,114.5,114.5,36777,borsapy_fallback_from_yahoo,acilis,2026-09-22T07:15:41Z
2026-09-18,CANTE,1.24,1.25,1.16,1.23,398264670,borsapy_fallback_from_yahoo,acilis,2026-09-22T07:15:41Z
2026-09-18,DSTKF,1984,1984,1984,1984,86646,borsapy_fallback_from_yahoo,acilis,2026-09-22T07:15:41Z
2026-09-18,DUNYH,75.35,75.35,75.35,75.35,10329,borsapy_fallback_from_yahoo,acilis,2026-09-22T07:15:41Z
2026-09-18,HEKTS,2.39,2.43,2.3,2.34,273304770,borsapy_fallback_from_yahoo,acilis,2026-09-22T07:15:41Z
2026-09-18,HRKET,6.0071,6.4178,6.0071,6.2857,49697542,borsapy_fallback_from_yahoo,acilis,2026-09-22T07:15:41Z
2026-09-18,ISCTR,13.34,13.54,13.09,13.26,561416100,borsapy_fallback_from_yahoo,acilis,2026-09-22T07:15:41Z
2026-09-18,MEGMT,3.7313,3.7417,3.5646,3.6042,85730365,borsapy_fallback_from_yahoo,acilis,2026-09-22T07:15:41Z
2026-09-18,PAHOL,1.1,1.1,1.02,1.05,399417890,borsapy_fallback_from_yahoo,acilis,2026-09-22T07:15:41Z
2026-09-18,PEKGY,8.54,8.54,8.54,8.54,2275777,borsapy_fallback_from_yahoo,acilis,2026-09-22T07:15:41Z
2026-09-18,SASA,2.39,2.41,2.26,2.35,2859108500,borsapy_fallback_from_yahoo,acilis,2026-09-22T07:15:41Z
2026-09-18,TEHOL,34.88,34.88,34.88,34.88,6047925,borsapy_fallback_from_yahoo,acilis,2026-09-22T07:15:41Z
2026-09-18,TSPOR,0.92,0.92,0.87,0.88,333362610,borsapy_fallback_from_yahoo,acilis,2026-09-22T07:15:41Z
2026-09-18,XU100,,,,13284.42,,borsapy_fallback_from_yahoo,acilis,2026-09-22T07:15:41Z
2026-09-21,ALTIN,74.98,75.06,74.44,74.55,14218149,borsapy_fallback_from_yahoo,acilis,2026-09-22T07:15:41Z
2026-09-21,CANTE,1.22,1.22,1.11,1.11,534681920,borsapy_fallback_from_yahoo,acilis,2026-09-22T07:15:41Z
2026-09-21,DMLKT,6.98,6.98,6.87,6.95,6614062,borsapy_fallback_from_yahoo,acilis,2026-09-22T07:15:41Z
2026-09-21,ISCTR,13.24,13.57,13.07,13.56,624369010,borsapy_fallback_from_yahoo,acilis,2026-09-22T07:15:41Z
2026-09-21,PAHOL,1.05,1.06,0.95,1.02,442961190,borsapy_fallback_from_yahoo,acilis,2026-09-22T07:15:41Z
2026-09-21,SASA,2.35,2.36,2.25,2.31,3092862600,borsapy_fallback_from_yahoo,acilis,2026-09-22T07:15:41Z
2026-09-21,TSPOR,0.92,0.93,0.84,0.88,343650460,borsapy_fallback_from_yahoo,acilis,2026-09-22T07:15:41Z
2026-09-21,YKBNK,36.12,36.66,35.44,36.58,323655240,borsapy_fallback_from_yahoo,acilis,2026-09-22T07:15:41Z
2026-09-21,XU100,,,,13337.69,,borsapy_fallback_from_yahoo,acilis,2026-09-22T07:15:41Z
2026-09-22,ARCLK,86.9,86.9,86.9,86.9,20,borsapy_fallback_from_yahoo,acilis,2026-09-22T07:15:41Z
2026-09-22,ARDYZ,62,62,62,62,4,borsapy_fallback_from_yahoo,acilis,2026-09-22T07:15:41Z
2026-09-22,ARENA,16.42,16.42,16.42,16.42,7,borsapy_fallback_from_yahoo,acilis,2026-09-22T07:15:41Z
2026-09-22,ARFYE,13.58,13.58,13.58,13.58,41459,borsapy_fallback_from_yahoo,acilis,2026-09-22T07:15:41Z
2026-09-22,ARMGD,150,150,150,150,24632,borsapy_fallback_from_yahoo,acilis,2026-09-22T07:15:41Z
2026-09-22,ARSAN,3.45,3.45,3.45,3.45,16765,borsapy_fallback_from_yahoo,acilis,2026-09-22T07:15:41Z
2026-09-22,ARTMS,32.42,32.42,32.42,32.42,1,borsapy_fallback_from_yahoo,acilis,2026-09-22T07:15:41Z
2026-09-22,ARZUM,1.27,1.27,1.27,1.27,490,borsapy_fallback_from_yahoo,acilis,2026-09-22T07:15:41Z
2026-09-22,ASELS,378,378,378,378,13,borsapy_fallback_from_yahoo,acilis,2026-09-22T07:15:41Z
2026-09-22,ASGYO,9.77,9.77,9.77,9.77,10,borsapy_fallback_from_yahoo,acilis,2026-09-22T07:15:41Z
2026-09-22,ASTOR,263.5,263.5,263.5,263.5,2,borsapy_fallback_from_yahoo,acilis,2026-09-22T07:15:41Z
2026-09-22,ASUZU,44.1,44.1,44.1,44.1,3357,borsapy_fallback_from_yahoo,acilis,2026-09-22T07:15:41Z
2026-09-22,ATAGY,8.9,8.9,8.9,8.9,1,borsapy_fallback_from_yahoo,acilis,2026-09-22T07:15:41Z
2026-09-22,ATAKP,34.46,34.46,34.46,34.46,1,borsapy_fallback_from_yahoo,acilis,2026-09-22T07:15:41Z
2026-09-22,ATATP,242,242,242,242,769,borsapy_fallback_from_yahoo,acilis,2026-09-22T07:15:41Z
2026-09-22,ATATR,7.51,7.51,7.51,7.51,44669,borsapy_fallback_from_yahoo,acilis,2026-09-22T07:15:41Z
2026-09-22,ATEKS,83.85,83.85,83.85,83.85,80,borsapy_fallback_from_yahoo,acilis,2026-09-22T07:15:41Z
2026-09-22,ATLAS,6.02,6.02,6.02,6.02,21650,borsapy_fallback_from_yahoo,acilis,2026-09-22T07:15:41Z
2026-09-22,ATSYH,82.4,82.4,82.4,82.4,16204,borsapy_fallback_from_yahoo,acilis,2026-09-22T07:15:41Z
2026-09-22,AVGYO,14.72,14.72,14.72,14.72,6623,borsapy_fallback_from_yahoo,acilis,2026-09-22T07:15:41Z
2026-09-22,AVHOL,26.7,26.7,26.7,26.7,4077,borsapy_fallback_from_yahoo,acilis,2026-09-22T07:15:41Z
2026-09-22,AVOD,3.36,3.36,3.36,3.36,13633,borsapy_fallback_from_yahoo,acilis,2026-09-22T07:15:41Z
2026-09-22,AVPGY,54,54,54,54,2099,borsapy_fallback_from_yahoo,acilis,2026-09-22T07:15:41Z
2026-09-22,AYCES,405.75,405.75,405.75,405.75,37,borsapy_fallback_from_yahoo,acilis,2026-09-22T07:15:41Z
2026-09-22,AYDEM,22.94,22.94,22.94,22.94,3734,borsapy_fallback_from_yahoo,acilis,2026-09-22T07:15:41Z
2026-09-22,AYEN,27.48,27.48,27.48,27.48,858,borsapy_fallback_from_yahoo,acilis,2026-09-22T07:15:41Z
2026-09-22,AYES,22.66,22.66,22.66,22.66,4687,borsapy_fallback_from_yahoo,acilis,2026-09-22T07:15:41Z
2026-09-22,AYGAZ,312.25,312.25,312.25,312.25,856,borsapy_fallback_from_yahoo,acilis,2026-09-22T07:15:41Z
2026-09-22,AZTEK,3.78,3.78,3.78,3.78,587185,borsapy_fallback_from_yahoo,acilis,2026-09-22T07:15:41Z
2026-09-22,BAGFS,23.66,23.66,23.66,23.66,1679,borsapy_fallback_from_yahoo,acilis,2026-09-22T07:15:41Z
2026-09-22,BAHKM,186.8,186.8,186.8,186.8,11444,borsapy_fallback_from_yahoo,acilis,2026-09-22T07:15:41Z
2026-09-22,BAKAB,34,34,34,34,136,borsapy_fallback_from_yahoo,acilis,2026-09-22T07:15:41Z
2026-09-22,BALAT,59.45,59.45,59.45,59.45,2815,borsapy_fallback_from_yahoo,acilis,2026-09-22T07:15:41Z
2026-09-22,BALSU,6.6,6.6,6.6,6.6,398522,borsapy_fallback_from_yahoo,acilis,2026-09-22T07:15:41Z
2026-09-22,BANVT,133,133,133,133,7476,borsapy_fallback_from_yahoo,acilis,2026-09-22T07:15:41Z
2026-09-22,BARMA,6.01,6.01,6.01,6.01,253465,borsapy_fallback_from_yahoo,acilis,2026-09-22T07:15:41Z
2026-09-22,BASCM,10.51,10.51,10.51,10.51,45041,borsapy_fallback_from_yahoo,acilis,2026-09-22T07:15:41Z
2026-09-22,BASGZ,41.66,41.66,41.66,41.66,1258,borsapy_fallback_from_yahoo,acilis,2026-09-22T07:15:41Z
2026-09-22,BAYRK,3.26,3.26,3.26,3.26,4713,borsapy_fallback_from_yahoo,acilis,2026-09-22T07:15:41Z
2026-09-22,BEGYO,2.73,2.73,2.73,2.73,5941,borsapy_fallback_from_yahoo,acilis,2026-09-22T07:15:41Z
2026-09-22,BERA,11.85,11.85,11.85,11.85,13026,borsapy_fallback_from_yahoo,acilis,2026-09-22T07:15:41Z
2026-09-22,BESLR,11.74,11.74,11.74,11.74,7069,borsapy_fallback_from_yahoo,acilis,2026-09-22T07:15:41Z
2026-09-22,BESTE,24,24,24,24,4509,borsapy_fallback_from_yahoo,acilis,2026-09-22T07:15:41Z
2026-09-22,BETAE,60.85,60.85,60.85,60.85,40734,borsapy_fallback_from_yahoo,acilis,2026-09-22T07:15:41Z
2026-09-22,BEYAZ,19.37,19.37,19.37,19.37,707,borsapy_fallback_from_yahoo,acilis,2026-09-22T07:15:41Z
2026-09-22,BFREN,113.6,113.6,113.6,113.6,55,borsapy_fallback_from_yahoo,acilis,2026-09-22T07:15:41Z
2026-09-22,BIENY,17,17,17,17,25230,borsapy_fallback_from_yahoo,acilis,2026-09-22T07:15:41Z
2026-09-22,BIGCH,4.07,4.07,4.07,4.07,7826,borsapy_fallback_from_yahoo,acilis,2026-09-22T07:15:41Z
2026-09-22,BIGEN,92.8,92.8,92.8,92.8,171,borsapy_fallback_from_yahoo,acilis,2026-09-22T07:15:41Z
2026-09-22,BIGTK,181.2,181.2,181.2,181.2,862,borsapy_fallback_from_yahoo,acilis,2026-09-22T07:15:41Z
2026-09-22,BIMAS,432.75,432.75,432.75,432.75,21627,borsapy_fallback_from_yahoo,acilis,2026-09-22T07:15:41Z
2026-09-22,BINBN,110.1,110.1,110.1,110.1,789,borsapy_fallback_from_yahoo,acilis,2026-09-22T07:15:41Z
2026-09-22,BINHO,5.72,5.72,5.72,5.72,466098,borsapy_fallback_from_yahoo,acilis,2026-09-22T07:15:41Z
2026-09-22,BIOEN,11.71,11.71,11.71,11.71,238926,borsapy_fallback_from_yahoo,acilis,2026-09-22T07:15:41Z
2026-09-22,BIZIM,20.9,20.9,20.9,20.9,4000,borsapy_fallback_from_yahoo,acilis,2026-09-22T07:15:41Z
2026-09-22,BJKAS,1.56,1.56,1.56,1.56,3353303,borsapy_fallback_from_yahoo,acilis,2026-09-22T07:15:41Z
2026-09-22,BKRGY,6.45,6.45,6.45,6.45,44315,borsapy_fallback_from_yahoo,acilis,2026-09-22T07:15:41Z
2026-09-22,BLCYT,1.63,1.63,1.63,1.63,121095,borsapy_fallback_from_yahoo,acilis,2026-09-22T07:15:41Z
2026-09-22,BLUME,32.04,32.04,32.04,32.04,15434,borsapy_fallback_from_yahoo,acilis,2026-09-22T07:15:41Z
2026-09-22,BMSCH,9.18,9.18,9.18,9.18,1497,borsapy_fallback_from_yahoo,acilis,2026-09-22T07:15:41Z
2026-09-22,BMSTL,44.6,44.6,44.6,44.6,21380,borsapy_fallback_from_yahoo,acilis,2026-09-22T07:15:41Z
2026-09-22,BNTAS,5.34,5.34,5.34,5.34,17286,borsapy_fallback_from_yahoo,acilis,2026-09-22T07:15:41Z
2026-09-22,BOBET,16.92,16.92,16.92,16.92,2312,borsapy_fallback_from_yahoo,acilis,2026-09-22T07:15:41Z
2026-09-22,BORLS,2.16,2.16,2.16,2.16,30283,borsapy_fallback_from_yahoo,acilis,2026-09-22T07:15:41Z
2026-09-22,BORSK,5.55,5.55,5.55,5.55,47853,borsapy_fallback_from_yahoo,acilis,2026-09-22T07:15:41Z
2026-09-22,BOSSA,6.96,6.96,6.96,6.96,85959,borsapy_fallback_from_yahoo,acilis,2026-09-22T07:15:41Z
2026-09-22,BRISA,71.35,71.35,71.35,71.35,37,borsapy_fallback_from_yahoo,acilis,2026-09-22T07:15:41Z
2026-09-22,BRKO,6.75,6.75,6.75,6.75,121235,borsapy_fallback_from_yahoo,acilis,2026-09-22T07:15:41Z
2026-09-22,BRKSN,6.62,6.62,6.62,6.62,164,borsapy_fallback_from_yahoo,acilis,2026-09-22T07:15:41Z
2026-09-22,BRKVY,61,61,61,61,753,borsapy_fallback_from_yahoo,acilis,2026-09-22T07:15:41Z
2026-09-22,BRLSM,12.88,12.88,12.88,12.88,78606,borsapy_fallback_from_yahoo,acilis,2026-09-22T07:15:41Z
2026-09-22,BRMEN,7.15,7.15,7.15,7.15,20397,borsapy_fallback_from_yahoo,acilis,2026-09-22T07:15:41Z
2026-09-22,BRSAN,660,660,660,660,9986,borsapy_fallback_from_yahoo,acilis,2026-09-22T07:15:41Z
2026-09-22,BRYAT,1532,1532,1532,1532,29,borsapy_fallback_from_yahoo,acilis,2026-09-22T07:15:41Z
2026-09-22,BSOKE,11.6,11.6,11.6,11.6,79197,borsapy_fallback_from_yahoo,acilis,2026-09-22T07:15:41Z
2026-09-22,BTCIM,2.42,2.42,2.42,2.42,2614935,borsapy_fallback_from_yahoo,acilis,2026-09-22T07:15:41Z
2026-09-22,BUCIM,5.02,5.02,5.02,5.02,5277,borsapy_fallback_from_yahoo,acilis,2026-09-22T07:15:41Z
2026-09-22,BULGS,17.07,17.07,17.07,17.07,6195,borsapy_fallback_from_yahoo,acilis,2026-09-22T07:15:41Z
2026-09-22,BURCE,26.84,26.84,26.84,26.84,2725,borsapy_fallback_from_yahoo,acilis,2026-09-22T07:15:41Z
2026-09-22,BURVA,457.75,457.75,457.75,457.75,547,borsapy_fallback_from_yahoo,acilis,2026-09-22T07:15:41Z
2026-09-22,BVSAN,84.15,84.15,84.15,84.15,3004,borsapy_fallback_from_yahoo,acilis,2026-09-22T07:15:41Z
2026-09-22,BYDNR,21.2,21.2,21.2,21.2,14730,borsapy_fallback_from_yahoo,acilis,2026-09-22T07:15:41Z
2026-09-22,CANTE,1.11,1.11,1.11,1.11,3225269,borsapy_fallback_from_yahoo,acilis,2026-09-22T07:15:41Z
2026-09-22,CASA,54.3,54.3,54.3,54.3,2644,borsapy_fallback_from_yahoo,acilis,2026-09-22T07:15:41Z
2026-09-22,CATES,37.26,37.26,37.26,37.26,2437,borsapy_fallback_from_yahoo,acilis,2026-09-22T07:15:41Z
2026-09-22,CCOLA,80.1,80.1,80.1,80.1,10953,borsapy_fallback_from_yahoo,acilis,2026-09-22T07:15:41Z
2026-09-22,CELHA,23.1,23.1,23.1,23.1,6923,borsapy_fallback_from_yahoo,acilis,2026-09-22T07:15:41Z
2026-09-22,CEMAS,3.32,3.32,3.32,3.32,30319,borsapy_fallback_from_yahoo,acilis,2026-09-22T07:15:41Z
2026-09-22,CEMTS,7.75,7.75,7.75,7.75,2713,borsapy_fallback_from_yahoo,acilis,2026-09-22T07:15:41Z
2026-09-22,CEMZY,9.34,9.34,9.34,9.34,6206,borsapy_fallback_from_yahoo,acilis,2026-09-22T07:15:41Z
2026-09-22,CEOEM,30.84,30.84,30.84,30.84,19389,borsapy_fallback_from_yahoo,acilis,2026-09-22T07:15:41Z
2026-09-22,CGCAM,23.4,23.4,23.4,23.4,2162,borsapy_fallback_from_yahoo,acilis,2026-09-22T07:15:41Z
2026-09-22,CIMSA,41.46,41.46,41.46,41.46,23367,borsapy_fallback_from_yahoo,acilis,2026-09-22T07:15:41Z
2026-09-22,CITAS,94,94,94,94,3872,borsapy_fallback_from_yahoo,acilis,2026-09-22T07:15:41Z
2026-09-22,CLEBI,1418,1418,1418,1418,61,borsapy_fallback_from_yahoo,acilis,2026-09-22T07:15:41Z
2026-09-22,CMBTN,1372,1372,1372,1372,77,borsapy_fallback_from_yahoo,acilis,2026-09-22T07:15:41Z
2026-09-22,CMENT,212,212,212,212,1426,borsapy_fallback_from_yahoo,acilis,2026-09-22T07:15:41Z
2026-09-22,CONSE,1.81,1.81,1.81,1.81,597209,borsapy_fallback_from_yahoo,acilis,2026-09-22T07:15:41Z
2026-09-22,COSMO,89,89,89,89,43,borsapy_fallback_from_yahoo,acilis,2026-09-22T07:15:41Z
2026-09-22,CRDFA,13.65,13.65,13.65,13.65,2177,borsapy_fallback_from_yahoo,acilis,2026-09-22T07:15:41Z
2026-09-22,CRFSA,246.1,246.1,246.1,246.1,1420,borsapy_fallback_from_yahoo,acilis,2026-09-22T07:15:41Z
2026-09-22,CUSAN,19.54,19.54,19.54,19.54,1896,borsapy_fallback_from_yahoo,acilis,2026-09-22T07:15:41Z
2026-09-22,CVKMD,13.36,13.36,13.36,13.36,181989,borsapy_fallback_from_yahoo,acilis,2026-09-22T07:15:41Z
2026-09-22,CWENE,23.4,23.4,23.4,23.4,118740,borsapy_fallback_from_yahoo,acilis,2026-09-22T07:15:41Z
2026-09-22,DAGI,5.46,5.46,5.46,5.46,29208,borsapy_fallback_from_yahoo,acilis,2026-09-22T07:15:41Z
2026-09-22,DAPGM,4.99,4.99,4.99,4.99,193174,borsapy_fallback_from_yahoo,acilis,2026-09-22T07:15:41Z
2026-09-22,DARDL,1.28,1.28,1.28,1.28,30667,borsapy_fallback_from_yahoo,acilis,2026-09-22T07:15:41Z
2026-09-22,DCTTR,4.02,4.02,4.02,4.02,49257,borsapy_fallback_from_yahoo,acilis,2026-09-22T07:15:41Z
2026-09-22,DENGE,2.03,2.03,2.03,2.03,159419,borsapy_fallback_from_yahoo,acilis,2026-09-22T07:15:41Z
2026-09-22,DERHL,1.67,1.67,1.67,1.67,75828,borsapy_fallback_from_yahoo,acilis,2026-09-22T07:15:41Z
2026-09-22,DERIM,29.64,29.64,29.64,29.64,227,borsapy_fallback_from_yahoo,acilis,2026-09-22T07:15:41Z
2026-09-22,DESA,8.82,8.82,8.82,8.82,2156,borsapy_fallback_from_yahoo,acilis,2026-09-22T07:15:41Z
2026-09-22,DESPC,32,32,32,32,571,borsapy_fallback_from_yahoo,acilis,2026-09-22T07:15:41Z
2026-09-22,DEVA,96.2,96.2,96.2,96.2,667,borsapy_fallback_from_yahoo,acilis,2026-09-22T07:15:41Z
2026-09-22,DGATE,58.15,58.15,58.15,58.15,38055,borsapy_fallback_from_yahoo,acilis,2026-09-22T07:15:41Z
2026-09-22,DGGYO,27.08,27.08,27.08,27.08,200,borsapy_fallback_from_yahoo,acilis,2026-09-22T07:15:41Z
2026-09-22,DGNMO,4.85,4.85,4.85,4.85,46469,borsapy_fallback_from_yahoo,acilis,2026-09-22T07:15:41Z
2026-09-22,DIRIT,20,20,20,20,12858,borsapy_fallback_from_yahoo,acilis,2026-09-22T07:15:41Z
2026-09-22,DITAS,9.9,9.9,9.9,9.9,13146,borsapy_fallback_from_yahoo,acilis,2026-09-22T07:15:41Z
2026-09-22,DMLKT,6.95,6.95,6.95,6.95,98027,borsapy_fallback_from_yahoo,acilis,2026-09-22T07:15:41Z
2026-09-22,DMRGD,9.03,9.03,9.03,9.03,17870,borsapy_fallback_from_yahoo,acilis,2026-09-22T07:15:41Z
2026-09-22,DMSAS,5.53,5.53,5.53,5.53,23848,borsapy_fallback_from_yahoo,acilis,2026-09-22T07:15:41Z
2026-09-22,DNISI,4.14,4.14,4.14,4.14,20954,borsapy_fallback_from_yahoo,acilis,2026-09-22T07:15:41Z
2026-09-22,DOAS,156,156,156,156,7582,borsapy_fallback_from_yahoo,acilis,2026-09-22T07:15:41Z
2026-09-22,DOCO,10697.5,10697.5,10697.5,10697.5,9,borsapy_fallback_from_yahoo,acilis,2026-09-22T07:15:41Z
2026-09-22,DOFER,23.38,23.38,23.38,23.38,880,borsapy_fallback_from_yahoo,acilis,2026-09-22T07:15:41Z
2026-09-22,DOFRB,82.1,82.1,82.1,82.1,2194,borsapy_fallback_from_yahoo,acilis,2026-09-22T07:15:41Z
2026-09-22,DOGUB,35.28,35.28,35.28,35.28,236,borsapy_fallback_from_yahoo,acilis,2026-09-22T07:15:41Z
2026-09-22,DOHOL,20,20,20,20,143020,borsapy_fallback_from_yahoo,acilis,2026-09-22T07:15:41Z
2026-09-22,DOKTA,19.19,19.19,19.19,19.19,1255,borsapy_fallback_from_yahoo,acilis,2026-09-22T07:15:41Z
2026-09-22,DSTKF,1608,1608,1608,1608,60,borsapy_fallback_from_yahoo,acilis,2026-09-22T07:15:41Z
2026-09-22,DUNYH,61.1,61.1,61.1,61.1,1698,borsapy_fallback_from_yahoo,acilis,2026-09-22T07:15:41Z
2026-09-22,DURDO,4.06,4.06,4.06,4.06,26452,borsapy_fallback_from_yahoo,acilis,2026-09-22T07:15:41Z
2026-09-22,DURKN,12.15,12.15,12.15,12.15,61996,borsapy_fallback_from_yahoo,acilis,2026-09-22T07:15:41Z
2026-09-22,DYOBY,11.25,11.25,11.25,11.25,441,borsapy_fallback_from_yahoo,acilis,2026-09-22T07:15:41Z
2026-09-22,DZGYO,6.74,6.74,6.74,6.74,4846,borsapy_fallback_from_yahoo,acilis,2026-09-22T07:15:41Z
2026-09-22,EBEBK,80.9,80.9,80.9,80.9,2289,borsapy_fallback_from_yahoo,acilis,2026-09-22T07:15:41Z
2026-09-22,ECILC,57.6,57.6,57.6,57.6,11769,borsapy_fallback_from_yahoo,acilis,2026-09-22T07:15:41Z
2026-09-22,ECOGR,30.5,30.5,30.5,30.5,61842,borsapy_fallback_from_yahoo,acilis,2026-09-22T07:15:41Z
2026-09-22,ECZYT,190.9,190.9,190.9,190.9,251859,borsapy_fallback_from_yahoo,acilis,2026-09-22T07:15:41Z
2026-09-22,EDATA,10.1,10.1,10.1,10.1,2712,borsapy_fallback_from_yahoo,acilis,2026-09-22T07:15:41Z
2026-09-22,EDIP,30.6,30.6,30.6,30.6,440,borsapy_fallback_from_yahoo,acilis,2026-09-22T07:15:41Z
2026-09-22,EFOR,17.36,17.36,17.36,17.36,1086913,borsapy_fallback_from_yahoo,acilis,2026-09-22T07:15:41Z
2026-09-22,EGEEN,4880,4880,4880,4880,425,borsapy_fallback_from_yahoo,acilis,2026-09-22T07:15:41Z
2026-09-22,EGEGY,14.09,14.09,14.09,14.09,111497,borsapy_fallback_from_yahoo,acilis,2026-09-22T07:15:41Z
2026-09-22,EGEPO,7.16,7.16,7.16,7.16,1337,borsapy_fallback_from_yahoo,acilis,2026-09-22T07:15:41Z
2026-09-22,EGGUB,99.35,99.35,99.35,99.35,125,borsapy_fallback_from_yahoo,acilis,2026-09-22T07:15:41Z
2026-09-22,EGPRO,33.88,33.88,33.88,33.88,2997,borsapy_fallback_from_yahoo,acilis,2026-09-22T07:15:41Z
2026-09-22,EGSER,2.62,2.62,2.62,2.62,12068,borsapy_fallback_from_yahoo,acilis,2026-09-22T07:15:41Z
2026-09-22,EKDMR,35.96,35.96,35.96,35.96,21831,borsapy_fallback_from_yahoo,acilis,2026-09-22T07:15:41Z
2026-09-22,EKGYO,19.17,19.17,19.17,19.17,279932,borsapy_fallback_from_yahoo,acilis,2026-09-22T07:15:41Z
2026-09-22,EKIM,14.6,14.6,14.6,14.6,52608,borsapy_fallback_from_yahoo,acilis,2026-09-22T07:15:41Z
2026-09-22,EKIZ,46.2,46.2,46.2,46.2,1705,borsapy_fallback_from_yahoo,acilis,2026-09-22T07:15:41Z
2026-09-22,EKOS,3.86,3.86,3.86,3.86,15430,borsapy_fallback_from_yahoo,acilis,2026-09-22T07:15:41Z
2026-09-22,EKSUN,4.43,4.43,4.43,4.43,8711,borsapy_fallback_from_yahoo,acilis,2026-09-22T07:15:41Z
2026-09-22,ELITE,21.2,21.2,21.2,21.2,5454,borsapy_fallback_from_yahoo,acilis,2026-09-22T07:15:41Z
2026-09-22,EMKEL,8.22,8.22,8.22,8.22,192823,borsapy_fallback_from_yahoo,acilis,2026-09-22T07:15:41Z
2026-09-22,EMNIS,136,136,136,136,1103,borsapy_fallback_from_yahoo,acilis,2026-09-22T07:15:41Z
2026-09-22,EMPAE,51.6,51.6,51.6,51.6,3119,borsapy_fallback_from_yahoo,acilis,2026-09-22T07:15:41Z
2026-09-22,ENDAE,14.53,14.53,14.53,14.53,6057,borsapy_fallback_from_yahoo,acilis,2026-09-22T07:15:41Z
2026-09-22,ENERY,12,12,12,12,592224,borsapy_fallback_from_yahoo,acilis,2026-09-22T07:15:41Z
2026-09-22,ENJSA,109,109,109,109,7606,borsapy_fallback_from_yahoo,acilis,2026-09-22T07:15:41Z
2026-09-22,ENKAI,86.35,86.35,86.35,86.35,16023,borsapy_fallback_from_yahoo,acilis,2026-09-22T07:15:41Z
2026-09-22,ENPRA,43.56,43.56,43.56,43.56,10643,borsapy_fallback_from_yahoo,acilis,2026-09-22T07:15:41Z
2026-09-22,ENSRI,3.47,3.47,3.47,3.47,34880,borsapy_fallback_from_yahoo,acilis,2026-09-22T07:15:41Z
2026-09-22,ENTRA,3.95,3.95,3.95,3.95,149794,borsapy_fallback_from_yahoo,acilis,2026-09-22T07:15:41Z
2026-09-22,EPLAS,5.4,5.4,5.4,5.4,104446,borsapy_fallback_from_yahoo,acilis,2026-09-22T07:15:41Z
2026-09-22,ERBOS,122.1,122.1,122.1,122.1,35,borsapy_fallback_from_yahoo,acilis,2026-09-22T07:15:41Z
2026-09-22,ERCB,38.9,38.9,38.9,38.9,5721,borsapy_fallback_from_yahoo,acilis,2026-09-22T07:15:41Z
2026-09-22,EREGL,37.3,37.3,37.3,37.3,216543,borsapy_fallback_from_yahoo,acilis,2026-09-22T07:15:41Z
2026-09-22,ERSU,14.15,14.15,14.15,14.15,14545,borsapy_fallback_from_yahoo,acilis,2026-09-22T07:15:41Z
2026-09-22,ESCAR,27.24,27.24,27.24,27.24,214,borsapy_fallback_from_yahoo,acilis,2026-09-22T07:15:41Z
2026-09-22,ESCOM,4.58,4.58,4.58,4.58,33677,borsapy_fallback_from_yahoo,acilis,2026-09-22T07:15:41Z
2026-09-22,ESEN,2.91,2.91,2.91,2.91,160015,borsapy_fallback_from_yahoo,acilis,2026-09-22T07:15:41Z
2026-09-22,ETILR,5.8,5.8,5.8,5.8,18345,borsapy_fallback_from_yahoo,acilis,2026-09-22T07:15:41Z
2026-09-22,ETYAT,7.57,7.57,7.57,7.57,8257,borsapy_fallback_from_yahoo,acilis,2026-09-22T07:15:41Z
2026-09-22,EUHOL,7.1,7.1,7.1,7.1,17089,borsapy_fallback_from_yahoo,acilis,2026-09-22T07:15:41Z
2026-09-22,EUKYO,10.14,10.14,10.14,10.14,1355,borsapy_fallback_from_yahoo,acilis,2026-09-22T07:15:41Z
2026-09-22,EUPWR,60.75,60.75,60.75,60.75,114465,borsapy_fallback_from_yahoo,acilis,2026-09-22T07:15:41Z
2026-09-22,EUREN,3.13,3.13,3.13,3.13,96754,borsapy_fallback_from_yahoo,acilis,2026-09-22T07:15:41Z
2026-09-22,EUYO,3.58,3.58,3.58,3.58,4032,borsapy_fallback_from_yahoo,acilis,2026-09-22T07:15:41Z
2026-09-22,EYGYO,2.32,2.32,2.32,2.32,43614,borsapy_fallback_from_yahoo,acilis,2026-09-22T07:15:41Z
2026-09-22,FADE,12.15,12.15,12.15,12.15,309,borsapy_fallback_from_yahoo,acilis,2026-09-22T07:15:41Z
2026-09-22,FENER,2.58,2.58,2.58,2.58,681320,borsapy_fallback_from_yahoo,acilis,2026-09-22T07:15:41Z
2026-09-22,FLAP,11.34,11.34,11.34,11.34,2919,borsapy_fallback_from_yahoo,acilis,2026-09-22T07:15:41Z
2026-09-22,FMIZP,259.75,259.75,259.75,259.75,41,borsapy_fallback_from_yahoo,acilis,2026-09-22T07:15:41Z
2026-09-22,FONET,4.08,4.08,4.08,4.08,77371,borsapy_fallback_from_yahoo,acilis,2026-09-22T07:15:41Z
2026-09-22,FORMT,1.17,1.17,1.17,1.17,83149,borsapy_fallback_from_yahoo,acilis,2026-09-22T07:15:41Z
2026-09-22,FORTE,97.5,97.5,97.5,97.5,1686,borsapy_fallback_from_yahoo,acilis,2026-09-22T07:15:41Z
2026-09-22,FRIGO,1.59,1.59,1.59,1.59,1524133,borsapy_fallback_from_yahoo,acilis,2026-09-22T07:15:41Z
2026-09-22,FRMPL,23.6,23.6,23.6,23.6,1740,borsapy_fallback_from_yahoo,acilis,2026-09-22T07:15:41Z
2026-09-22,FROTO,77.85,77.85,77.85,77.85,69743,borsapy_fallback_from_yahoo,acilis,2026-09-22T07:15:41Z
2026-09-22,FZLGY,6.72,6.72,6.72,6.72,60139,borsapy_fallback_from_yahoo,acilis,2026-09-22T07:15:41Z
2026-09-22,GARAN,133,133,133,133,135422,borsapy_fallback_from_yahoo,acilis,2026-09-22T07:15:41Z
2026-09-22,GARFA,24.34,24.34,24.34,24.34,615,borsapy_fallback_from_yahoo,acilis,2026-09-22T07:15:41Z
2026-09-22,GATEG,176.8,176.8,176.8,176.8,557,borsapy_fallback_from_yahoo,acilis,2026-09-22T07:15:41Z
2026-09-22,GEDIK,5.38,5.38,5.38,5.38,54611,borsapy_fallback_from_yahoo,acilis,2026-09-22T07:15:41Z
2026-09-22,GEDZA,23.7,23.7,23.7,23.7,243,borsapy_fallback_from_yahoo,acilis,2026-09-22T07:15:41Z
2026-09-22,GENIL,6.62,6.62,6.62,6.62,6016213,borsapy_fallback_from_yahoo,acilis,2026-09-22T07:15:41Z
2026-09-22,GENKM,7.98,7.98,7.98,7.98,21226,borsapy_fallback_from_yahoo,acilis,2026-09-22T07:15:41Z
2026-09-22,GENTS,4.44,4.44,4.44,4.44,17387,borsapy_fallback_from_yahoo,acilis,2026-09-22T07:15:41Z
2026-09-22,GEREL,25.9,25.9,25.9,25.9,17150,borsapy_fallback_from_yahoo,acilis,2026-09-22T07:15:41Z
2026-09-22,GESAN,44.1,44.1,44.1,44.1,151606,borsapy_fallback_from_yahoo,acilis,2026-09-22T07:15:41Z
2026-09-22,GIPTA,40.5,40.5,40.5,40.5,7353,borsapy_fallback_from_yahoo,acilis,2026-09-22T07:15:41Z
2026-09-22,GLBMD,9.64,9.64,9.64,9.64,501,borsapy_fallback_from_yahoo,acilis,2026-09-22T07:15:41Z
2026-09-22,GLCVY,46.12,46.12,46.12,46.12,1403,borsapy_fallback_from_yahoo,acilis,2026-09-22T07:15:41Z
2026-09-22,GLRMK,141,141,141,141,8495,borsapy_fallback_from_yahoo,acilis,2026-09-22T07:15:41Z
2026-09-22,GLRYH,1.8,1.8,1.8,1.8,1461918,borsapy_fallback_from_yahoo,acilis,2026-09-22T07:15:41Z
2026-09-22,GLYHO,15.6,15.6,15.6,15.6,10820,borsapy_fallback_from_yahoo,acilis,2026-09-22T07:15:41Z
2026-09-22,GMTAS,47.8,47.8,47.8,47.8,94725,borsapy_fallback_from_yahoo,acilis,2026-09-22T07:15:41Z
2026-09-22,GOKNR,15.5,15.5,15.5,15.5,57614,borsapy_fallback_from_yahoo,acilis,2026-09-22T07:15:41Z
2026-09-22,GOLDA,9.91,9.91,9.91,9.91,20588,borsapy_fallback_from_yahoo,acilis,2026-09-22T07:15:41Z
2026-09-22,GOLTS,260.75,260.75,260.75,260.75,59,borsapy_fallback_from_yahoo,acilis,2026-09-22T07:15:41Z
2026-09-22,GOODY,2.32,2.32,2.32,2.32,11717,borsapy_fallback_from_yahoo,acilis,2026-09-22T07:15:41Z
2026-09-22,GOZDE,19.97,19.97,19.97,19.97,1000,borsapy_fallback_from_yahoo,acilis,2026-09-22T07:15:41Z
2026-09-22,GRNYO,8.03,8.03,8.03,8.03,131398,borsapy_fallback_from_yahoo,acilis,2026-09-22T07:15:41Z
2026-09-22,GRSEL,273,273,273,273,1308,borsapy_fallback_from_yahoo,acilis,2026-09-22T07:15:41Z
2026-09-22,GRTHO,130.3,130.3,130.3,130.3,1313,borsapy_fallback_from_yahoo,acilis,2026-09-22T07:15:41Z
2026-09-22,GSDDE,12.12,12.12,12.12,12.12,81564,borsapy_fallback_from_yahoo,acilis,2026-09-22T07:15:41Z
2026-09-22,GSDHO,4.06,4.06,4.06,4.06,26388,borsapy_fallback_from_yahoo,acilis,2026-09-22T07:15:41Z
2026-09-22,GSRAY,0.91,0.91,0.91,0.91,467701,borsapy_fallback_from_yahoo,acilis,2026-09-22T07:15:41Z
2026-09-22,GUBRF,440.25,440.25,440.25,440.25,38479,borsapy_fallback_from_yahoo,acilis,2026-09-22T07:15:41Z
2026-09-22,GUNDG,434,434,434,434,40,borsapy_fallback_from_yahoo,acilis,2026-09-22T07:15:41Z
2026-09-22,GWIND,21.16,21.16,21.16,21.16,26238,borsapy_fallback_from_yahoo,acilis,2026-09-22T07:15:41Z
2026-09-22,GZNMI,37.8,37.8,37.8,37.8,903,borsapy_fallback_from_yahoo,acilis,2026-09-22T07:15:41Z
2026-09-22,HALKB,47.2,47.2,47.2,47.2,165224,borsapy_fallback_from_yahoo,acilis,2026-09-22T07:15:41Z
2026-09-22,HATEK,10.9,10.9,10.9,10.9,49,borsapy_fallback_from_yahoo,acilis,2026-09-22T07:15:41Z
2026-09-22,HATSN,35.48,35.48,35.48,35.48,94629,borsapy_fallback_from_yahoo,acilis,2026-09-22T07:15:41Z
2026-09-22,HDFGS,1.25,1.25,1.25,1.25,140207,borsapy_fallback_from_yahoo,acilis,2026-09-22T07:15:41Z
2026-09-22,HEDEF,15.68,15.68,15.68,15.68,14894,borsapy_fallback_from_yahoo,acilis,2026-09-22T07:15:41Z
2026-09-22,HEKTS,2.28,2.28,2.28,2.28,868678,borsapy_fallback_from_yahoo,acilis,2026-09-22T07:15:41Z
2026-09-22,HKTM,11.02,11.02,11.02,11.02,19538,borsapy_fallback_from_yahoo,acilis,2026-09-22T07:15:41Z
2026-09-22,HLGYO,4.02,4.02,4.02,4.02,120420,borsapy_fallback_from_yahoo,acilis,2026-09-22T07:15:41Z
2026-09-22,HOROZ,45.92,45.92,45.92,45.92,554,borsapy_fallback_from_yahoo,acilis,2026-09-22T07:15:41Z
2026-09-22,HRKET,7,7,7,7,1025497,borsapy_fallback_from_yahoo,acilis,2026-09-22T07:15:41Z
2026-09-22,HTTBT,30.44,30.44,30.44,30.44,2211,borsapy_fallback_from_yahoo,acilis,2026-09-22T07:15:41Z
2026-09-22,HUBVC,1.64,1.64,1.64,1.64,50000,borsapy_fallback_from_yahoo,acilis,2026-09-22T07:15:41Z
2026-09-22,HUNER,3.92,3.92,3.92,3.92,70018,borsapy_fallback_from_yahoo,acilis,2026-09-22T07:15:41Z
2026-09-22,HURGZ,6.5,6.5,6.5,6.5,156,borsapy_fallback_from_yahoo,acilis,2026-09-22T07:15:41Z
2026-09-22,ICBCT,16.69,16.69,16.69,16.69,2330,borsapy_fallback_from_yahoo,acilis,2026-09-22T07:15:41Z
2026-09-22,ICUGS,2.11,2.11,2.11,2.11,89259,borsapy_fallback_from_yahoo,acilis,2026-09-22T07:15:41Z
2026-09-22,IDGYO,2.44,2.44,2.44,2.44,1589,borsapy_fallback_from_yahoo,acilis,2026-09-22T07:15:41Z
2026-09-22,IEYHO,135.9,135.9,135.9,135.9,188,borsapy_fallback_from_yahoo,acilis,2026-09-22T07:15:41Z
2026-09-22,IHAAS,33.66,33.66,33.66,33.66,4427,borsapy_fallback_from_yahoo,acilis,2026-09-22T07:15:41Z
2026-09-22,IHEVA,1.67,1.67,1.67,1.67,12543,borsapy_fallback_from_yahoo,acilis,2026-09-22T07:15:41Z
2026-09-22,IHGZT,1.05,1.05,1.05,1.05,147962,borsapy_fallback_from_yahoo,acilis,2026-09-22T07:15:41Z
2026-09-22,IHLAS,0.97,0.97,0.97,0.97,445388,borsapy_fallback_from_yahoo,acilis,2026-09-22T07:15:41Z
2026-09-22,IHLGM,1.37,1.37,1.37,1.37,15676,borsapy_fallback_from_yahoo,acilis,2026-09-22T07:15:41Z
2026-09-22,IHYAY,1.06,1.06,1.06,1.06,14509,borsapy_fallback_from_yahoo,acilis,2026-09-22T07:15:41Z
2026-09-22,IMASM,1.8,1.8,1.8,1.8,86355,borsapy_fallback_from_yahoo,acilis,2026-09-22T07:15:41Z
2026-09-22,INDES,10.37,10.37,10.37,10.37,131296,borsapy_fallback_from_yahoo,acilis,2026-09-22T07:15:41Z
2026-09-22,INFO,1.45,1.45,1.45,1.45,275565,borsapy_fallback_from_yahoo,acilis,2026-09-22T07:15:41Z
2026-09-22,INGRM,310,310,310,310,250,borsapy_fallback_from_yahoo,acilis,2026-09-22T07:15:41Z
2026-09-22,INTEK,166,166,166,166,1128,borsapy_fallback_from_yahoo,acilis,2026-09-22T07:15:41Z
2026-09-22,INTEM,213.3,213.3,213.3,213.3,105,borsapy_fallback_from_yahoo,acilis,2026-09-22T07:15:41Z
2026-09-22,INTET,53.5,53.5,53.5,53.5,138140,borsapy_fallback_from_yahoo,acilis,2026-09-22T07:15:41Z
2026-09-22,INVEO,6.42,6.42,6.42,6.42,25083,borsapy_fallback_from_yahoo,acilis,2026-09-22T07:15:41Z
2026-09-22,INVES,749,749,749,749,159,borsapy_fallback_from_yahoo,acilis,2026-09-22T07:15:41Z
2026-09-22,ISBIR,63,63,63,63,3231,borsapy_fallback_from_yahoo,acilis,2026-09-22T07:15:41Z
2026-09-22,ISCTR,13.62,13.62,13.62,13.62,1785880,borsapy_fallback_from_yahoo,acilis,2026-09-22T07:15:41Z
2026-09-22,ISDMR,62.45,62.45,62.45,62.45,15044,borsapy_fallback_from_yahoo,acilis,2026-09-22T07:15:41Z
2026-09-22,ISFIN,18.85,18.85,18.85,18.85,2353,borsapy_fallback_from_yahoo,acilis,2026-09-22T07:15:41Z
2026-09-22,ISGYO,23.7,23.7,23.7,23.7,4762,borsapy_fallback_from_yahoo,acilis,2026-09-22T07:15:41Z
2026-09-22,ISKPL,3.85,3.85,3.85,3.85,133070,borsapy_fallback_from_yahoo,acilis,2026-09-22T07:15:41Z
2026-09-22,ISMEN,33.66,33.66,33.66,33.66,27802,borsapy_fallback_from_yahoo,acilis,2026-09-22T07:15:41Z
2026-09-22,ISSEN,5.95,5.95,5.95,5.95,109,borsapy_fallback_from_yahoo,acilis,2026-09-22T07:15:41Z
2026-09-22,ISVEA,57.45,57.45,57.45,57.45,1361,borsapy_fallback_from_yahoo,acilis,2026-09-22T07:15:41Z
2026-09-22,IZENR,3.91,3.91,3.91,3.91,834979,borsapy_fallback_from_yahoo,acilis,2026-09-22T07:15:41Z
2026-09-22,IZFAS,30.14,30.14,30.14,30.14,3583,borsapy_fallback_from_yahoo,acilis,2026-09-22T07:15:41Z
2026-09-22,IZINV,32.94,32.94,32.94,32.94,37227,borsapy_fallback_from_yahoo,acilis,2026-09-22T07:15:41Z
2026-09-22,IZMDC,7,7,7,7,10803,borsapy_fallback_from_yahoo,acilis,2026-09-22T07:15:41Z
2026-09-22,JANTS,14.6,14.6,14.6,14.6,5131,borsapy_fallback_from_yahoo,acilis,2026-09-22T07:15:41Z
2026-09-22,KAPLM,198,198,198,198,1109,borsapy_fallback_from_yahoo,acilis,2026-09-22T07:15:41Z
2026-09-22,KARCL,137.7,137.7,137.7,137.7,1383,borsapy_fallback_from_yahoo,acilis,2026-09-22T07:15:41Z
2026-09-22,KAREL,6.23,6.23,6.23,6.23,13144,borsapy_fallback_from_yahoo,acilis,2026-09-22T07:15:41Z
2026-09-22,KARSN,9.28,9.28,9.28,9.28,92469,borsapy_fallback_from_yahoo,acilis,2026-09-22T07:15:41Z
2026-09-22,KARTN,101.8,101.8,101.8,101.8,16756,borsapy_fallback_from_yahoo,acilis,2026-09-22T07:15:41Z
2026-09-22,KATMR,1.59,1.59,1.59,1.59,263489,borsapy_fallback_from_yahoo,acilis,2026-09-22T07:15:41Z
2026-09-22,KAYSE,3.42,3.42,3.42,3.42,17517,borsapy_fallback_from_yahoo,acilis,2026-09-22T07:15:41Z
2026-09-22,KBORU,10.32,10.32,10.32,10.32,264747,borsapy_fallback_from_yahoo,acilis,2026-09-22T07:15:41Z
2026-09-22,KCAER,10.91,10.91,10.91,10.91,79643,borsapy_fallback_from_yahoo,acilis,2026-09-22T07:15:41Z
2026-09-22,KCHOL,222.2,222.2,222.2,222.2,33186,borsapy_fallback_from_yahoo,acilis,2026-09-22T07:15:41Z
2026-09-22,KENT,304,304,304,304,1181,borsapy_fallback_from_yahoo,acilis,2026-09-22T07:15:41Z
2026-09-22,KERVN,7.64,7.64,7.64,7.64,110448,borsapy_fallback_from_yahoo,acilis,2026-09-22T07:15:41Z
2026-09-22,KFEIN,6.28,6.28,6.28,6.28,1943,borsapy_fallback_from_yahoo,acilis,2026-09-22T07:15:41Z
2026-09-22,KGYO,9.56,9.56,9.56,9.56,53632,borsapy_fallback_from_yahoo,acilis,2026-09-22T07:15:41Z
2026-09-22,KIMMR,11.9,11.9,11.9,11.9,3570,borsapy_fallback_from_yahoo,acilis,2026-09-22T07:15:41Z
2026-09-22,KLGYO,4,4,4,4,13239,borsapy_fallback_from_yahoo,acilis,2026-09-22T07:15:41Z
2026-09-22,KLKIM,23.38,23.38,23.38,23.38,8345,borsapy_fallback_from_yahoo,acilis,2026-09-22T07:15:41Z
2026-09-22,KLMSN,22.5,22.5,22.5,22.5,3180,borsapy_fallback_from_yahoo,acilis,2026-09-22T07:15:41Z
2026-09-22,KLNMA,8.33,8.33,8.33,8.33,7828,borsapy_fallback_from_yahoo,acilis,2026-09-22T07:15:41Z
2026-09-22,KLRHO,34.32,34.32,34.32,34.32,19559,borsapy_fallback_from_yahoo,acilis,2026-09-22T07:15:41Z
2026-09-22,KLSER,20.1,20.1,20.1,20.1,3154,borsapy_fallback_from_yahoo,acilis,2026-09-22T07:15:41Z
2026-09-22,KLSYN,12.95,12.95,12.95,12.95,1509,borsapy_fallback_from_yahoo,acilis,2026-09-22T07:15:41Z
2026-09-22,KLYPV,56.95,56.95,56.95,56.95,7901,borsapy_fallback_from_yahoo,acilis,2026-09-22T07:15:41Z
2026-09-22,KMPUR,15.55,15.55,15.55,15.55,1006,borsapy_fallback_from_yahoo,acilis,2026-09-22T07:15:41Z
2026-09-22,KNFRT,10.33,10.33,10.33,10.33,3187,borsapy_fallback_from_yahoo,acilis,2026-09-22T07:15:41Z
2026-09-22,KOCMT,2.51,2.51,2.51,2.51,158477,borsapy_fallback_from_yahoo,acilis,2026-09-22T07:15:41Z
2026-09-22,KONKA,7.39,7.39,7.39,7.39,21225,borsapy_fallback_from_yahoo,acilis,2026-09-22T07:15:41Z
2026-09-22,KONTR,2.31,2.31,2.31,2.31,508385,borsapy_fallback_from_yahoo,acilis,2026-09-22T07:15:41Z
2026-09-22,KONYA,3577.5,3577.5,3577.5,3577.5,25,borsapy_fallback_from_yahoo,acilis,2026-09-22T07:15:41Z
2026-09-22,KOPOL,3.66,3.66,3.66,3.66,31923,borsapy_fallback_from_yahoo,acilis,2026-09-22T07:15:41Z
2026-09-22,KORDS,3.07,3.07,3.07,3.07,144196,borsapy_fallback_from_yahoo,acilis,2026-09-22T07:15:41Z
2026-09-22,KOTON,11.2,11.2,11.2,11.2,11101,borsapy_fallback_from_yahoo,acilis,2026-09-22T07:15:41Z
2026-09-22,KPEKS,62.05,62.05,62.05,62.05,38263,borsapy_fallback_from_yahoo,acilis,2026-09-22T07:15:41Z
2026-09-22,KRDMA,44.08,44.08,44.08,44.08,50624,borsapy_fallback_from_yahoo,acilis,2026-09-22T07:15:41Z
2026-09-22,KRDMB,71.55,71.55,71.55,71.55,8117,borsapy_fallback_from_yahoo,acilis,2026-09-22T07:15:41Z
2026-09-22,KRDMD,45.24,45.24,45.24,45.24,74536,borsapy_fallback_from_yahoo,acilis,2026-09-22T07:15:41Z
2026-09-22,KRGYO,3.22,3.22,3.22,3.22,114901,borsapy_fallback_from_yahoo,acilis,2026-09-22T07:15:41Z
2026-09-22,KRONT,18.93,18.93,18.93,18.93,2009,borsapy_fallback_from_yahoo,acilis,2026-09-22T07:15:41Z
2026-09-22,KRPLS,11.61,11.61,11.61,11.61,13285,borsapy_fallback_from_yahoo,acilis,2026-09-22T07:15:41Z
2026-09-22,KRSTL,7.82,7.82,7.82,7.82,8025,borsapy_fallback_from_yahoo,acilis,2026-09-22T07:15:41Z
2026-09-22,KRTEK,5.13,5.13,5.13,5.13,631,borsapy_fallback_from_yahoo,acilis,2026-09-22T07:15:41Z
2026-09-22,KRVGD,2.05,2.05,2.05,2.05,15398,borsapy_fallback_from_yahoo,acilis,2026-09-22T07:15:41Z
2026-09-22,KSTUR,2100,2100,2100,2100,66,borsapy_fallback_from_yahoo,acilis,2026-09-22T07:15:41Z
2026-09-22,KTLEV,18.04,18.04,18.04,18.04,57150,borsapy_fallback_from_yahoo,acilis,2026-09-22T07:15:41Z
2026-09-22,KTSKR,60.5,60.5,60.5,60.5,173,borsapy_fallback_from_yahoo,acilis,2026-09-22T07:15:41Z
2026-09-22,KUTPO,71.65,71.65,71.65,71.65,255,borsapy_fallback_from_yahoo,acilis,2026-09-22T07:15:41Z
2026-09-22,KUVVA,115.1,115.1,115.1,115.1,610,borsapy_fallback_from_yahoo,acilis,2026-09-22T07:15:41Z
2026-09-22,KUYAS,41.22,41.22,41.22,41.22,19092,borsapy_fallback_from_yahoo,acilis,2026-09-22T07:15:41Z
2026-09-22,KZBGY,1.43,1.43,1.43,1.43,98382,borsapy_fallback_from_yahoo,acilis,2026-09-22T07:15:41Z
2026-09-22,KZGYO,16.42,16.42,16.42,16.42,101392,borsapy_fallback_from_yahoo,acilis,2026-09-22T07:15:41Z
2026-09-22,LIDER,12.8,12.8,12.8,12.8,47405,borsapy_fallback_from_yahoo,acilis,2026-09-22T07:15:41Z
2026-09-22,LIDFA,1.6,1.6,1.6,1.6,573761,borsapy_fallback_from_yahoo,acilis,2026-09-22T07:15:41Z
2026-09-22,LILAK,26.1,26.1,26.1,26.1,7921,borsapy_fallback_from_yahoo,acilis,2026-09-22T07:15:41Z
2026-09-22,LINK,4.02,4.02,4.02,4.02,23860,borsapy_fallback_from_yahoo,acilis,2026-09-22T07:15:41Z
2026-09-22,LKMNH,12.14,12.14,12.14,12.14,4241,borsapy_fallback_from_yahoo,acilis,2026-09-22T07:15:41Z
2026-09-22,LMKDC,22.62,22.62,22.62,22.62,9107,borsapy_fallback_from_yahoo,acilis,2026-09-22T07:15:41Z
2026-09-22,LOGO,138.8,138.8,138.8,138.8,2480,borsapy_fallback_from_yahoo,acilis,2026-09-22T07:15:41Z
2026-09-22,LRSHO,2.11,2.11,2.11,2.11,83055,borsapy_fallback_from_yahoo,acilis,2026-09-22T07:15:41Z
2026-09-22,LUKSK,65.3,65.3,65.3,65.3,1080,borsapy_fallback_from_yahoo,acilis,2026-09-22T07:15:41Z
2026-09-22,LXGYO,6.73,6.73,6.73,6.73,7957,borsapy_fallback_from_yahoo,acilis,2026-09-22T07:15:41Z
2026-09-22,LYDHO,76.2,76.2,76.2,76.2,77,borsapy_fallback_from_yahoo,acilis,2026-09-22T07:15:41Z
2026-09-22,LYDYE,7565,7565,7565,7565,13,borsapy_fallback_from_yahoo,acilis,2026-09-22T07:15:41Z
2026-09-22,MAALT,909.5,909.5,909.5,909.5,5,borsapy_fallback_from_yahoo,acilis,2026-09-22T07:15:41Z
2026-09-22,MACKO,28.84,28.84,28.84,28.84,18388,borsapy_fallback_from_yahoo,acilis,2026-09-22T07:15:41Z
2026-09-22,MAGEN,22.08,22.08,22.08,22.08,34032,borsapy_fallback_from_yahoo,acilis,2026-09-22T07:15:41Z
2026-09-22,MAKIM,12.31,12.31,12.31,12.31,155,borsapy_fallback_from_yahoo,acilis,2026-09-22T07:15:41Z
2026-09-22,MAKTK,7.36,7.36,7.36,7.36,12306,borsapy_fallback_from_yahoo,acilis,2026-09-22T07:15:41Z
2026-09-22,MANAS,19.77,19.77,19.77,19.77,4240,borsapy_fallback_from_yahoo,acilis,2026-09-22T07:15:41Z
2026-09-22,MARBL,10.03,10.03,10.03,10.03,1341,borsapy_fallback_from_yahoo,acilis,2026-09-22T07:15:41Z
2026-09-22,MARMR,1.6,1.6,1.6,1.6,81946,borsapy_fallback_from_yahoo,acilis,2026-09-22T07:15:41Z
2026-09-22,MARTI,1.81,1.81,1.81,1.81,97954,borsapy_fallback_from_yahoo,acilis,2026-09-22T07:15:41Z
2026-09-22,MASFN,37.24,37.24,37.24,37.24,29192,borsapy_fallback_from_yahoo,acilis,2026-09-22T07:15:41Z
2026-09-22,MAVI,37.4,37.4,37.4,37.4,62962,borsapy_fallback_from_yahoo,acilis,2026-09-22T07:15:41Z
2026-09-22,MCARD,100.1,100.1,100.1,100.1,16783,borsapy_fallback_from_yahoo,acilis,2026-09-22T07:15:41Z
2026-09-22,MEDTR,19.99,19.99,19.99,19.99,137,borsapy_fallback_from_yahoo,acilis,2026-09-22T07:15:41Z
2026-09-22,MEGAP,1.34,1.34,1.34,1.34,158893,borsapy_fallback_from_yahoo,acilis,2026-09-22T07:15:41Z
2026-09-22,MEGMT,3.54,3.54,3.54,3.54,121159,borsapy_fallback_from_yahoo,acilis,2026-09-22T07:15:41Z
2026-09-22,MEKAG,2.35,2.35,2.35,2.35,19464,borsapy_fallback_from_yahoo,acilis,2026-09-22T07:15:41Z
2026-09-22,MEPET,18.1,18.1,18.1,18.1,1361,borsapy_fallback_from_yahoo,acilis,2026-09-22T07:15:41Z
2026-09-22,MERCN,14.13,14.13,14.13,14.13,8206,borsapy_fallback_from_yahoo,acilis,2026-09-22T07:15:41Z
2026-09-22,MERIT,14.47,14.47,14.47,14.47,3660,borsapy_fallback_from_yahoo,acilis,2026-09-22T07:15:41Z
2026-09-22,MERKO,1.02,1.02,1.02,1.02,118653,borsapy_fallback_from_yahoo,acilis,2026-09-22T07:15:41Z
2026-09-22,METEN,17.92,17.92,17.92,17.92,30285,borsapy_fallback_from_yahoo,acilis,2026-09-22T07:15:41Z
2026-09-22,METRO,6.42,6.42,6.42,6.42,5001,borsapy_fallback_from_yahoo,acilis,2026-09-22T07:15:41Z
2026-09-22,MEYSU,8.28,8.28,8.28,8.28,11988,borsapy_fallback_from_yahoo,acilis,2026-09-22T07:15:41Z
2026-09-22,MGROS,538,538,538,538,30249,borsapy_fallback_from_yahoo,acilis,2026-09-22T07:15:41Z
2026-09-22,MHRGY,1.94,1.94,1.94,1.94,1620,borsapy_fallback_from_yahoo,acilis,2026-09-22T07:15:41Z
2026-09-22,MIATK,20.52,20.52,20.52,20.52,108879,borsapy_fallback_from_yahoo,acilis,2026-09-22T07:15:41Z
2026-09-22,MMCAS,23,23,23,23,4737,borsapy_fallback_from_yahoo,acilis,2026-09-22T07:15:41Z
2026-09-22,MNDRS,10.01,10.01,10.01,10.01,2091,borsapy_fallback_from_yahoo,acilis,2026-09-22T07:15:41Z
2026-09-22,MNDTR,4.48,4.48,4.48,4.48,1060,borsapy_fallback_from_yahoo,acilis,2026-09-22T07:15:41Z
2026-09-22,MOBTL,10.4,10.4,10.4,10.4,20059,borsapy_fallback_from_yahoo,acilis,2026-09-22T07:15:41Z
2026-09-22,MOGAN,7.56,7.56,7.56,7.56,328690,borsapy_fallback_from_yahoo,acilis,2026-09-22T07:15:41Z
2026-09-22,MOPAS,20.74,20.74,20.74,20.74,350,borsapy_fallback_from_yahoo,acilis,2026-09-22T07:15:41Z
2026-09-22,MPARK,439.25,439.25,439.25,439.25,601,borsapy_fallback_from_yahoo,acilis,2026-09-22T07:15:41Z
2026-09-22,MRGYO,1.41,1.41,1.41,1.41,773551,borsapy_fallback_from_yahoo,acilis,2026-09-22T07:15:41Z
2026-09-22,MRSHL,1475,1475,1475,1475,63,borsapy_fallback_from_yahoo,acilis,2026-09-22T07:15:41Z
2026-09-22,MSGYO,5.1,5.1,5.1,5.1,1616,borsapy_fallback_from_yahoo,acilis,2026-09-22T07:15:41Z
2026-09-22,MTRKS,23.14,23.14,23.14,23.14,3054,borsapy_fallback_from_yahoo,acilis,2026-09-22T07:15:41Z
2026-09-22,MTRYO,8.78,8.78,8.78,8.78,3589,borsapy_fallback_from_yahoo,acilis,2026-09-22T07:15:41Z
2026-09-22,MZHLD,4.72,4.72,4.72,4.72,3500,borsapy_fallback_from_yahoo,acilis,2026-09-22T07:15:41Z
2026-09-22,NATEN,4.34,4.34,4.34,4.34,1438,borsapy_fallback_from_yahoo,acilis,2026-09-22T07:15:41Z
2026-09-22,NETAS,79.95,79.95,79.95,79.95,1516,borsapy_fallback_from_yahoo,acilis,2026-09-22T07:15:41Z
2026-09-22,NETCD,91,91,91,91,6649,borsapy_fallback_from_yahoo,acilis,2026-09-22T07:15:41Z
2026-09-22,NETGL,30.56,30.56,30.56,30.56,963906,borsapy_fallback_from_yahoo,acilis,2026-09-22T07:15:41Z
2026-09-22,NIBAS,3.29,3.29,3.29,3.29,34873,borsapy_fallback_from_yahoo,acilis,2026-09-22T07:15:41Z
2026-09-22,NTGAZ,10.59,10.59,10.59,10.59,3491,borsapy_fallback_from_yahoo,acilis,2026-09-22T07:15:41Z
2026-09-22,NTHOL,38.3,38.3,38.3,38.3,2136,borsapy_fallback_from_yahoo,acilis,2026-09-22T07:15:41Z
2026-09-22,NUGYO,7.92,7.92,7.92,7.92,256,borsapy_fallback_from_yahoo,acilis,2026-09-22T07:15:41Z
2026-09-22,NUHCM,197.1,197.1,197.1,197.1,222,borsapy_fallback_from_yahoo,acilis,2026-09-22T07:15:41Z
2026-09-22,OBAMS,4.25,4.25,4.25,4.25,56788,borsapy_fallback_from_yahoo,acilis,2026-09-22T07:15:41Z
2026-09-22,OBASE,30,30,30,30,3750,borsapy_fallback_from_yahoo,acilis,2026-09-22T07:15:41Z
2026-09-22,ODAS,6.65,6.65,6.65,6.65,68010,borsapy_fallback_from_yahoo,acilis,2026-09-22T07:15:41Z
2026-09-22,ODINE,374.75,374.75,374.75,374.75,189,borsapy_fallback_from_yahoo,acilis,2026-09-22T07:15:41Z
2026-09-22,OFSYM,60.35,60.35,60.35,60.35,1596,borsapy_fallback_from_yahoo,acilis,2026-09-22T07:15:41Z
2026-09-22,ONCSM,93.7,93.7,93.7,93.7,6081,borsapy_fallback_from_yahoo,acilis,2026-09-22T07:15:41Z
2026-09-22,ONRYT,11.3,11.3,11.3,11.3,539,borsapy_fallback_from_yahoo,acilis,2026-09-22T07:15:41Z
2026-09-22,ORCAY,2.6,2.6,2.6,2.6,25160,borsapy_fallback_from_yahoo,acilis,2026-09-22T07:15:41Z
2026-09-22,ORGE,22.32,22.32,22.32,22.32,10918,borsapy_fallback_from_yahoo,acilis,2026-09-22T07:15:41Z
2026-09-22,ORMA,119.8,119.8,119.8,119.8,722,borsapy_fallback_from_yahoo,acilis,2026-09-22T07:15:41Z
2026-09-22,ORZAX,75,75,75,75,9568,borsapy_fallback_from_yahoo,acilis,2026-09-22T07:15:41Z
2026-09-22,OSMEN,5.44,5.44,5.44,5.44,6733,borsapy_fallback_from_yahoo,acilis,2026-09-22T07:15:41Z
2026-09-22,OSTIM,1.43,1.43,1.43,1.43,10074,borsapy_fallback_from_yahoo,acilis,2026-09-22T07:15:41Z
2026-09-22,OTKAR,302,302,302,302,21836,borsapy_fallback_from_yahoo,acilis,2026-09-22T07:15:41Z
2026-09-22,OTTO,94,94,94,94,70,borsapy_fallback_from_yahoo,acilis,2026-09-22T07:15:41Z
2026-09-22,OYAKC,20.42,20.42,20.42,20.42,66722,borsapy_fallback_from_yahoo,acilis,2026-09-22T07:15:41Z
2026-09-22,OYAYO,35.5,35.5,35.5,35.5,1765,borsapy_fallback_from_yahoo,acilis,2026-09-22T07:15:41Z
2026-09-22,OYLUM,6.3,6.3,6.3,6.3,997,borsapy_fallback_from_yahoo,acilis,2026-09-22T07:15:41Z
2026-09-22,OYYAT,28.4,28.4,28.4,28.4,9661,borsapy_fallback_from_yahoo,acilis,2026-09-22T07:15:41Z
2026-09-22,OZATD,2945,2945,2945,2945,5,borsapy_fallback_from_yahoo,acilis,2026-09-22T07:15:41Z
2026-09-22,OZGYO,1.76,1.76,1.76,1.76,3200,borsapy_fallback_from_yahoo,acilis,2026-09-22T07:15:41Z
2026-09-22,OZKGY,11.95,11.95,11.95,11.95,2844,borsapy_fallback_from_yahoo,acilis,2026-09-22T07:15:41Z
2026-09-22,OZRDN,21,21,21,21,15553,borsapy_fallback_from_yahoo,acilis,2026-09-22T07:15:41Z
2026-09-22,OZSUB,39,39,39,39,10717,borsapy_fallback_from_yahoo,acilis,2026-09-22T07:15:41Z
2026-09-22,OZYSR,10.9,10.9,10.9,10.9,2172,borsapy_fallback_from_yahoo,acilis,2026-09-22T07:15:41Z
2026-09-22,PAGYO,122.9,122.9,122.9,122.9,937,borsapy_fallback_from_yahoo,acilis,2026-09-22T07:15:41Z
2026-09-22,PAHOL,1.01,1.01,1.01,1.01,1953971,borsapy_fallback_from_yahoo,acilis,2026-09-22T07:15:41Z
2026-09-22,PAMEL,53.05,53.05,53.05,53.05,21,borsapy_fallback_from_yahoo,acilis,2026-09-22T07:15:41Z
2026-09-22,PAPIL,9.45,9.45,9.45,9.45,14929,borsapy_fallback_from_yahoo,acilis,2026-09-22T07:15:41Z
2026-09-22,PARSN,62.8,62.8,62.8,62.8,149,borsapy_fallback_from_yahoo,acilis,2026-09-22T07:15:41Z
2026-09-22,PASEU,44.94,44.94,44.94,44.94,6254,borsapy_fallback_from_yahoo,acilis,2026-09-22T07:15:41Z
2026-09-22,PATEK,15.8,15.8,15.8,15.8,316901,borsapy_fallback_from_yahoo,acilis,2026-09-22T07:15:41Z
2026-09-22,PCILT,29.4,29.4,29.4,29.4,15435,borsapy_fallback_from_yahoo,acilis,2026-09-22T07:15:41Z
2026-09-22,PEKGY,6.93,6.93,6.93,6.93,59679,borsapy_fallback_from_yahoo,acilis,2026-09-22T07:15:41Z
2026-09-22,PENGD,7.94,7.94,7.94,7.94,2284,borsapy_fallback_from_yahoo,acilis,2026-09-22T07:15:41Z
2026-09-22,PENTA,10.75,10.75,10.75,10.75,4279,borsapy_fallback_from_yahoo,acilis,2026-09-22T07:15:41Z
2026-09-22,PETKM,21.08,21.08,21.08,21.08,309061,borsapy_fallback_from_yahoo,acilis,2026-09-22T07:15:41Z
2026-09-22,PETUN,10.31,10.31,10.31,10.31,1364,borsapy_fallback_from_yahoo,acilis,2026-09-22T07:15:41Z
2026-09-22,PGSUS,151,151,151,151,22921,borsapy_fallback_from_yahoo,acilis,2026-09-22T07:15:41Z
2026-09-22,PINSU,8.98,8.98,8.98,8.98,4000,borsapy_fallback_from_yahoo,acilis,2026-09-22T07:15:41Z
2026-09-22,PKART,89.9,89.9,89.9,89.9,17,borsapy_fallback_from_yahoo,acilis,2026-09-22T07:15:41Z
2026-09-22,PKENT,102.1,102.1,102.1,102.1,183,borsapy_fallback_from_yahoo,acilis,2026-09-22T07:15:41Z
2026-09-22,PLTUR,16.28,16.28,16.28,16.28,4801,borsapy_fallback_from_yahoo,acilis,2026-09-22T07:15:41Z
2026-09-22,PNLSN,33.54,33.54,33.54,33.54,4360,borsapy_fallback_from_yahoo,acilis,2026-09-22T07:15:41Z
2026-09-22,PNSUT,10.24,10.24,10.24,10.24,3124,borsapy_fallback_from_yahoo,acilis,2026-09-22T07:15:41Z
2026-09-22,POLHO,17.67,17.67,17.67,17.67,9704,borsapy_fallback_from_yahoo,acilis,2026-09-22T07:15:41Z
2026-09-22,POLTK,3315,3315,3315,3315,9,borsapy_fallback_from_yahoo,acilis,2026-09-22T07:15:41Z
2026-09-22,PRDGS,3.94,3.94,3.94,3.94,106793,borsapy_fallback_from_yahoo,acilis,2026-09-22T07:15:41Z
2026-09-22,PRKAB,27.36,27.36,27.36,27.36,3015,borsapy_fallback_from_yahoo,acilis,2026-09-22T07:15:41Z
2026-09-22,PRKME,16.24,16.24,16.24,16.24,1587,borsapy_fallback_from_yahoo,acilis,2026-09-22T07:15:41Z
2026-09-22,PRZMA,41.32,41.32,41.32,41.32,245,borsapy_fallback_from_yahoo,acilis,2026-09-22T07:15:41Z
2026-09-22,PSDTC,83.25,83.25,83.25,83.25,2984,borsapy_fallback_from_yahoo,acilis,2026-09-22T07:15:41Z
2026-09-22,PSGYO,1.97,1.97,1.97,1.97,947151,borsapy_fallback_from_yahoo,acilis,2026-09-22T07:15:41Z
2026-09-22,QNBFK,36,36,36,36,5481,borsapy_fallback_from_yahoo,acilis,2026-09-22T07:15:41Z
2026-09-22,QNBTR,164.4,164.4,164.4,164.4,481,borsapy_fallback_from_yahoo,acilis,2026-09-22T07:15:41Z
2026-09-22,QUAGR,2.39,2.39,2.39,2.39,239675,borsapy_fallback_from_yahoo,acilis,2026-09-22T07:15:41Z
2026-09-22,QUICK,50,50,50,50,8762,borsapy_fallback_from_yahoo,acilis,2026-09-22T07:15:41Z
2026-09-22,RALYH,160.4,160.4,160.4,160.4,2248,borsapy_fallback_from_yahoo,acilis,2026-09-22T07:15:41Z
2026-09-22,RAYSG,129.6,129.6,129.6,129.6,434,borsapy_fallback_from_yahoo,acilis,2026-09-22T07:15:41Z
2026-09-22,REEDR,4.38,4.38,4.38,4.38,130398,borsapy_fallback_from_yahoo,acilis,2026-09-22T07:15:41Z
2026-09-22,RGYAS,190.7,190.7,190.7,190.7,2679,borsapy_fallback_from_yahoo,acilis,2026-09-22T07:15:41Z
2026-09-22,RNPOL,2.09,2.09,2.09,2.09,28507,borsapy_fallback_from_yahoo,acilis,2026-09-22T07:15:41Z
2026-09-22,RODRG,18.99,18.99,18.99,18.99,2552,borsapy_fallback_from_yahoo,acilis,2026-09-22T07:15:41Z
2026-09-22,RTALB,2.14,2.14,2.14,2.14,234568,borsapy_fallback_from_yahoo,acilis,2026-09-22T07:15:41Z
2026-09-22,RUBNS,22,22,22,22,15411,borsapy_fallback_from_yahoo,acilis,2026-09-22T07:15:41Z
2026-09-22,RUZYE,5.01,5.01,5.01,5.01,66128,borsapy_fallback_from_yahoo,acilis,2026-09-22T07:15:41Z
2026-09-22,RYGYO,48,48,48,48,6016,borsapy_fallback_from_yahoo,acilis,2026-09-22T07:15:41Z
2026-09-22,RYSAS,24.22,24.22,24.22,24.22,16663,borsapy_fallback_from_yahoo,acilis,2026-09-22T07:15:41Z
2026-09-22,SAFKR,10.92,10.92,10.92,10.92,13806,borsapy_fallback_from_yahoo,acilis,2026-09-22T07:15:41Z
2026-09-22,SAHOL,90.65,90.65,90.65,90.65,49948,borsapy_fallback_from_yahoo,acilis,2026-09-22T07:15:41Z
2026-09-22,SAMAT,4.1,4.1,4.1,4.1,664,borsapy_fallback_from_yahoo,acilis,2026-09-22T07:15:41Z
2026-09-22,SANEL,37.02,37.02,37.02,37.02,15009,borsapy_fallback_from_yahoo,acilis,2026-09-22T07:15:41Z
2026-09-22,SANFM,5.4,5.4,5.4,5.4,113985,borsapy_fallback_from_yahoo,acilis,2026-09-22T07:15:41Z
2026-09-22,SANKO,18.18,18.18,18.18,18.18,149,borsapy_fallback_from_yahoo,acilis,2026-09-22T07:15:41Z
2026-09-22,SARAE,46.4,46.4,46.4,46.4,133866,borsapy_fallback_from_yahoo,acilis,2026-09-22T07:15:41Z
2026-09-22,SARKY,22.18,22.18,22.18,22.18,79403,borsapy_fallback_from_yahoo,acilis,2026-09-22T07:15:41Z
2026-09-22,SASA,2.32,2.32,2.32,2.32,11546672,borsapy_fallback_from_yahoo,acilis,2026-09-22T07:15:41Z
2026-09-22,SAYAS,45.2,45.2,45.2,45.2,1862,borsapy_fallback_from_yahoo,acilis,2026-09-22T07:15:41Z
2026-09-22,SDTTR,17.4,17.4,17.4,17.4,5426,borsapy_fallback_from_yahoo,acilis,2026-09-22T07:15:41Z
2026-09-22,SEGMN,30,30,30,30,1461,borsapy_fallback_from_yahoo,acilis,2026-09-22T07:15:41Z
2026-09-22,SEGYO,2.7,2.7,2.7,2.7,13227,borsapy_fallback_from_yahoo,acilis,2026-09-22T07:15:41Z
2026-09-22,SEKFK,3.85,3.85,3.85,3.85,6486,borsapy_fallback_from_yahoo,acilis,2026-09-22T07:15:41Z
2026-09-22,SEKUR,5.38,5.38,5.38,5.38,1993,borsapy_fallback_from_yahoo,acilis,2026-09-22T07:15:41Z
2026-09-22,SELEC,172.6,172.6,172.6,172.6,345,borsapy_fallback_from_yahoo,acilis,2026-09-22T07:15:41Z
2026-09-22,SELVA,1.23,1.23,1.23,1.23,30965,borsapy_fallback_from_yahoo,acilis,2026-09-22T07:15:41Z
2026-09-22,SERNT,6,6,6,6,12165,borsapy_fallback_from_yahoo,acilis,2026-09-22T07:15:41Z
2026-09-22,SEYKM,3.05,3.05,3.05,3.05,1003,borsapy_fallback_from_yahoo,acilis,2026-09-22T07:15:41Z
2026-09-22,SILVR,1.79,1.79,1.79,1.79,55777,borsapy_fallback_from_yahoo,acilis,2026-09-22T07:15:41Z
2026-09-22,SISE,40.24,40.24,40.24,40.24,128971,borsapy_fallback_from_yahoo,acilis,2026-09-22T07:15:41Z
2026-09-22,SKBNK,5.88,5.88,5.88,5.88,339347,borsapy_fallback_from_yahoo,acilis,2026-09-22T07:15:41Z
2026-09-22,SKTAS,2.7,2.7,2.7,2.7,579,borsapy_fallback_from_yahoo,acilis,2026-09-22T07:15:41Z
2026-09-22,SKYLP,93.35,93.35,93.35,93.35,95,borsapy_fallback_from_yahoo,acilis,2026-09-22T07:15:41Z
2026-09-22,SKYMD,13.5,13.5,13.5,13.5,43814,borsapy_fallback_from_yahoo,acilis,2026-09-22T07:15:41Z
2026-09-22,SMART,17.55,17.55,17.55,17.55,2131,borsapy_fallback_from_yahoo,acilis,2026-09-22T07:15:41Z
2026-09-22,SMRTG,4.89,4.89,4.89,4.89,332943,borsapy_fallback_from_yahoo,acilis,2026-09-22T07:15:41Z
2026-09-22,SMRVA,7.64,7.64,7.64,7.64,17784,borsapy_fallback_from_yahoo,acilis,2026-09-22T07:15:41Z
2026-09-22,SNGYO,2.73,2.73,2.73,2.73,142806,borsapy_fallback_from_yahoo,acilis,2026-09-22T07:15:41Z
2026-09-22,SNICA,2.59,2.59,2.59,2.59,15171,borsapy_fallback_from_yahoo,acilis,2026-09-22T07:15:41Z
2026-09-22,SNPAM,18.38,18.38,18.38,18.38,218,borsapy_fallback_from_yahoo,acilis,2026-09-22T07:15:41Z
2026-09-22,SODSN,6.09,6.09,6.09,6.09,22917,borsapy_fallback_from_yahoo,acilis,2026-09-22T07:15:41Z
2026-09-22,SOHOE,8.56,8.56,8.56,8.56,13617,borsapy_fallback_from_yahoo,acilis,2026-09-22T07:15:41Z
2026-09-22,SOKE,8.03,8.03,8.03,8.03,5172,borsapy_fallback_from_yahoo,acilis,2026-09-22T07:15:41Z
2026-09-22,SOKM,59.2,59.2,59.2,59.2,19866,borsapy_fallback_from_yahoo,acilis,2026-09-22T07:15:41Z
2026-09-22,SONME,125.6,125.6,125.6,125.6,79,borsapy_fallback_from_yahoo,acilis,2026-09-22T07:15:41Z
2026-09-22,SRVGY,2.08,2.08,2.08,2.08,18386,borsapy_fallback_from_yahoo,acilis,2026-09-22T07:15:41Z
2026-09-22,SSAAT,27.68,27.68,27.68,27.68,4864,borsapy_fallback_from_yahoo,acilis,2026-09-22T07:15:41Z
2026-09-22,SUMAS,201.5,201.5,201.5,201.5,497,borsapy_fallback_from_yahoo,acilis,2026-09-22T07:15:41Z
2026-09-22,SUNTK,27.44,27.44,27.44,27.44,2756,borsapy_fallback_from_yahoo,acilis,2026-09-22T07:15:41Z
2026-09-22,SURGY,23.92,23.92,23.92,23.92,1795,borsapy_fallback_from_yahoo,acilis,2026-09-22T07:15:41Z
2026-09-22,SUWEN,5.1,5.1,5.1,5.1,60000,borsapy_fallback_from_yahoo,acilis,2026-09-22T07:15:41Z
2026-09-22,SVGYO,9.19,9.19,9.19,9.19,1903,borsapy_fallback_from_yahoo,acilis,2026-09-22T07:15:41Z
2026-09-22,TABGD,227.5,227.5,227.5,227.5,1378,borsapy_fallback_from_yahoo,acilis,2026-09-22T07:15:41Z
2026-09-22,TARKM,417,417,417,417,371,borsapy_fallback_from_yahoo,acilis,2026-09-22T07:15:41Z
2026-09-22,TATEN,4.42,4.42,4.42,4.42,220225,borsapy_fallback_from_yahoo,acilis,2026-09-22T07:15:41Z
2026-09-22,TATGD,16.4,16.4,16.4,16.4,684,borsapy_fallback_from_yahoo,acilis,2026-09-22T07:15:41Z
2026-09-22,TAVHL,276.25,276.25,276.25,276.25,11401,borsapy_fallback_from_yahoo,acilis,2026-09-22T07:15:41Z
2026-09-22,TBORG,130,130,130,130,228,borsapy_fallback_from_yahoo,acilis,2026-09-22T07:15:41Z
2026-09-22,TCELL,99.45,99.45,99.45,99.45,32272,borsapy_fallback_from_yahoo,acilis,2026-09-22T07:15:41Z
2026-09-22,TCKRC,112.8,112.8,112.8,112.8,12217,borsapy_fallback_from_yahoo,acilis,2026-09-22T07:15:41Z
2026-09-22,TDGYO,12.11,12.11,12.11,12.11,13914,borsapy_fallback_from_yahoo,acilis,2026-09-22T07:15:41Z
2026-09-22,TEHOL,28.26,28.26,28.26,28.26,4829,borsapy_fallback_from_yahoo,acilis,2026-09-22T07:15:41Z
2026-09-22,TEKTU,5.36,5.36,5.36,5.36,20956,borsapy_fallback_from_yahoo,acilis,2026-09-22T07:15:41Z
2026-09-22,TERA,132.4,132.4,132.4,132.4,2377,borsapy_fallback_from_yahoo,acilis,2026-09-22T07:15:41Z
2026-09-22,TEZOL,7.76,7.76,7.76,7.76,3163,borsapy_fallback_from_yahoo,acilis,2026-09-22T07:15:41Z
2026-09-22,TGSAS,117,117,117,117,1504,borsapy_fallback_from_yahoo,acilis,2026-09-22T07:15:41Z
2026-09-22,THYAO,293.5,293.5,293.25,293.25,312866,borsapy_fallback_from_yahoo,acilis,2026-09-22T07:15:41Z
2026-09-22,TKFEN,238.5,238.5,238.5,238.5,26831,borsapy_fallback_from_yahoo,acilis,2026-09-22T07:15:41Z
2026-09-22,TKNKA,92.65,92.65,92.65,92.65,1108,borsapy_fallback_from_yahoo,acilis,2026-09-22T07:15:41Z
2026-09-22,TKNSA,14.85,14.85,14.85,14.85,2329,borsapy_fallback_from_yahoo,acilis,2026-09-22T07:15:41Z
2026-09-22,TLMAN,67,67.05,67,67.05,598,borsapy_fallback_from_yahoo,acilis,2026-09-22T07:15:41Z
2026-09-22,TMPOL,170.4,170.4,170.4,170.4,78,borsapy_fallback_from_yahoo,acilis,2026-09-22T07:15:41Z
2026-09-22,TMSN,63.9,63.9,63.85,63.85,1088,borsapy_fallback_from_yahoo,acilis,2026-09-22T07:15:41Z
2026-09-22,TNZTP,29,29,28.48,28.48,32412,borsapy_fallback_from_yahoo,acilis,2026-09-22T07:15:41Z
2026-09-22,TOASO,288,288.5,288,288.5,5596,borsapy_fallback_from_yahoo,acilis,2026-09-22T07:15:41Z
2026-09-22,TRALT,52,52,51.6,51.8,1737099,borsapy_fallback_from_yahoo,acilis,2026-09-22T07:15:41Z
2026-09-22,TRCAS,47.9,47.9,47.9,47.9,5853,borsapy_fallback_from_yahoo,acilis,2026-09-22T07:15:41Z
2026-09-22,TRENJ,108.1,109.5,108.1,108.9,122632,borsapy_fallback_from_yahoo,acilis,2026-09-22T07:15:41Z
2026-09-22,TRGYO,93.45,93.5,93.1,93.5,11401,borsapy_fallback_from_yahoo,acilis,2026-09-22T07:15:41Z
2026-09-22,TRHOL,2660,2660,2660,2660,2,borsapy_fallback_from_yahoo,acilis,2026-09-22T07:15:41Z
2026-09-22,TRILC,0.96,0.96,0.96,0.96,130458,borsapy_fallback_from_yahoo,acilis,2026-09-22T07:15:41Z
2026-09-22,TRMET,140.8,140.8,139,139.3,349765,borsapy_fallback_from_yahoo,acilis,2026-09-22T07:15:41Z
2026-09-22,TSGYO,5.14,5.17,5.14,5.14,3944,borsapy_fallback_from_yahoo,acilis,2026-09-22T07:15:41Z
2026-09-22,TSKB,11.02,11.02,10.91,10.91,454218,borsapy_fallback_from_yahoo,acilis,2026-09-22T07:15:41Z
2026-09-22,TSPOR,0.89,0.89,0.88,0.89,908564,borsapy_fallback_from_yahoo,acilis,2026-09-22T07:15:41Z
2026-09-22,TTKOM,53.4,53.5,53.25,53.4,161230,borsapy_fallback_from_yahoo,acilis,2026-09-22T07:15:41Z
2026-09-22,TTRAK,407.25,408.25,406.5,407,1009,borsapy_fallback_from_yahoo,acilis,2026-09-22T07:15:41Z
2026-09-22,TUCLK,3.59,3.62,3.56,3.61,130218,borsapy_fallback_from_yahoo,acilis,2026-09-22T07:15:41Z
2026-09-22,TUKAS,2.11,2.11,2.06,2.09,4613382,borsapy_fallback_from_yahoo,acilis,2026-09-22T07:15:41Z
2026-09-22,TUPRS,414.75,416.75,413.25,416.75,223240,borsapy_fallback_from_yahoo,acilis,2026-09-22T07:15:41Z
2026-09-22,TUREX,5.17,5.17,5.03,5.06,431500,borsapy_fallback_from_yahoo,acilis,2026-09-22T07:15:41Z
2026-09-22,TURGG,24.98,25.28,24.9,25,1409,borsapy_fallback_from_yahoo,acilis,2026-09-22T07:15:41Z
2026-09-22,TURSG,6.15,6.15,6.13,6.14,287960,borsapy_fallback_from_yahoo,acilis,2026-09-22T07:15:41Z
2026-09-22,UCAYM,16.99,17.55,16.98,17.55,21819,borsapy_fallback_from_yahoo,acilis,2026-09-22T07:15:41Z
2026-09-22,UFUK,824,824,824,824,14,borsapy_fallback_from_yahoo,acilis,2026-09-22T07:15:41Z
2026-09-22,ULAS,15.58,17.2,15.58,17.18,2700,borsapy_fallback_from_yahoo,acilis,2026-09-22T07:15:41Z
2026-09-22,ULKER,87.2,87.25,86.95,87.2,100966,borsapy_fallback_from_yahoo,acilis,2026-09-22T07:15:41Z
2026-09-22,ULUFA,1.5,1.5,1.49,1.49,335922,borsapy_fallback_from_yahoo,acilis,2026-09-22T07:15:41Z
2026-09-22,ULUSE,188.2,188.2,187.5,188,324,borsapy_fallback_from_yahoo,acilis,2026-09-22T07:15:41Z
2026-09-22,ULUUN,6.92,6.92,6.87,6.87,74124,borsapy_fallback_from_yahoo,acilis,2026-09-22T07:15:41Z
2026-09-22,UNLU,13.44,14.01,13.42,14.01,1364436,borsapy_fallback_from_yahoo,acilis,2026-09-22T07:15:41Z
2026-09-22,USAK,1,1,0.99,0.99,1564609,borsapy_fallback_from_yahoo,acilis,2026-09-22T07:15:41Z
2026-09-22,USHOL,66.1,66.1,62.95,62.95,16299,borsapy_fallback_from_yahoo,acilis,2026-09-22T07:15:41Z
2026-09-22,VAKBN,34.7,34.7,34.56,34.64,626160,borsapy_fallback_from_yahoo,acilis,2026-09-22T07:15:41Z
2026-09-22,VAKFA,10.12,10.12,9.98,10.06,88015,borsapy_fallback_from_yahoo,acilis,2026-09-22T07:15:41Z
2026-09-22,VAKFN,1.04,1.04,1.03,1.03,590844,borsapy_fallback_from_yahoo,acilis,2026-09-22T07:15:41Z
2026-09-22,VAKKO,63.05,63.2,62.8,62.8,1168,borsapy_fallback_from_yahoo,acilis,2026-09-22T07:15:41Z
2026-09-22,VANGD,55.5,55.5,55.5,55.5,21510,borsapy_fallback_from_yahoo,acilis,2026-09-22T07:15:41Z
2026-09-22,VBTYZ,27.72,27.72,27.48,27.7,16134,borsapy_fallback_from_yahoo,acilis,2026-09-22T07:15:41Z
2026-09-22,VERUS,469.75,469.75,469.75,469.75,41,borsapy_fallback_from_yahoo,acilis,2026-09-22T07:15:41Z
2026-09-22,VESBE,5.06,5.06,5,5.01,53124,borsapy_fallback_from_yahoo,acilis,2026-09-22T07:15:41Z
2026-09-22,VESTL,22.2,22.3,22.08,22.22,126314,borsapy_fallback_from_yahoo,acilis,2026-09-22T07:15:41Z
2026-09-22,VEYAS,83.7,84.8,83.7,84.5,6556,borsapy_fallback_from_yahoo,acilis,2026-09-22T07:15:41Z
2026-09-22,VKFYO,17.8,18,17.8,17.8,6367,borsapy_fallback_from_yahoo,acilis,2026-09-22T07:15:41Z
2026-09-22,VKGYO,1.76,1.76,1.75,1.76,240488,borsapy_fallback_from_yahoo,acilis,2026-09-22T07:15:41Z
2026-09-22,VKING,18.25,18.48,17.43,18.17,6977,borsapy_fallback_from_yahoo,acilis,2026-09-22T07:15:41Z
2026-09-22,VRGYO,1.18,1.18,1.18,1.18,650496,borsapy_fallback_from_yahoo,acilis,2026-09-22T07:15:41Z
2026-09-22,VSNMD,32.38,32.38,32.12,32.16,18324,borsapy_fallback_from_yahoo,acilis,2026-09-22T07:15:41Z
2026-09-22,YAPRK,9.42,9.42,9.09,9.3,38825,borsapy_fallback_from_yahoo,acilis,2026-09-22T07:15:41Z
2026-09-22,YATAS,26.7,26.7,26.44,26.44,5151,borsapy_fallback_from_yahoo,acilis,2026-09-22T07:15:41Z
2026-09-22,YAYLA,16.83,16.83,16.7,16.7,304,borsapy_fallback_from_yahoo,acilis,2026-09-22T07:15:41Z
2026-09-22,YBTAS,11.2,11.2,11.2,11.2,3916,borsapy_fallback_from_yahoo,acilis,2026-09-22T07:15:41Z
2026-09-22,YEOTK,29.34,29.92,29.28,29.3,270576,borsapy_fallback_from_yahoo,acilis,2026-09-22T07:15:41Z
2026-09-22,YESIL,0.98,0.98,0.98,0.98,31370,borsapy_fallback_from_yahoo,acilis,2026-09-22T07:15:41Z
2026-09-22,YGGYO,215.2,215.2,214.1,214.1,1019,borsapy_fallback_from_yahoo,acilis,2026-09-22T07:15:41Z
2026-09-22,YIGIT,18.38,18.4,18.29,18.33,23295,borsapy_fallback_from_yahoo,acilis,2026-09-22T07:15:41Z
2026-09-22,YKBNK,36.56,36.56,36.4,36.48,2189046,borsapy_fallback_from_yahoo,acilis,2026-09-22T07:15:41Z
2026-09-22,YKSLN,3.02,3.02,3.02,3.02,105978,borsapy_fallback_from_yahoo,acilis,2026-09-22T07:15:41Z
2026-09-22,YONGA,34.2,34.2,34.2,34.2,3737,borsapy_fallback_from_yahoo,acilis,2026-09-22T07:15:41Z
2026-09-22,YUNSA,6.43,6.43,6.43,6.43,16705,borsapy_fallback_from_yahoo,acilis,2026-09-22T07:15:41Z
2026-09-22,YYAPI,0.65,0.65,0.65,0.65,426404,borsapy_fallback_from_yahoo,acilis,2026-09-22T07:15:41Z
2026-09-22,YYLGD,8.5,8.5,8.45,8.5,93576,borsapy_fallback_from_yahoo,acilis,2026-09-22T07:15:41Z
2026-09-22,ZEDUR,6.22,6.22,6.14,6.18,7904,borsapy_fallback_from_yahoo,acilis,2026-09-22T07:15:41Z
2026-09-22,ZERGY,8.02,8.04,7.98,7.98,157903,borsapy_fallback_from_yahoo,acilis,2026-09-22T07:15:41Z
2026-09-22,ZGYO,13.4,13.4,13.4,13.4,34031,borsapy_fallback_from_yahoo,acilis,2026-09-22T07:15:41Z
2026-09-22,ZOREN,2.21,2.23,2.21,2.23,247954,borsapy_fallback_from_yahoo,acilis,2026-09-22T07:15:41Z
2026-09-22,ZRGYO,19.5,19.62,19.5,19.6,22008,borsapy_fallback_from_yahoo,acilis,2026-09-22T07:15:41Z
2026-09-22,XU100,,,,13263.95,,borsapy_fallback_from_yahoo,acilis,2026-09-22T07:15:41Z
2026-09-16,AKBNK,69.8,69.95,62.8,65.2,308313185,yahoo,gunici,2026-09-22T12:02:43Z
2026-09-16,AKFYE,3.8833,3.9033,3.45,3.6167,115954272,yahoo,gunici,2026-09-22T12:02:43Z
2026-09-16,ALKLC,521,524.5,468,468,2143788,yahoo,gunici,2026-09-22T12:02:43Z
2026-09-16,CANTE,1.27,1.39,1.21,1.35,238389304,yahoo,gunici,2026-09-22T12:02:43Z
2026-09-16,DUNYH,109.1,109.1,109.1,109.1,0,yahoo,gunici,2026-09-22T12:02:43Z
2026-09-16,FROTO,78.5,78.85,72.05,74.65,41850447,yahoo,gunici,2026-09-22T12:02:43Z
2026-09-16,GUBRF,455,455,415,415,2055951,yahoo,gunici,2026-09-22T12:02:43Z
2026-09-16,HALKB,46.48,47.5,44.26,46.78,84541795,yahoo,gunici,2026-09-22T12:02:43Z
2026-09-16,HEKTS,2.68,2.7,2.41,2.41,515884448,yahoo,gunici,2026-09-22T12:02:43Z
2026-09-16,HRKET,5.7964,6.0714,5.4286,5.9286,93026654,yahoo,gunici,2026-09-22T12:02:43Z
2026-09-16,IHLAS,1.1,1.13,1.04,1.04,284357389,yahoo,gunici,2026-09-22T12:02:43Z
2026-09-16,ISCTR,13.38,13.41,12.03,12.22,77197629,yahoo,gunici,2026-09-22T12:02:43Z
2026-09-16,KBORU,16.23,16.37,14.58,14.83,19651318,yahoo,gunici,2026-09-22T12:02:43Z
2026-09-16,MEGMT,4.3688,4.3854,3.9354,3.9354,85083369,yahoo,gunici,2026-09-22T12:02:43Z
2026-09-16,PAHOL,1.3,1.3,1.17,1.18,406218915,yahoo,gunici,2026-09-22T12:02:43Z
2026-09-16,SASA,2.81,2.82,2.52,2.52,0,yahoo,gunici,2026-09-22T12:02:43Z
2026-09-16,TEHOL,47.82,48.08,43.04,43.04,22342833,yahoo,gunici,2026-09-22T12:02:43Z
2026-09-16,TSPOR,0.97,0.97,0.92,0.93,473439059,yahoo,gunici,2026-09-22T12:02:43Z
2026-09-16,YKBNK,34.7,34.76,31.22,32.12,478797152,yahoo,gunici,2026-09-22T12:02:43Z
2026-09-16,ZOREN,2.54,2.67,2.36,2.55,340984106,yahoo,gunici,2026-09-22T12:02:43Z
2026-09-16,XU100,,,,13122.5996,,yahoo,gunici,2026-09-22T12:02:43Z
2026-09-17,AKBNK,65.5,71.7,65,71.55,303189388,yahoo,gunici,2026-09-22T12:02:43Z
2026-09-17,AKFYE,3.6233,3.7667,3.54,3.6,74159412,yahoo,gunici,2026-09-22T12:02:43Z
2026-09-17,ASTOR,242.1,260.5,238.9,255.5,58401941,yahoo,gunici,2026-09-22T12:02:43Z
2026-09-17,CITAS,128.8,128.8,128.8,128.8,1102779,yahoo,gunici,2026-09-22T12:02:43Z
2026-09-17,DUNYH,109.1,109.1,109.1,109.1,0,yahoo,gunici,2026-09-22T12:02:43Z
2026-09-17,EREGL,34.68,36.92,34.62,36.14,312019309,yahoo,gunici,2026-09-22T12:02:43Z
2026-09-17,GSRAY,0.97,0.98,0.95,0.97,268770306,yahoo,gunici,2026-09-22T12:02:43Z
2026-09-17,HEKTS,2.3,2.46,2.25,2.43,620645716,yahoo,gunici,2026-09-22T12:02:43Z
2026-09-17,HRKET,5.8357,6.4429,5.6857,6.3929,56537180,yahoo,gunici,2026-09-22T12:02:43Z
2026-09-17,ISCTR,12.22,13.44,12.18,13.37,42957996,yahoo,gunici,2026-09-22T12:02:43Z
2026-09-17,KARCL,188.8,188.8,188.8,188.8,3203779,yahoo,gunici,2026-09-22T12:02:43Z
2026-09-17,MANAS,27.1,27.1,27.1,27.1,3461980,yahoo,gunici,2026-09-22T12:02:43Z
2026-09-17,MEGMT,3.5438,3.8812,3.5438,3.7604,88579353,yahoo,gunici,2026-09-22T12:02:43Z
2026-09-17,PAHOL,1.17,1.2,1.08,1.11,699065858,yahoo,gunici,2026-09-22T12:02:43Z
2026-09-17,SASA,2.27,2.5,2.27,2.42,0,yahoo,gunici,2026-09-22T12:02:43Z
2026-09-17,TEHOL,38.74,38.74,38.74,38.74,12541720,yahoo,gunici,2026-09-22T12:02:43Z
2026-09-17,TKNKA,126.9,126.9,126.9,126.9,1126896,yahoo,gunici,2026-09-22T12:02:43Z
2026-09-17,TURSG,5.9,6.24,5.87,6,350768839,yahoo,gunici,2026-09-22T12:02:43Z
2026-09-17,YKBNK,32.36,35.32,32.12,35.32,381394744,yahoo,gunici,2026-09-22T12:02:43Z
2026-09-17,XU100,,,,13509.7998,,yahoo,gunici,2026-09-22T12:02:43Z
2026-09-18,AKFYE,3.5967,3.6667,3.4467,3.6667,56556066,yahoo,gunici,2026-09-22T12:02:43Z
2026-09-18,BIGEN,114.5,114.5,114.5,114.5,156746,yahoo,gunici,2026-09-22T12:02:43Z
2026-09-18,CANTE,1.24,1.25,1.16,1.23,398264672,yahoo,gunici,2026-09-22T12:02:43Z
2026-09-18,DSTKF,1984,1984,1984,1984,92694,yahoo,gunici,2026-09-22T12:02:43Z
2026-09-18,DUNYH,109.1,109.1,109.1,109.1,0,yahoo,gunici,2026-09-22T12:02:43Z
2026-09-18,HEKTS,2.39,2.43,2.3,2.34,273304766,yahoo,gunici,2026-09-22T12:02:43Z
2026-09-18,HRKET,6.0071,6.4179,6.0071,6.2857,49697144,yahoo,gunici,2026-09-22T12:02:43Z
2026-09-18,ISCTR,13.34,13.54,13.09,13.26,561416098,yahoo,gunici,2026-09-22T12:02:43Z
2026-09-18,MEGMT,3.7313,3.7417,3.5646,3.6042,85730640,yahoo,gunici,2026-09-22T12:02:43Z
2026-09-18,PAHOL,1.1,1.1,1.02,1.05,399417893,yahoo,gunici,2026-09-22T12:02:43Z
2026-09-18,PEKGY,8.54,8.54,8.54,8.54,4698180,yahoo,gunici,2026-09-22T12:02:43Z
2026-09-18,SASA,2.39,2.41,2.26,2.35,0,yahoo,gunici,2026-09-22T12:02:43Z
2026-09-18,TEHOL,34.88,34.88,34.88,34.88,7562704,yahoo,gunici,2026-09-22T12:02:43Z
2026-09-18,TSPOR,0.92,0.92,0.87,0.88,333362614,yahoo,gunici,2026-09-22T12:02:43Z
2026-09-18,XU100,,,,13284.4004,,yahoo,gunici,2026-09-22T12:02:43Z
2026-09-21,AKBNK,70.7,72.55,69.7,72.45,194040353,yahoo,gunici,2026-09-22T12:02:43Z
2026-09-21,CANTE,1.22,1.22,1.11,1.11,534681916,yahoo,gunici,2026-09-22T12:02:43Z
2026-09-21,DUNYH,109.1,109.1,109.1,109.1,0,yahoo,gunici,2026-09-22T12:02:43Z
2026-09-21,GUBRF,437.5,444.5,423.25,443.5,4213252,yahoo,gunici,2026-09-22T12:02:43Z
2026-09-21,ISCTR,13.24,13.57,13.07,13.56,626510348,yahoo,gunici,2026-09-22T12:02:43Z
2026-09-21,PAHOL,1.05,1.06,0.95,1.02,442961191,yahoo,gunici,2026-09-22T12:02:43Z
2026-09-21,SASA,2.35,2.36,2.25,2.31,0,yahoo,gunici,2026-09-22T12:02:43Z
2026-09-21,TSPOR,0.92,0.93,0.84,0.88,343650464,yahoo,gunici,2026-09-22T12:02:43Z
2026-09-21,TUPRS,416.25,424.25,402,414.75,35807017,yahoo,gunici,2026-09-22T12:02:43Z
2026-09-21,YKBNK,36.12,36.66,35.44,36.58,328655237,yahoo,gunici,2026-09-22T12:02:43Z
2026-09-21,XU100,,,,13337.7002,,yahoo,gunici,2026-09-22T12:02:43Z
2026-09-22,A1CAP,4.24,4.24,4.24,4.24,743813,yahoo,gunici,2026-09-22T12:02:43Z
2026-09-22,A1YEN,1.59,1.72,1.59,1.72,27288958,yahoo,gunici,2026-09-22T12:02:43Z
2026-09-22,AAGYO,8.47,8.8,8.39,8.69,4831482,yahoo,gunici,2026-09-22T12:02:43Z
2026-09-22,ACSEL,92.5,93.85,89.3,92.15,138192,yahoo,gunici,2026-09-22T12:02:43Z
2026-09-22,ADEL,27.58,28.2,27.52,28.1,827445,yahoo,gunici,2026-09-22T12:02:43Z
2026-09-22,ADESE,0.73,0.74,0.72,0.74,29892811,yahoo,gunici,2026-09-22T12:02:43Z
2026-09-22,ADGYO,49.36,52.25,49.18,51.3,839455,yahoo,gunici,2026-09-22T12:02:43Z
2026-09-22,AEFES,19.1,19.36,18.93,18.97,21316280,yahoo,gunici,2026-09-22T12:02:43Z
2026-09-22,AFYON,11.3,11.48,11.23,11.46,887571,yahoo,gunici,2026-09-22T12:02:43Z
2026-09-22,AGESA,242,246,236.5,240,166920,yahoo,gunici,2026-09-22T12:02:43Z
2026-09-22,AGHOL,34.02,34.86,33.76,34.28,2965357,yahoo,gunici,2026-09-22T12:02:43Z
2026-09-22,AGROT,1.58,1.6,1.54,1.57,20208865,yahoo,gunici,2026-09-22T12:02:43Z
2026-09-22,AGYO,7.23,7.29,7.2,7.21,46714,yahoo,gunici,2026-09-22T12:02:43Z
2026-09-22,AHGAZ,41.6,42.62,41.16,42.6,5566326,yahoo,gunici,2026-09-22T12:02:43Z
2026-09-22,AHSGY,12.2,12.2,11.34,11.74,1506205,yahoo,gunici,2026-09-22T12:02:43Z
2026-09-22,AKBNK,72.4,74.25,71.95,73.7,105801362,yahoo,gunici,2026-09-22T12:02:43Z
2026-09-22,AKCNS,194.4,199.7,189,191.2,837044,yahoo,gunici,2026-09-22T12:02:43Z
2026-09-22,AKENR,9.06,9.18,8.99,9.18,2904457,yahoo,gunici,2026-09-22T12:02:43Z
2026-09-22,AKFGY,2.41,2.51,2.4,2.51,12159492,yahoo,gunici,2026-09-22T12:02:43Z
2026-09-22,AKFIS,14.15,14.35,12.97,13.1,10462915,yahoo,gunici,2026-09-22T12:02:43Z
2026-09-22,AKFYE,3.51,3.7,3.42,3.53,36955425,yahoo,gunici,2026-09-22T12:02:43Z
2026-09-22,AKGRT,5.58,5.65,5.5,5.55,5409220,yahoo,gunici,2026-09-22T12:02:43Z
2026-09-22,AKHAN,27.18,27.42,26.26,26.98,841971,yahoo,gunici,2026-09-22T12:02:43Z
2026-09-22,AKMGY,228.3,232.7,226,230.4,12980,yahoo,gunici,2026-09-22T12:02:43Z
2026-09-22,AKSA,10.75,11,10.7,10.92,6875506,yahoo,gunici,2026-09-22T12:02:43Z
2026-09-22,AKSEN,67.1,69,65.8,68.9,4657895,yahoo,gunici,2026-09-22T12:02:43Z
2026-09-22,AKSGY,9.3,9.56,9.3,9.42,2587007,yahoo,gunici,2026-09-22T12:02:43Z
2026-09-22,AKSUE,17.22,18.4,16.85,17.13,1868342,yahoo,gunici,2026-09-22T12:02:43Z
2026-09-22,AKYHO,1.7,1.8,1.67,1.78,990260,yahoo,gunici,2026-09-22T12:02:43Z
2026-09-22,ALARK,107.4,110.1,107,108.5,2813190,yahoo,gunici,2026-09-22T12:02:43Z
2026-09-22,ALBRK,8.59,8.68,8.54,8.62,8982788,yahoo,gunici,2026-09-22T12:02:43Z
2026-09-22,ALBTN,24.26,25.2,23.8,24.7,5656133,yahoo,gunici,2026-09-22T12:02:43Z
2026-09-22,ALCAR,649,656,644.5,652.5,13895,yahoo,gunici,2026-09-22T12:02:43Z
2026-09-22,ALCTL,90,96.05,89.8,91.45,322962,yahoo,gunici,2026-09-22T12:02:43Z
2026-09-22,ALFAS,33.3,35.08,33.04,34,1775442,yahoo,gunici,2026-09-22T12:02:43Z
2026-09-22,ALGYO,3.13,3.18,3.1,3.13,14905136,yahoo,gunici,2026-09-22T12:02:43Z
2026-09-22,ALKA,6.79,6.86,6.6,6.76,1081013,yahoo,gunici,2026-09-22T12:02:43Z
2026-09-22,ALKIM,13.24,13.56,13.19,13.29,532841,yahoo,gunici,2026-09-22T12:02:43Z
2026-09-22,ALKLC,307.5,307.5,307.5,307.5,1370,yahoo,gunici,2026-09-22T12:02:43Z
2026-09-22,ALTNY,13.84,14.11,13.71,13.96,11627670,yahoo,gunici,2026-09-22T12:02:43Z
2026-09-22,ALVES,0.56,0.61,0.56,0.61,19633902,yahoo,gunici,2026-09-22T12:02:43Z
2026-09-22,ANELE,85.15,85.15,85.15,85.15,1272,yahoo,gunici,2026-09-22T12:02:43Z
2026-09-22,ANGEN,7.38,7.48,7.33,7.4,545588,yahoo,gunici,2026-09-22T12:02:43Z
2026-09-22,ANHYT,103.3,104.1,102.3,103.2,501599,yahoo,gunici,2026-09-22T12:02:43Z
2026-09-22,ANSGR,26.78,26.84,26.26,26.36,2109523,yahoo,gunici,2026-09-22T12:02:43Z
2026-09-22,ARASE,101.5,103.2,96.3,98.3,458957,yahoo,gunici,2026-09-22T12:02:43Z
2026-09-22,ARCLK,86.9,88.5,86.65,87.7,894345,yahoo,gunici,2026-09-22T12:02:43Z
2026-09-22,ARDYZ,62,67.05,60.6,66.1,5317374,yahoo,gunici,2026-09-22T12:02:43Z
2026-09-22,ARENA,16.42,16.61,16.16,16.54,283002,yahoo,gunici,2026-09-22T12:02:43Z
2026-09-22,ARFYE,13.58,14.85,13.58,14.56,1865357,yahoo,gunici,2026-09-22T12:02:43Z
2026-09-22,ARMGD,150,154.9,134.9,134.9,2001077,yahoo,gunici,2026-09-22T12:02:43Z
2026-09-22,ARSAN,3.45,3.74,3.45,3.73,18505008,yahoo,gunici,2026-09-22T12:02:43Z
2026-09-22,ARTMS,32.42,34.5,32.42,33.32,305295,yahoo,gunici,2026-09-22T12:02:43Z
2026-09-22,ARZUM,1.27,1.27,1.23,1.25,4427459,yahoo,gunici,2026-09-22T12:02:43Z
2026-09-22,ASELS,378,383.75,374.5,375.5,12702211,yahoo,gunici,2026-09-22T12:02:43Z
2026-09-22,ASGYO,9.77,10.07,9.75,10.01,1329667,yahoo,gunici,2026-09-22T12:02:43Z
2026-09-22,ASTOR,263.5,266.5,251.75,256.5,20969452,yahoo,gunici,2026-09-22T12:02:43Z
2026-09-22,ASUZU,44.1,45,43.44,44.96,221662,yahoo,gunici,2026-09-22T12:02:43Z
2026-09-22,ATAGY,8.9,9.06,8.55,9.06,28511,yahoo,gunici,2026-09-22T12:02:43Z
2026-09-22,ATAKP,34.46,36.48,34.46,35.98,501865,yahoo,gunici,2026-09-22T12:02:43Z
2026-09-22,ATATP,242,249.5,237,245.5,444883,yahoo,gunici,2026-09-22T12:02:43Z
2026-09-22,ATATR,7.51,7.51,7.51,7.51,506815,yahoo,gunici,2026-09-22T12:02:43Z
2026-09-22,ATEKS,83.85,83.85,83.8,83.8,5225,yahoo,gunici,2026-09-22T12:02:43Z
2026-09-22,ATLAS,6.02,6.1,5.62,5.8,1146349,yahoo,gunici,2026-09-22T12:02:43Z
2026-09-22,ATSYH,82.4,82.4,82.4,82.4,75988,yahoo,gunici,2026-09-22T12:02:43Z
2026-09-22,AVGYO,14.72,15.69,14.01,14.99,1635448,yahoo,gunici,2026-09-22T12:02:43Z
2026-09-22,AVHOL,26.7,28.98,26.48,27.16,1324935,yahoo,gunici,2026-09-22T12:02:43Z
2026-09-22,AVOD,3.36,3.38,3.25,3.36,5285358,yahoo,gunici,2026-09-22T12:02:43Z
2026-09-22,AVPGY,54,55,53.8,54.1,152248,yahoo,gunici,2026-09-22T12:02:43Z
2026-09-22,AYCES,405.75,410,400,403,30977,yahoo,gunici,2026-09-22T12:02:43Z
2026-09-22,AYDEM,22.94,23.64,22.9,23.54,823536,yahoo,gunici,2026-09-22T12:02:43Z
2026-09-22,AYEN,27.48,27.88,27.36,27.72,176473,yahoo,gunici,2026-09-22T12:02:43Z
2026-09-22,AYES,22.66,22.9,22.66,22.9,25247,yahoo,gunici,2026-09-22T12:02:43Z
2026-09-22,AYGAZ,312.25,319.25,295,297.5,969102,yahoo,gunici,2026-09-22T12:02:43Z
2026-09-22,AZTEK,3.78,4.28,3.78,3.84,16235861,yahoo,gunici,2026-09-22T12:02:43Z
2026-09-22,BAGFS,23.66,24.1,23.46,23.82,380142,yahoo,gunici,2026-09-22T12:02:43Z
2026-09-22,BAHKM,186.8,198,180.7,193.1,1193067,yahoo,gunici,2026-09-22T12:02:43Z
2026-09-22,BAKAB,34,34.3,32.74,33.84,179714,yahoo,gunici,2026-09-22T12:02:43Z
2026-09-22,BALAT,59.45,59.45,59.45,59.45,14079,yahoo,gunici,2026-09-22T12:02:43Z
2026-09-22,BALSU,6.6,7.14,6.52,6.67,58540913,yahoo,gunici,2026-09-22T12:02:43Z
2026-09-22,BANVT,133,137.9,133,137.1,75398,yahoo,gunici,2026-09-22T12:02:43Z
2026-09-22,BARMA,6.01,6.5,6.01,6.5,502077,yahoo,gunici,2026-09-22T12:02:43Z
2026-09-22,BASCM,10.51,10.61,10.48,10.61,126969,yahoo,gunici,2026-09-22T12:02:43Z
2026-09-22,BASGZ,41.66,42.98,41.12,41.32,245189,yahoo,gunici,2026-09-22T12:02:43Z
2026-09-22,BAYRK,3.26,3.28,3.14,3.16,2543234,yahoo,gunici,2026-09-22T12:02:43Z
2026-09-22,BEGYO,2.73,2.98,2.7,2.75,3945686,yahoo,gunici,2026-09-22T12:02:43Z
2026-09-22,BERA,11.85,12.17,11.85,12.09,3800851,yahoo,gunici,2026-09-22T12:02:43Z
2026-09-22,BESLR,11.74,11.74,11.57,11.63,802418,yahoo,gunici,2026-09-22T12:02:43Z
2026-09-22,BESTE,24,24.76,23.02,23.4,6071463,yahoo,gunici,2026-09-22T12:02:43Z
2026-09-22,BETAE,60.85,67.3,59.25,65.25,14075966,yahoo,gunici,2026-09-22T12:02:43Z
2026-09-22,BEYAZ,19.37,19.58,19.03,19.48,383127,yahoo,gunici,2026-09-22T12:02:43Z
2026-09-22,BFREN,113.6,115.1,112.4,114.3,132744,yahoo,gunici,2026-09-22T12:02:43Z
2026-09-22,BIENY,17,17.6,16.36,16.48,1080776,yahoo,gunici,2026-09-22T12:02:43Z
2026-09-22,BIGCH,4.07,4.24,4.07,4.22,1604757,yahoo,gunici,2026-09-22T12:02:43Z
2026-09-22,BIGEN,92.8,92.8,92.8,92.8,19560,yahoo,gunici,2026-09-22T12:02:43Z
2026-09-22,BIGTK,181.2,181.2,181.2,181.2,9939,yahoo,gunici,2026-09-22T12:02:43Z
2026-09-22,BIMAS,432.75,443.25,429.5,430.5,6542051,yahoo,gunici,2026-09-22T12:02:43Z
2026-09-22,BINBN,110.1,110.1,110.1,110.1,55658,yahoo,gunici,2026-09-22T12:02:43Z
2026-09-22,BINHO,5.72,6.75,5.72,6.65,45137840,yahoo,gunici,2026-09-22T12:02:43Z
2026-09-22,BIOEN,11.71,12.41,11.7,11.7,16271413,yahoo,gunici,2026-09-22T12:02:43Z
2026-09-22,BIZIM,20.9,21.4,20.86,21.26,99135,yahoo,gunici,2026-09-22T12:02:43Z
2026-09-22,BJKAS,1.56,1.86,1.56,1.78,702879344,yahoo,gunici,2026-09-22T12:02:43Z
2026-09-22,BKRGY,6.45,6.49,6.27,6.4,7926159,yahoo,gunici,2026-09-22T12:02:43Z
2026-09-22,BLCYT,1.63,1.68,1.62,1.66,7398769,yahoo,gunici,2026-09-22T12:02:43Z
2026-09-22,BLUME,32.04,32.18,29.8,31.84,1553709,yahoo,gunici,2026-09-22T12:02:43Z
2026-09-22,BMSCH,9.18,9.18,8.9,9.07,767563,yahoo,gunici,2026-09-22T12:02:43Z
2026-09-22,BMSTL,44.6,46,43.12,45.7,5384204,yahoo,gunici,2026-09-22T12:02:43Z
2026-09-22,BNTAS,5.34,5.54,5.34,5.46,2281734,yahoo,gunici,2026-09-22T12:02:43Z
2026-09-22,BOBET,16.92,17.48,16.9,17.37,2047944,yahoo,gunici,2026-09-22T12:02:43Z
2026-09-22,BORLS,2.16,2.17,2.08,2.11,13455507,yahoo,gunici,2026-09-22T12:02:43Z
2026-09-22,BORSK,5.55,5.82,5.55,5.66,4151643,yahoo,gunici,2026-09-22T12:02:43Z
2026-09-22,BOSSA,6.96,6.96,6.39,6.57,4542686,yahoo,gunici,2026-09-22T12:02:43Z
2026-09-22,BRISA,71.35,74.95,71.25,73.65,78817,yahoo,gunici,2026-09-22T12:02:43Z
2026-09-22,BRKO,6.75,6.75,6.75,6.75,3143019,yahoo,gunici,2026-09-22T12:02:43Z
2026-09-22,BRKSN,6.62,6.9,6.6,6.8,119960,yahoo,gunici,2026-09-22T12:02:43Z
2026-09-22,BRKVY,61,65,60.45,63.8,430127,yahoo,gunici,2026-09-22T12:02:43Z
2026-09-22,BRLSM,12.88,14.2,12.88,14.18,4497927,yahoo,gunici,2026-09-22T12:02:43Z
2026-09-22,BRMEN,7.15,7.15,7.15,7.15,1409636,yahoo,gunici,2026-09-22T12:02:43Z
2026-09-22,BRSAN,660,680.5,656.5,671.5,1112677,yahoo,gunici,2026-09-22T12:02:43Z
2026-09-22,BRYAT,1532,1580,1530,1561,35617,yahoo,gunici,2026-09-22T12:02:43Z
2026-09-22,BSOKE,11.6,11.6,11.6,11.6,370112,yahoo,gunici,2026-09-22T12:02:43Z
2026-09-22,BTCIM,2.42,2.7,2.36,2.36,196430292,yahoo,gunici,2026-09-22T12:02:43Z
2026-09-22,BUCIM,5.02,5.54,4.99,5.3,7120770,yahoo,gunici,2026-09-22T12:02:43Z
2026-09-22,BULGS,17.07,17.07,17.07,17.07,58536,yahoo,gunici,2026-09-22T12:02:43Z
2026-09-22,BURCE,26.84,27.84,26.26,26.78,612200,yahoo,gunici,2026-09-22T12:02:43Z
2026-09-22,BURVA,457.75,462.25,457.75,457.75,43978,yahoo,gunici,2026-09-22T12:02:43Z
2026-09-22,BVSAN,84.15,90,84.15,87.9,844851,yahoo,gunici,2026-09-22T12:02:43Z
2026-09-22,BYDNR,21.2,22.98,20.7,21.78,879642,yahoo,gunici,2026-09-22T12:02:43Z
2026-09-22,CANTE,1.11,1.19,1.11,1.17,260829173,yahoo,gunici,2026-09-22T12:02:43Z
2026-09-22,CASA,54.3,54.3,54,54,10256,yahoo,gunici,2026-09-22T12:02:43Z
2026-09-22,CATES,37.26,37.26,37.26,37.26,206666,yahoo,gunici,2026-09-22T12:02:43Z
2026-09-22,CCOLA,80.1,80.7,78.3,78.65,2980209,yahoo,gunici,2026-09-22T12:02:43Z
2026-09-22,CELHA,23.1,25.32,23.1,25.08,1961757,yahoo,gunici,2026-09-22T12:02:43Z
2026-09-22,CEMAS,3.32,3.35,3.27,3.31,5322016,yahoo,gunici,2026-09-22T12:02:43Z
2026-09-22,CEMTS,7.75,8.16,7.68,8.09,4005433,yahoo,gunici,2026-09-22T12:02:43Z
2026-09-22,CEMZY,9.34,9.34,9.34,9.34,84752,yahoo,gunici,2026-09-22T12:02:43Z
2026-09-22,CEOEM,30.84,30.86,27.38,27.38,3344907,yahoo,gunici,2026-09-22T12:02:43Z
2026-09-22,CGCAM,23.4,23.88,23,23.74,1351482,yahoo,gunici,2026-09-22T12:02:43Z
2026-09-22,CIMSA,41.46,43.14,41.38,43.08,5358665,yahoo,gunici,2026-09-22T12:02:43Z
2026-09-22,CITAS,94,94,94,94,30020,yahoo,gunici,2026-09-22T12:02:43Z
2026-09-22,CLEBI,1418,1450,1407,1438,19631,yahoo,gunici,2026-09-22T12:02:43Z
2026-09-22,CMBTN,1372,1430,1372,1419,6178,yahoo,gunici,2026-09-22T12:02:43Z
2026-09-22,CMENT,212,217,212,217,3879,yahoo,gunici,2026-09-22T12:02:43Z
2026-09-22,CONSE,1.81,1.9,1.8,1.82,11793661,yahoo,gunici,2026-09-22T12:02:43Z
2026-09-22,COSMO,89,96,85.65,94.7,30021,yahoo,gunici,2026-09-22T12:02:43Z
2026-09-22,CRDFA,13.65,13.65,13.65,13.65,104964,yahoo,gunici,2026-09-22T12:02:43Z
2026-09-22,CRFSA,246.1,269,243,267.25,1212693,yahoo,gunici,2026-09-22T12:02:43Z
2026-09-22,CUSAN,19.54,19.84,19.25,19.66,253425,yahoo,gunici,2026-09-22T12:02:43Z
2026-09-22,CVKMD,13.36,14.28,13.36,13.88,28153966,yahoo,gunici,2026-09-22T12:02:43Z
2026-09-22,CWENE,23.4,25.3,23.24,25,24137267,yahoo,gunici,2026-09-22T12:02:43Z
2026-09-22,DAGI,5.46,6.31,5.46,6.12,8970275,yahoo,gunici,2026-09-22T12:02:43Z
2026-09-22,DAPGM,4.99,5.1,4.78,4.82,27160100,yahoo,gunici,2026-09-22T12:02:43Z
2026-09-22,DARDL,1.28,1.3,1.27,1.3,7701734,yahoo,gunici,2026-09-22T12:02:43Z
2026-09-22,DCTTR,4.02,4.12,3.93,4.01,6707011,yahoo,gunici,2026-09-22T12:02:43Z
2026-09-22,DENGE,2.03,2.05,1.97,2.02,10700974,yahoo,gunici,2026-09-22T12:02:43Z
2026-09-22,DERHL,1.67,1.68,1.62,1.67,6016742,yahoo,gunici,2026-09-22T12:02:43Z
2026-09-22,DERIM,29.64,29.64,28.68,29.18,157100,yahoo,gunici,2026-09-22T12:02:43Z
2026-09-22,DESA,8.82,8.96,8.7,8.89,973610,yahoo,gunici,2026-09-22T12:02:43Z
2026-09-22,DESPC,32,33.5,31.5,32.74,262625,yahoo,gunici,2026-09-22T12:02:43Z
2026-09-22,DEVA,96.2,100.1,96.2,99.7,240933,yahoo,gunici,2026-09-22T12:02:43Z
2026-09-22,DGATE,58.15,63.6,58.15,62.5,905853,yahoo,gunici,2026-09-22T12:02:43Z
2026-09-22,DGGYO,27.08,28.18,26.98,27.78,56802,yahoo,gunici,2026-09-22T12:02:43Z
2026-09-22,DGNMO,4.85,5.08,4.77,4.99,1871031,yahoo,gunici,2026-09-22T12:02:43Z
2026-09-22,DIRIT,20,21,20,21,34652,yahoo,gunici,2026-09-22T12:02:43Z
2026-09-22,DITAS,9.9,9.9,9.9,9.9,98164,yahoo,gunici,2026-09-22T12:02:43Z
2026-09-22,DMRGD,9.03,9.03,9.03,9.03,429241,yahoo,gunici,2026-09-22T12:02:43Z
2026-09-22,DMSAS,5.53,5.61,5.17,5.33,2960590,yahoo,gunici,2026-09-22T12:02:43Z
2026-09-22,DNISI,4.14,4.25,4.14,4.22,1814363,yahoo,gunici,2026-09-22T12:02:43Z
2026-09-22,DOAS,156,159.6,155.6,158.4,939340,yahoo,gunici,2026-09-22T12:02:43Z
2026-09-22,DOCO,10697.5,11045,10545,10942.5,7072,yahoo,gunici,2026-09-22T12:02:43Z
2026-09-22,DOFER,23.38,23.58,22.74,22.9,314183,yahoo,gunici,2026-09-22T12:02:43Z
2026-09-22,DOFRB,82.1,83.7,80.3,82.05,1774901,yahoo,gunici,2026-09-22T12:02:43Z
2026-09-22,DOGUB,35.28,35.28,35.28,35.28,21083,yahoo,gunici,2026-09-22T12:02:43Z
2026-09-22,DOHOL,20,20.52,19.88,20.24,11131838,yahoo,gunici,2026-09-22T12:02:43Z
2026-09-22,DOKTA,19.19,19.68,19.12,19.41,188369,yahoo,gunici,2026-09-22T12:02:43Z
2026-09-22,DSTKF,1608,1608,1608,1608,1476,yahoo,gunici,2026-09-22T12:02:43Z
2026-09-22,DUNYH,61.1,61.1,61.1,61.1,348377,yahoo,gunici,2026-09-22T12:02:43Z
2026-09-22,DURDO,4.06,4.67,4.06,4.67,849435,yahoo,gunici,2026-09-22T12:02:43Z
2026-09-22,DURKN,12.15,13.17,12.15,12.4,5855591,yahoo,gunici,2026-09-22T12:02:43Z
2026-09-22,DYOBY,11.25,11.38,11.06,11.3,780412,yahoo,gunici,2026-09-22T12:02:43Z
2026-09-22,DZGYO,6.74,6.86,6.7,6.74,1571990,yahoo,gunici,2026-09-22T12:02:43Z
2026-09-22,EBEBK,80.9,83.35,80.65,82.1,602040,yahoo,gunici,2026-09-22T12:02:43Z
2026-09-22,ECILC,57.6,62.25,57.15,61.85,5435652,yahoo,gunici,2026-09-22T12:02:43Z
2026-09-22,ECOGR,30.5,31.4,30.18,30.74,1867038,yahoo,gunici,2026-09-22T12:02:43Z
2026-09-22,ECZYT,190.9,231.7,190.9,229.3,1884625,yahoo,gunici,2026-09-22T12:02:43Z
2026-09-22,EDATA,10.1,10.1,10.1,10.1,202490,yahoo,gunici,2026-09-22T12:02:43Z
2026-09-22,EDIP,30.6,32.24,30.48,30.92,499265,yahoo,gunici,2026-09-22T12:02:43Z
2026-09-22,EFOR,17.36,17.46,15.84,15.84,17191331,yahoo,gunici,2026-09-22T12:02:43Z
2026-09-22,EGEEN,4880,5117.5,4770,5095,55479,yahoo,gunici,2026-09-22T12:02:43Z
2026-09-22,EGEGY,14.09,16.15,14.09,15.4,7022549,yahoo,gunici,2026-09-22T12:02:43Z
2026-09-22,EGEPO,7.16,7.38,7.08,7.16,1154723,yahoo,gunici,2026-09-22T12:02:43Z
2026-09-22,EGGUB,99.35,103.5,98.85,101.8,338767,yahoo,gunici,2026-09-22T12:02:43Z
2026-09-22,EGPRO,33.88,34.96,33.5,34.76,1028144,yahoo,gunici,2026-09-22T12:02:43Z
2026-09-22,EGSER,2.62,2.66,2.61,2.65,756091,yahoo,gunici,2026-09-22T12:02:43Z
2026-09-22,EKDMR,35.96,35.96,34.18,34.28,1990671,yahoo,gunici,2026-09-22T12:02:43Z
2026-09-22,EKGYO,19.17,19.55,19.08,19.45,94742034,yahoo,gunici,2026-09-22T12:02:43Z
2026-09-22,EKIM,14.6,14.85,14.35,14.6,4306293,yahoo,gunici,2026-09-22T12:02:43Z
2026-09-22,EKIZ,46.2,46.2,46.14,46.14,9514,yahoo,gunici,2026-09-22T12:02:43Z
2026-09-22,EKOS,3.86,4.01,3.85,3.97,7444401,yahoo,gunici,2026-09-22T12:02:43Z
2026-09-22,EKSUN,4.43,4.46,4.38,4.41,1412477,yahoo,gunici,2026-09-22T12:02:43Z
2026-09-22,ELITE,21.2,21.66,21.08,21.44,547777,yahoo,gunici,2026-09-22T12:02:43Z
2026-09-22,EMKEL,8.22,9.13,8.22,8.84,7356834,yahoo,gunici,2026-09-22T12:02:43Z
2026-09-22,EMNIS,136,142,136,142,3111,yahoo,gunici,2026-09-22T12:02:43Z
2026-09-22,EMPAE,51.6,53.7,50.8,51.8,3525975,yahoo,gunici,2026-09-22T12:02:43Z
2026-09-22,ENDAE,14.53,15,14.18,14.67,1591668,yahoo,gunici,2026-09-22T12:02:43Z
2026-09-22,ENERY,12,12.43,12,12.42,40006443,yahoo,gunici,2026-09-22T12:02:43Z
2026-09-22,ENJSA,109,109.5,107.6,109.2,1711690,yahoo,gunici,2026-09-22T12:02:43Z
2026-09-22,ENKAI,86.35,87.6,86.1,87,8629721,yahoo,gunici,2026-09-22T12:02:43Z
2026-09-22,ENPRA,43.56,43.56,42.98,42.98,51539,yahoo,gunici,2026-09-22T12:02:43Z
2026-09-22,ENSRI,3.47,3.47,3.35,3.42,6503870,yahoo,gunici,2026-09-22T12:02:43Z
2026-09-22,ENTRA,3.95,4.18,3.95,4.12,15205907,yahoo,gunici,2026-09-22T12:02:43Z
2026-09-22,EPLAS,5.4,5.61,5.37,5.55,3860562,yahoo,gunici,2026-09-22T12:02:43Z
2026-09-22,ERBOS,122.1,126.9,122.1,124.2,13794,yahoo,gunici,2026-09-22T12:02:43Z
2026-09-22,ERCB,38.9,38.9,37.92,38.48,343122,yahoo,gunici,2026-09-22T12:02:43Z
2026-09-22,EREGL,37.3,38.02,37.24,37.8,52341436,yahoo,gunici,2026-09-22T12:02:43Z
2026-09-22,ERSU,14.15,15.44,14.15,14.15,654731,yahoo,gunici,2026-09-22T12:02:43Z
2026-09-22,ESCAR,27.24,27.24,27.24,27.24,25294,yahoo,gunici,2026-09-22T12:02:43Z
2026-09-22,ESCOM,4.58,4.63,4.52,4.55,8351385,yahoo,gunici,2026-09-22T12:02:43Z
2026-09-22,ESEN,2.91,2.93,2.86,2.89,15521320,yahoo,gunici,2026-09-22T12:02:43Z
2026-09-22,ETILR,5.8,6.11,5.69,5.98,5156369,yahoo,gunici,2026-09-22T12:02:43Z
2026-09-22,ETYAT,7.57,7.57,7.57,7.57,74931,yahoo,gunici,2026-09-22T12:02:43Z
2026-09-22,EUHOL,7.1,7.1,7.1,7.1,133683,yahoo,gunici,2026-09-22T12:02:43Z
2026-09-22,EUKYO,10.14,10.14,10.14,10.14,68999,yahoo,gunici,2026-09-22T12:02:43Z
2026-09-22,EUPWR,60.75,69,60.75,66.2,23314268,yahoo,gunici,2026-09-22T12:02:43Z
2026-09-22,EUREN,3.13,3.17,3.1,3.17,13219609,yahoo,gunici,2026-09-22T12:02:43Z
2026-09-22,EUYO,3.58,3.74,3.42,3.73,378202,yahoo,gunici,2026-09-22T12:02:43Z
2026-09-22,EYGYO,2.32,2.32,2.11,2.14,4973267,yahoo,gunici,2026-09-22T12:02:43Z
2026-09-22,FADE,12.15,12.33,11.94,12.1,707704,yahoo,gunici,2026-09-22T12:02:43Z
2026-09-22,FENER,2.58,2.59,2.52,2.54,64539174,yahoo,gunici,2026-09-22T12:02:43Z
2026-09-22,FLAP,11.34,12.37,11.3,12.11,1040456,yahoo,gunici,2026-09-22T12:02:43Z
2026-09-22,FMIZP,259.75,261.25,252.5,259,34401,yahoo,gunici,2026-09-22T12:02:43Z
2026-09-22,FONET,4.08,4.26,4,4.17,11897595,yahoo,gunici,2026-09-22T12:02:43Z
2026-09-22,FORMT,1.17,1.17,1.13,1.15,10815915,yahoo,gunici,2026-09-22T12:02:43Z
2026-09-22,FORTE,97.5,100.9,96.45,99.55,530795,yahoo,gunici,2026-09-22T12:02:43Z
2026-09-22,FRIGO,1.59,1.73,1.59,1.69,15295890,yahoo,gunici,2026-09-22T12:02:43Z
2026-09-22,FRMPL,23.6,24.72,23.5,24.6,1621086,yahoo,gunici,2026-09-22T12:02:43Z
2026-09-22,FROTO,77.85,80.4,77.5,80.2,14564801,yahoo,gunici,2026-09-22T12:02:43Z
2026-09-22,FZLGY,6.72,7.34,6.72,7.33,29963476,yahoo,gunici,2026-09-22T12:02:43Z
2026-09-22,GARAN,133,135.9,132.5,135.1,17769136,yahoo,gunici,2026-09-22T12:02:43Z
2026-09-22,GARFA,24.34,25,24.22,24.78,639411,yahoo,gunici,2026-09-22T12:02:43Z
2026-09-22,GATEG,176.8,176.8,176.8,176.8,8576,yahoo,gunici,2026-09-22T12:02:43Z
2026-09-22,GEDIK,5.38,5.39,5.18,5.26,8161142,yahoo,gunici,2026-09-22T12:02:43Z
2026-09-22,GEDZA,23.7,24.18,23.44,23.88,240847,yahoo,gunici,2026-09-22T12:02:43Z
2026-09-22,GENIL,6.62,7.82,6.62,7.57,66918290,yahoo,gunici,2026-09-22T12:02:43Z
2026-09-22,GENKM,7.98,8.24,7.98,8.18,4146361,yahoo,gunici,2026-09-22T12:02:43Z
2026-09-22,GENTS,4.44,4.57,4.22,4.52,4141702,yahoo,gunici,2026-09-22T12:02:43Z
2026-09-22,GEREL,25.9,26.36,25.16,25.68,3473539,yahoo,gunici,2026-09-22T12:02:43Z
2026-09-22,GESAN,44.1,50.05,44,49.12,26615799,yahoo,gunici,2026-09-22T12:02:43Z
2026-09-22,GIPTA,40.5,40.5,40.5,40.5,91721,yahoo,gunici,2026-09-22T12:02:43Z
2026-09-22,GLBMD,9.64,10.7,9.49,10.14,92005,yahoo,gunici,2026-09-22T12:02:43Z
2026-09-22,GLCVY,46.12,46.98,45.54,46.88,263116,yahoo,gunici,2026-09-22T12:02:43Z
2026-09-22,GLRMK,141,149.7,140.4,145.7,5184007,yahoo,gunici,2026-09-22T12:02:43Z
2026-09-22,GLRYH,1.8,1.98,1.78,1.95,16752635,yahoo,gunici,2026-09-22T12:02:43Z
2026-09-22,GLYHO,15.6,16.03,15.5,15.86,2006519,yahoo,gunici,2026-09-22T12:02:43Z
2026-09-22,GMTAS,47.8,49.24,47.72,48.42,4176644,yahoo,gunici,2026-09-22T12:02:43Z
2026-09-22,GOKNR,15.5,15.85,14.45,15.66,7669951,yahoo,gunici,2026-09-22T12:02:43Z
2026-09-22,GOLDA,9.91,10.09,9.63,9.87,5496098,yahoo,gunici,2026-09-22T12:02:43Z
2026-09-22,GOLTS,260.75,265.25,258.25,264.5,68336,yahoo,gunici,2026-09-22T12:02:43Z
2026-09-22,GOODY,2.32,2.4,2.26,2.29,11554545,yahoo,gunici,2026-09-22T12:02:43Z
2026-09-22,GOZDE,19.97,20.36,19.5,20,1401926,yahoo,gunici,2026-09-22T12:02:43Z
2026-09-22,GRNYO,8.03,8.86,8.03,8.72,999389,yahoo,gunici,2026-09-22T12:02:43Z
2026-09-22,GRSEL,273,283.25,267.25,279.75,381779,yahoo,gunici,2026-09-22T12:02:43Z
2026-09-22,GRTHO,130.3,130.3,130.3,130.3,161969,yahoo,gunici,2026-09-22T12:02:43Z
2026-09-22,GSDDE,12.12,12.68,12.12,12.57,2066334,yahoo,gunici,2026-09-22T12:02:43Z
2026-09-22,GSDHO,4.06,4.21,4.06,4.15,8496272,yahoo,gunici,2026-09-22T12:02:43Z
2026-09-22,GSRAY,0.91,0.92,0.89,0.91,84837220,yahoo,gunici,2026-09-22T12:02:43Z
2026-09-22,GUBRF,440.25,451.75,438.5,443.5,1509281,yahoo,gunici,2026-09-22T12:02:43Z
2026-09-22,GUNDG,434,434,434,434,297,yahoo,gunici,2026-09-22T12:02:43Z
2026-09-22,GWIND,21.16,21.42,20.92,21.2,2257704,yahoo,gunici,2026-09-22T12:02:43Z
2026-09-22,GZNMI,37.8,37.8,35.92,36.24,583238,yahoo,gunici,2026-09-22T12:02:43Z
2026-09-22,HALKB,47.2,47.9,47.14,47.64,15304776,yahoo,gunici,2026-09-22T12:02:43Z
2026-09-22,HATEK,10.9,10.95,10.36,10.47,1140884,yahoo,gunici,2026-09-22T12:02:43Z
2026-09-22,HATSN,35.48,35.48,35.48,35.48,415367,yahoo,gunici,2026-09-22T12:02:43Z
2026-09-22,HDFGS,1.25,1.25,1.25,1.25,1077403,yahoo,gunici,2026-09-22T12:02:43Z
2026-09-22,HEDEF,15.68,15.68,15.68,15.68,58599,yahoo,gunici,2026-09-22T12:02:43Z
2026-09-22,HEKTS,2.28,2.3,2.25,2.27,127593361,yahoo,gunici,2026-09-22T12:02:43Z
2026-09-22,HKTM,11.02,11.07,10.7,10.88,1471466,yahoo,gunici,2026-09-22T12:02:43Z
2026-09-22,HLGYO,4.02,4.15,3.98,4.12,19684551,yahoo,gunici,2026-09-22T12:02:43Z
2026-09-22,HOROZ,45.92,48.16,45.52,47.42,725003,yahoo,gunici,2026-09-22T12:02:43Z
2026-09-22,HRKET,7,7.2,6.51,6.91,43870254,yahoo,gunici,2026-09-22T12:02:43Z
2026-09-22,HTTBT,30.44,31.84,30.44,31.38,375618,yahoo,gunici,2026-09-22T12:02:43Z
2026-09-22,HUBVC,1.64,1.74,1.59,1.71,2356527,yahoo,gunici,2026-09-22T12:02:43Z
2026-09-22,HUNER,3.92,4.21,3.83,4.16,58212870,yahoo,gunici,2026-09-22T12:02:43Z
2026-09-22,HURGZ,6.5,6.61,6.25,6.42,3443765,yahoo,gunici,2026-09-22T12:02:43Z
2026-09-22,ICBCT,16.69,16.88,16.47,16.57,738604,yahoo,gunici,2026-09-22T12:02:43Z
2026-09-22,ICUGS,2.11,2.11,2.11,2.11,882496,yahoo,gunici,2026-09-22T12:02:43Z
2026-09-22,IDGYO,2.44,2.46,2.32,2.38,982140,yahoo,gunici,2026-09-22T12:02:43Z
2026-09-22,IEYHO,135.9,135.9,135.9,135.9,857,yahoo,gunici,2026-09-22T12:02:43Z
2026-09-22,IHAAS,33.66,33.66,33.66,33.66,19291,yahoo,gunici,2026-09-22T12:02:43Z
2026-09-22,IHEVA,1.67,1.7,1.63,1.67,766422,yahoo,gunici,2026-09-22T12:02:43Z
2026-09-22,IHGZT,1.05,1.09,1.04,1.05,30698305,yahoo,gunici,2026-09-22T12:02:43Z
2026-09-22,IHLAS,0.97,0.97,0.94,0.96,56829621,yahoo,gunici,2026-09-22T12:02:43Z
2026-09-22,IHLGM,1.37,1.38,1.35,1.37,7058007,yahoo,gunici,2026-09-22T12:02:43Z
2026-09-22,IHYAY,1.06,1.06,1.03,1.03,1735524,yahoo,gunici,2026-09-22T12:02:43Z
2026-09-22,IMASM,1.8,1.85,1.76,1.78,19039238,yahoo,gunici,2026-09-22T12:02:43Z
2026-09-22,INDES,10.37,10.87,10.37,10.8,3090466,yahoo,gunici,2026-09-22T12:02:43Z
2026-09-22,INFO,1.45,1.45,1.45,1.45,1261576,yahoo,gunici,2026-09-22T12:02:43Z
2026-09-22,INGRM,310,322.75,310,317,19242,yahoo,gunici,2026-09-22T12:02:43Z
2026-09-22,INTEK,166,166.4,166,166.4,8662,yahoo,gunici,2026-09-22T12:02:43Z
2026-09-22,INTEM,213.3,215.6,210.6,213.2,20120,yahoo,gunici,2026-09-22T12:02:43Z
2026-09-22,INTET,53.5,54.3,49,52.65,15282906,yahoo,gunici,2026-09-22T12:02:43Z
2026-09-22,INVEO,6.42,6.51,6.21,6.25,4178808,yahoo,gunici,2026-09-22T12:02:43Z
2026-09-22,INVES,749,754.5,737,748,29827,yahoo,gunici,2026-09-22T12:02:43Z
2026-09-22,ISBIR,63,63.6,63,63.6,7203,yahoo,gunici,2026-09-22T12:02:43Z
2026-09-22,ISCTR,13.62,13.78,13.45,13.69,286500554,yahoo,gunici,2026-09-22T12:02:43Z
2026-09-22,ISDMR,62.45,63.3,61.5,62.75,1275407,yahoo,gunici,2026-09-22T12:02:43Z
2026-09-22,ISFIN,18.85,19.23,18.66,18.89,745832,yahoo,gunici,2026-09-22T12:02:43Z
2026-09-22,ISGYO,23.7,25.18,23.7,24.94,1204055,yahoo,gunici,2026-09-22T12:02:43Z
2026-09-22,ISKPL,3.85,3.85,3.85,3.85,2086176,yahoo,gunici,2026-09-22T12:02:43Z
2026-09-22,ISMEN,33.66,34.2,33.5,33.92,4035710,yahoo,gunici,2026-09-22T12:02:43Z
2026-09-22,ISSEN,5.95,6.04,5.95,5.98,352892,yahoo,gunici,2026-09-22T12:02:43Z
2026-09-22,ISVEA,57.45,57.45,57.45,57.45,9130,yahoo,gunici,2026-09-22T12:02:43Z
2026-09-22,IZENR,3.91,4.45,3.91,4.24,49684954,yahoo,gunici,2026-09-22T12:02:43Z
2026-09-22,IZFAS,30.14,30.14,30.14,30.14,135125,yahoo,gunici,2026-09-22T12:02:43Z
2026-09-22,IZINV,32.94,35.96,32.94,33.94,339812,yahoo,gunici,2026-09-22T12:02:43Z
2026-09-22,IZMDC,7,7.35,6.79,7.17,8469093,yahoo,gunici,2026-09-22T12:02:43Z
2026-09-22,JANTS,14.6,15.12,14.6,14.87,1460845,yahoo,gunici,2026-09-22T12:02:43Z
2026-09-22,KAPLM,198,198,198,198,72729,yahoo,gunici,2026-09-22T12:02:43Z
2026-09-22,KARCL,137.7,137.7,137.7,137.7,18933,yahoo,gunici,2026-09-22T12:02:43Z
2026-09-22,KAREL,6.23,6.27,5.6,5.98,19005391,yahoo,gunici,2026-09-22T12:02:43Z
2026-09-22,KARSN,9.28,10.06,9.14,10.04,35655166,yahoo,gunici,2026-09-22T12:02:43Z
2026-09-22,KARTN,101.8,110.7,101.8,106,1323092,yahoo,gunici,2026-09-22T12:02:43Z
2026-09-22,KATMR,1.59,1.67,1.59,1.65,74231149,yahoo,gunici,2026-09-22T12:02:43Z
2026-09-22,KAYSE,3.42,3.42,3.36,3.39,4323539,yahoo,gunici,2026-09-22T12:02:43Z
2026-09-22,KBORU,10.32,12.6,10.32,12.6,24509957,yahoo,gunici,2026-09-22T12:02:43Z
2026-09-22,KCAER,10.91,11.59,10.84,11.58,23695680,yahoo,gunici,2026-09-22T12:02:43Z
2026-09-22,KCHOL,222.2,224.3,219.5,222.2,14569724,yahoo,gunici,2026-09-22T12:02:43Z
2026-09-22,KENT,304,304,285,288.5,5788,yahoo,gunici,2026-09-22T12:02:43Z
2026-09-22,KERVN,7.64,7.64,7.64,7.64,161956,yahoo,gunici,2026-09-22T12:02:43Z
2026-09-22,KFEIN,6.28,6.46,6.25,6.41,1975263,yahoo,gunici,2026-09-22T12:02:43Z
2026-09-22,KGYO,9.56,9.56,9.56,9.56,639746,yahoo,gunici,2026-09-22T12:02:43Z
2026-09-22,KIMMR,11.9,11.9,11.45,11.53,524349,yahoo,gunici,2026-09-22T12:02:43Z
2026-09-22,KLGYO,4,4.17,4,4.08,5470846,yahoo,gunici,2026-09-22T12:02:43Z
2026-09-22,KLKIM,23.38,23.94,23.38,23.84,971109,yahoo,gunici,2026-09-22T12:02:43Z
2026-09-22,KLMSN,22.5,23.32,22.3,23.02,409909,yahoo,gunici,2026-09-22T12:02:43Z
2026-09-22,KLNMA,8.33,8.33,8.33,8.33,104900,yahoo,gunici,2026-09-22T12:02:43Z
2026-09-22,KLRHO,34.32,34.32,34.32,34.32,129897,yahoo,gunici,2026-09-22T12:02:43Z
2026-09-22,KLSER,20.1,20.4,20,20.26,612822,yahoo,gunici,2026-09-22T12:02:43Z
2026-09-22,KLSYN,12.95,13.95,12.95,13.65,905953,yahoo,gunici,2026-09-22T12:02:43Z
2026-09-22,KLYPV,56.95,57.95,56.1,56.65,802188,yahoo,gunici,2026-09-22T12:02:43Z
2026-09-22,KMPUR,15.55,15.9,15.28,15.88,758293,yahoo,gunici,2026-09-22T12:02:43Z
2026-09-22,KNFRT,10.33,10.7,10.27,10.53,1368939,yahoo,gunici,2026-09-22T12:02:43Z
2026-09-22,KOCMT,2.51,2.51,2.51,2.51,2351813,yahoo,gunici,2026-09-22T12:02:43Z
2026-09-22,KONKA,7.39,7.83,7.39,7.71,1132805,yahoo,gunici,2026-09-22T12:02:43Z
2026-09-22,KONTR,2.31,2.31,2.31,2.31,4072399,yahoo,gunici,2026-09-22T12:02:43Z
2026-09-22,KONYA,3577.5,3725,3577.5,3722.5,14926,yahoo,gunici,2026-09-22T12:02:43Z
2026-09-22,KOPOL,3.66,3.69,3.58,3.65,4804974,yahoo,gunici,2026-09-22T12:02:43Z
2026-09-22,KORDS,3.07,3.18,3.04,3.16,14034774,yahoo,gunici,2026-09-22T12:02:43Z
2026-09-22,KOTON,11.2,11.25,11.01,11.07,846114,yahoo,gunici,2026-09-22T12:02:43Z
2026-09-22,KPEKS,62.05,62.05,62.05,62.05,304889,yahoo,gunici,2026-09-22T12:02:43Z
2026-09-22,KRDMA,44.08,44.08,42.52,43.7,4330682,yahoo,gunici,2026-09-22T12:02:43Z
2026-09-22,KRDMB,71.55,71.55,71.55,71.55,87361,yahoo,gunici,2026-09-22T12:02:43Z
2026-09-22,KRDMD,45.24,46,45.02,45.7,22034576,yahoo,gunici,2026-09-22T12:02:43Z
2026-09-22,KRGYO,3.22,3.37,3.21,3.34,16389937,yahoo,gunici,2026-09-22T12:02:43Z
2026-09-22,KRONT,18.93,19.58,18.89,19.37,531017,yahoo,gunici,2026-09-22T12:02:43Z
2026-09-22,KRPLS,11.61,11.75,11.27,11.41,1710298,yahoo,gunici,2026-09-22T12:02:43Z
2026-09-22,KRSTL,7.82,7.89,7.74,7.84,2652249,yahoo,gunici,2026-09-22T12:02:43Z
2026-09-22,KRTEK,5.13,5.68,5.13,5.64,647467,yahoo,gunici,2026-09-22T12:02:43Z
2026-09-22,KRVGD,2.05,2.13,2.04,2.12,3129605,yahoo,gunici,2026-09-22T12:02:43Z
2026-09-22,KSTUR,2100,2100,2100,2100,510,yahoo,gunici,2026-09-22T12:02:43Z
2026-09-22,KTLEV,18.04,18.04,18.04,18.04,605080,yahoo,gunici,2026-09-22T12:02:43Z
2026-09-22,KTSKR,60.5,63,60.5,61.8,258107,yahoo,gunici,2026-09-22T12:02:43Z
2026-09-22,KUTPO,71.65,72.6,71.25,71.85,53199,yahoo,gunici,2026-09-22T12:02:43Z
2026-09-22,KUVVA,115.1,115.1,115.1,115.1,5306,yahoo,gunici,2026-09-22T12:02:43Z
2026-09-22,KUYAS,41.22,41.22,41.22,41.22,85601,yahoo,gunici,2026-09-22T12:02:43Z
2026-09-22,KZBGY,1.43,1.48,1.42,1.46,33638417,yahoo,gunici,2026-09-22T12:02:43Z
2026-09-22,KZGYO,16.42,17.24,16.42,16.47,11790206,yahoo,gunici,2026-09-22T12:02:43Z
2026-09-22,LIDER,12.8,12.8,12.8,12.8,291329,yahoo,gunici,2026-09-22T12:02:43Z
2026-09-22,LIDFA,1.6,1.68,1.6,1.63,13100527,yahoo,gunici,2026-09-22T12:02:43Z
2026-09-22,LILAK,26.1,26.3,25.58,25.78,2139566,yahoo,gunici,2026-09-22T12:02:43Z
2026-09-22,LINK,4.02,4.18,4,4.17,9976767,yahoo,gunici,2026-09-22T12:02:43Z
2026-09-22,LKMNH,12.14,12.34,12.02,12.19,637160,yahoo,gunici,2026-09-22T12:02:43Z
2026-09-22,LMKDC,22.62,23.3,22.3,22.94,2460615,yahoo,gunici,2026-09-22T12:02:43Z
2026-09-22,LOGO,138.8,143,138.4,142.5,340717,yahoo,gunici,2026-09-22T12:02:43Z
2026-09-22,LRSHO,2.11,2.17,2.05,2.07,19462200,yahoo,gunici,2026-09-22T12:02:43Z
2026-09-22,LUKSK,65.3,68.5,65.3,67.7,43982,yahoo,gunici,2026-09-22T12:02:43Z
2026-09-22,LXGYO,6.73,6.82,6.56,6.68,2659162,yahoo,gunici,2026-09-22T12:02:43Z
2026-09-22,LYDHO,76.2,76.2,76.2,76.2,5109,yahoo,gunici,2026-09-22T12:02:43Z
2026-09-22,LYDYE,7565,7565,7565,7565,116,yahoo,gunici,2026-09-22T12:02:43Z
2026-09-22,MAALT,909.5,925,902,913,16771,yahoo,gunici,2026-09-22T12:02:43Z
2026-09-22,MACKO,28.84,28.84,27.5,28.02,684545,yahoo,gunici,2026-09-22T12:02:43Z
2026-09-22,MAGEN,22.08,22.08,22.08,22.08,634025,yahoo,gunici,2026-09-22T12:02:43Z
2026-09-22,MAKIM,12.31,12.61,12.05,12.59,320948,yahoo,gunici,2026-09-22T12:02:43Z
2026-09-22,MAKTK,7.36,7.38,7.19,7.34,1238512,yahoo,gunici,2026-09-22T12:02:43Z
2026-09-22,MANAS,19.77,19.77,19.77,19.77,21970,yahoo,gunici,2026-09-22T12:02:43Z
2026-09-22,MARBL,10.03,10.24,9.81,10.04,984891,yahoo,gunici,2026-09-22T12:02:43Z
2026-09-22,MARMR,1.6,1.6,1.56,1.59,19970455,yahoo,gunici,2026-09-22T12:02:43Z
2026-09-22,MARTI,1.81,1.81,1.81,1.81,1007521,yahoo,gunici,2026-09-22T12:02:43Z
2026-09-22,MASFN,37.24,38.7,37.24,38.64,3643064,yahoo,gunici,2026-09-22T12:02:43Z
2026-09-22,MAVI,37.4,38.8,37.1,38.34,8040956,yahoo,gunici,2026-09-22T12:02:43Z
2026-09-22,MCARD,100.1,104.9,96.1,99.85,1703689,yahoo,gunici,2026-09-22T12:02:43Z
2026-09-22,MEDTR,19.99,20.54,19.55,19.79,153782,yahoo,gunici,2026-09-22T12:02:43Z
2026-09-22,MEGAP,1.34,1.35,1.34,1.35,461842,yahoo,gunici,2026-09-22T12:02:43Z
2026-09-22,MEGMT,3.54,3.58,3.24,3.24,60697526,yahoo,gunici,2026-09-22T12:02:43Z
2026-09-22,MEKAG,2.35,2.35,2.27,2.32,4231150,yahoo,gunici,2026-09-22T12:02:43Z
2026-09-22,MEPET,18.1,19.91,18.1,19.91,836211,yahoo,gunici,2026-09-22T12:02:43Z
2026-09-22,MERCN,14.13,15.18,13.91,14.76,5617393,yahoo,gunici,2026-09-22T12:02:43Z
2026-09-22,MERIT,14.47,14.78,14.38,14.62,1255058,yahoo,gunici,2026-09-22T12:02:43Z
2026-09-22,MERKO,1.02,1.03,1,1.02,9993985,yahoo,gunici,2026-09-22T12:02:43Z
2026-09-22,METEN,17.92,18.32,17.73,18.3,9348884,yahoo,gunici,2026-09-22T12:02:43Z
2026-09-22,METRO,6.42,6.7,6.25,6.56,4761220,yahoo,gunici,2026-09-22T12:02:43Z
2026-09-22,MEYSU,8.28,8.34,8.08,8.19,5516551,yahoo,gunici,2026-09-22T12:02:43Z
2026-09-22,MGROS,538,549.5,537.5,542,2078261,yahoo,gunici,2026-09-22T12:02:43Z
2026-09-22,MHRGY,1.94,1.95,1.87,1.89,2823205,yahoo,gunici,2026-09-22T12:02:43Z
2026-09-22,MIATK,20.52,20.52,20.52,20.52,1905941,yahoo,gunici,2026-09-22T12:02:43Z
2026-09-22,MMCAS,23,23,23,23,23315,yahoo,gunici,2026-09-22T12:02:43Z
2026-09-22,MNDRS,10.01,10.24,9.94,10.12,975649,yahoo,gunici,2026-09-22T12:02:43Z
2026-09-22,MNDTR,4.48,4.49,4.34,4.4,904005,yahoo,gunici,2026-09-22T12:02:43Z
2026-09-22,MOBTL,10.4,10.4,9.56,9.64,2114216,yahoo,gunici,2026-09-22T12:02:43Z
2026-09-22,MOGAN,7.56,9.05,7.56,8.94,42300539,yahoo,gunici,2026-09-22T12:02:43Z
2026-09-22,MOPAS,20.74,21.24,20.46,20.76,1284760,yahoo,gunici,2026-09-22T12:02:43Z
2026-09-22,MPARK,439.25,445.5,434.5,435,444471,yahoo,gunici,2026-09-22T12:02:43Z
2026-09-22,MRGYO,1.41,1.41,1.41,1.41,2294960,yahoo,gunici,2026-09-22T12:02:43Z
2026-09-22,MRSHL,1475,1533,1470,1511,9967,yahoo,gunici,2026-09-22T12:02:43Z
2026-09-22,MSGYO,5.1,5.1,4.96,5.06,492918,yahoo,gunici,2026-09-22T12:02:43Z
2026-09-22,MTRKS,23.14,24.5,23.08,23.56,385100,yahoo,gunici,2026-09-22T12:02:43Z
2026-09-22,MTRYO,8.78,9.4,8.35,8.98,214593,yahoo,gunici,2026-09-22T12:02:43Z
2026-09-22,MZHLD,4.72,4.92,4.61,4.78,247093,yahoo,gunici,2026-09-22T12:02:43Z
2026-09-22,NATEN,4.34,4.41,4.32,4.4,2956247,yahoo,gunici,2026-09-22T12:02:43Z
2026-09-22,NETAS,79.95,79.95,75,76.15,437294,yahoo,gunici,2026-09-22T12:02:43Z
2026-09-22,NETCD,91,94.55,89.65,91.6,2052989,yahoo,gunici,2026-09-22T12:02:43Z
2026-09-22,NETGL,30.56,32,30.56,30.56,8765414,yahoo,gunici,2026-09-22T12:02:43Z
2026-09-22,NIBAS,3.29,3.31,3.2,3.24,4147007,yahoo,gunici,2026-09-22T12:02:43Z
2026-09-22,NTGAZ,10.59,10.75,10.49,10.62,1475303,yahoo,gunici,2026-09-22T12:02:43Z
2026-09-22,NTHOL,38.3,40.08,38.04,40.02,1916842,yahoo,gunici,2026-09-22T12:02:43Z
2026-09-22,NUGYO,7.92,8.1,7.85,7.93,727924,yahoo,gunici,2026-09-22T12:02:43Z
2026-09-22,NUHCM,197.1,208,197.1,207.5,26491,yahoo,gunici,2026-09-22T12:02:43Z
2026-09-22,OBAMS,4.25,4.35,4.23,4.31,10977207,yahoo,gunici,2026-09-22T12:02:43Z
2026-09-22,OBASE,30,30.2,29.12,29.4,115885,yahoo,gunici,2026-09-22T12:02:43Z
2026-09-22,ODAS,6.65,6.78,6.57,6.74,40471801,yahoo,gunici,2026-09-22T12:02:43Z
2026-09-22,ODINE,374.75,374.75,374.75,374.75,1470,yahoo,gunici,2026-09-22T12:02:43Z
2026-09-22,OFSYM,60.35,60.35,58,59.55,359900,yahoo,gunici,2026-09-22T12:02:43Z
2026-09-22,ONCSM,93.7,101,93.7,93.7,895289,yahoo,gunici,2026-09-22T12:02:43Z
2026-09-22,ONRYT,11.3,11.49,11.1,11.18,2171447,yahoo,gunici,2026-09-22T12:02:43Z
2026-09-22,ORCAY,2.6,2.62,2.53,2.61,1179239,yahoo,gunici,2026-09-22T12:02:43Z
2026-09-22,ORGE,22.32,22.96,22.02,22.78,2298521,yahoo,gunici,2026-09-22T12:02:43Z
2026-09-22,ORMA,119.8,119.8,119.8,119.8,5752,yahoo,gunici,2026-09-22T12:02:43Z
2026-09-22,ORZAX,75,78,74.5,76.95,1874247,yahoo,gunici,2026-09-22T12:02:43Z
2026-09-22,OSMEN,5.44,5.59,5.41,5.47,1587132,yahoo,gunici,2026-09-22T12:02:43Z
2026-09-22,OSTIM,1.43,1.43,1.39,1.4,4407480,yahoo,gunici,2026-09-22T12:02:43Z
2026-09-22,OTKAR,302,311.5,300,306.5,317301,yahoo,gunici,2026-09-22T12:02:43Z
2026-09-22,OTTO,94,94.55,91.15,92.45,148632,yahoo,gunici,2026-09-22T12:02:43Z
2026-09-22,OYAKC,20.42,21.32,20.26,21.24,15526927,yahoo,gunici,2026-09-22T12:02:43Z
2026-09-22,OYAYO,35.5,37.26,35.5,36.86,32722,yahoo,gunici,2026-09-22T12:02:43Z
2026-09-22,OYLUM,6.3,6.5,6.01,6.3,241837,yahoo,gunici,2026-09-22T12:02:43Z
2026-09-22,OYYAT,28.4,30.46,28.12,29.78,1254622,yahoo,gunici,2026-09-22T12:02:43Z
2026-09-22,OZATD,2945,2945,2945,2945,34,yahoo,gunici,2026-09-22T12:02:43Z
2026-09-22,OZGYO,1.76,1.78,1.71,1.75,6285540,yahoo,gunici,2026-09-22T12:02:43Z
2026-09-22,OZKGY,11.95,12.49,11.95,12.46,1943731,yahoo,gunici,2026-09-22T12:02:43Z
2026-09-22,OZRDN,21,23.14,21,21.7,335799,yahoo,gunici,2026-09-22T12:02:43Z
2026-09-22,OZSUB,39,39.28,38.02,38.42,1517071,yahoo,gunici,2026-09-22T12:02:43Z
2026-09-22,OZYSR,10.9,11.23,10.85,11.1,1921797,yahoo,gunici,2026-09-22T12:02:43Z
2026-09-22,PAGYO,122.9,125.8,122.9,124.2,23302,yahoo,gunici,2026-09-22T12:02:43Z
2026-09-22,PAHOL,1.01,1.04,1,1.03,115782237,yahoo,gunici,2026-09-22T12:02:43Z
2026-09-22,PAMEL,53.05,53.3,51.7,52.5,101117,yahoo,gunici,2026-09-22T12:02:43Z
2026-09-22,PAPIL,9.45,9.55,9.24,9.3,2477169,yahoo,gunici,2026-09-22T12:02:43Z
2026-09-22,PARSN,62.8,63.5,62.7,63.05,118367,yahoo,gunici,2026-09-22T12:02:43Z
2026-09-22,PASEU,44.94,44.94,44.94,44.94,113886,yahoo,gunici,2026-09-22T12:02:43Z
2026-09-22,PATEK,15.8,17.95,15.8,17.65,21930669,yahoo,gunici,2026-09-22T12:02:43Z
2026-09-22,PCILT,29.4,31.18,29.4,30.96,1080675,yahoo,gunici,2026-09-22T12:02:43Z
2026-09-22,PEKGY,6.93,6.93,6.93,6.93,615737,yahoo,gunici,2026-09-22T12:02:43Z
2026-09-22,PENGD,7.94,8.02,7.8,7.91,1249641,yahoo,gunici,2026-09-22T12:02:43Z
2026-09-22,PENTA,10.75,10.95,10.65,10.75,1175395,yahoo,gunici,2026-09-22T12:02:43Z
2026-09-22,PETKM,21.08,21.72,20.84,20.9,42619669,yahoo,gunici,2026-09-22T12:02:43Z
2026-09-22,PETUN,10.31,10.54,10.24,10.38,952927,yahoo,gunici,2026-09-22T12:02:43Z
2026-09-22,PGSUS,151,153.2,150.3,152.9,6402114,yahoo,gunici,2026-09-22T12:02:43Z
2026-09-22,PINSU,8.98,9.05,8.8,8.88,823929,yahoo,gunici,2026-09-22T12:02:43Z
2026-09-22,PKART,89.9,98.5,89.9,91.5,240066,yahoo,gunici,2026-09-22T12:02:43Z
2026-09-22,PKENT,102.1,103.5,101.5,102.2,73400,yahoo,gunici,2026-09-22T12:02:43Z
2026-09-22,PLTUR,16.28,17.05,16.28,16.92,726109,yahoo,gunici,2026-09-22T12:02:43Z
2026-09-22,PNLSN,33.54,35,33.54,34.48,288860,yahoo,gunici,2026-09-22T12:02:43Z
2026-09-22,PNSUT,10.24,10.54,10.2,10.34,1843650,yahoo,gunici,2026-09-22T12:02:43Z
2026-09-22,POLHO,17.67,18.5,17.5,18.24,1127376,yahoo,gunici,2026-09-22T12:02:43Z
2026-09-22,POLTK,3315,3387.5,3265,3340,4923,yahoo,gunici,2026-09-22T12:02:43Z
2026-09-22,PRDGS,3.94,4.3,3.94,4.11,8568096,yahoo,gunici,2026-09-22T12:02:43Z
2026-09-22,PRKAB,27.36,27.66,27.08,27.56,281046,yahoo,gunici,2026-09-22T12:02:43Z
2026-09-22,PRKME,16.24,16.39,15.89,16.15,1048765,yahoo,gunici,2026-09-22T12:02:43Z
2026-09-22,PRZMA,41.32,41.32,41.32,41.32,3860,yahoo,gunici,2026-09-22T12:02:43Z
2026-09-22,PSDTC,83.25,101.6,83.25,91.95,1060222,yahoo,gunici,2026-09-22T12:02:43Z
2026-09-22,PSGYO,1.97,2.14,1.97,2.1,101113913,yahoo,gunici,2026-09-22T12:02:43Z
2026-09-22,QNBFK,36,36,36,36,21423,yahoo,gunici,2026-09-22T12:02:43Z
2026-09-22,QNBTR,164.4,164.4,164.4,164.4,8988,yahoo,gunici,2026-09-22T12:02:43Z
2026-09-22,QUAGR,2.39,2.39,2.28,2.33,18464030,yahoo,gunici,2026-09-22T12:02:43Z
2026-09-22,QUICK,50,51.35,49.12,50.85,1523840,yahoo,gunici,2026-09-22T12:02:43Z
2026-09-22,RALYH,160.4,160.4,160.4,160.4,11770,yahoo,gunici,2026-09-22T12:02:43Z
2026-09-22,RAYSG,129.6,133.6,129.6,132,40866,yahoo,gunici,2026-09-22T12:02:43Z
2026-09-22,REEDR,4.38,4.38,4.04,4.09,19500584,yahoo,gunici,2026-09-22T12:02:43Z
2026-09-22,RGYAS,190.7,200.3,190.3,198.1,3282821,yahoo,gunici,2026-09-22T12:02:43Z
2026-09-22,RNPOL,2.09,2.09,1.92,1.97,5753112,yahoo,gunici,2026-09-22T12:02:43Z
2026-09-22,RODRG,18.99,19.1,18.65,19,250252,yahoo,gunici,2026-09-22T12:02:43Z
2026-09-22,RTALB,2.14,2.19,2.05,2.11,17309806,yahoo,gunici,2026-09-22T12:02:43Z
2026-09-22,RUBNS,22,24.26,22,24.06,1334235,yahoo,gunici,2026-09-22T12:02:43Z
2026-09-22,RUZYE,5.01,5.63,5.01,5.43,10758060,yahoo,gunici,2026-09-22T12:02:43Z
2026-09-22,RYGYO,48,50.1,46.62,48.16,1961332,yahoo,gunici,2026-09-22T12:02:43Z
2026-09-22,RYSAS,24.22,26.08,24.02,25.8,14719409,yahoo,gunici,2026-09-22T12:02:43Z
2026-09-22,SAFKR,10.92,11.45,10.92,11.29,1963222,yahoo,gunici,2026-09-22T12:02:43Z
2026-09-22,SAHOL,90.65,92.4,90.3,91.75,19912468,yahoo,gunici,2026-09-22T12:02:43Z
2026-09-22,SAMAT,4.1,4.17,4.01,4.1,341044,yahoo,gunici,2026-09-22T12:02:43Z
2026-09-22,SANEL,37.02,41.56,37.02,40,132294,yahoo,gunici,2026-09-22T12:02:43Z
2026-09-22,SANFM,5.4,5.4,5.4,5.4,603061,yahoo,gunici,2026-09-22T12:02:43Z
2026-09-22,SANKO,18.18,18.18,17.82,18.08,116288,yahoo,gunici,2026-09-22T12:02:43Z
2026-09-22,SARAE,46.4,53.7,46.4,51.7,36103922,yahoo,gunici,2026-09-22T12:02:43Z
2026-09-22,SARKY,22.18,22.5,21.98,22.24,2355855,yahoo,gunici,2026-09-22T12:02:43Z
2026-09-22,SASA,2.32,2.36,2.28,2.3,1398666377,yahoo,gunici,2026-09-22T12:02:43Z
2026-09-22,SAYAS,45.2,47.74,45.2,47.44,1275556,yahoo,gunici,2026-09-22T12:02:43Z
2026-09-22,SDTTR,17.4,17.92,17.2,17.6,3914227,yahoo,gunici,2026-09-22T12:02:43Z
2026-09-22,SEGMN,30,31.4,28.26,29.04,1917498,yahoo,gunici,2026-09-22T12:02:43Z
2026-09-22,SEGYO,2.7,2.94,2.65,2.94,12892022,yahoo,gunici,2026-09-22T12:02:43Z
2026-09-22,SEKFK,3.85,4.01,3.85,3.96,346870,yahoo,gunici,2026-09-22T12:02:43Z
2026-09-22,SEKUR,5.38,5.38,5.38,5.38,61243,yahoo,gunici,2026-09-22T12:02:43Z
2026-09-22,SELEC,172.6,172.6,172.6,172.6,2058,yahoo,gunici,2026-09-22T12:02:43Z
2026-09-22,SELVA,1.23,1.27,1.22,1.25,11204890,yahoo,gunici,2026-09-22T12:02:43Z
2026-09-22,SERNT,6,6.02,5.8,5.97,2796392,yahoo,gunici,2026-09-22T12:02:43Z
2026-09-22,SEYKM,3.05,3.28,3.05,3.22,410389,yahoo,gunici,2026-09-22T12:02:43Z
2026-09-22,SILVR,1.79,1.85,1.78,1.8,938174,yahoo,gunici,2026-09-22T12:02:43Z
2026-09-22,SISE,40.24,40.76,40.1,40.58,26386434,yahoo,gunici,2026-09-22T12:02:43Z
2026-09-22,SKBNK,5.88,5.88,5.43,5.59,136569611,yahoo,gunici,2026-09-22T12:02:43Z
2026-09-22,SKTAS,2.7,2.72,2.64,2.7,3447532,yahoo,gunici,2026-09-22T12:02:43Z
2026-09-22,SKYLP,93.35,93.35,93.35,93.35,6002,yahoo,gunici,2026-09-22T12:02:43Z
2026-09-22,SKYMD,13.5,14.7,13.5,14.38,1118172,yahoo,gunici,2026-09-22T12:02:43Z
2026-09-22,SMART,17.55,18.32,17.55,18.26,677840,yahoo,gunici,2026-09-22T12:02:43Z
2026-09-22,SMRTG,4.89,5.7,4.89,5.5,127890104,yahoo,gunici,2026-09-22T12:02:43Z
2026-09-22,SMRVA,7.64,7.8,7.46,7.75,4837019,yahoo,gunici,2026-09-22T12:02:43Z
2026-09-22,SNGYO,2.73,2.86,2.68,2.81,26737894,yahoo,gunici,2026-09-22T12:02:43Z
2026-09-22,SNICA,2.59,2.62,2.55,2.59,4716377,yahoo,gunici,2026-09-22T12:02:43Z
2026-09-22,SNPAM,18.38,18.48,18.38,18.4,17470,yahoo,gunici,2026-09-22T12:02:43Z
2026-09-22,SODSN,6.09,6.09,6.04,6.04,67975,yahoo,gunici,2026-09-22T12:02:43Z
2026-09-22,SOHOE,8.56,8.67,8.44,8.64,4289992,yahoo,gunici,2026-09-22T12:02:43Z
2026-09-22,SOKE,8.03,8.29,8.01,8.25,1286779,yahoo,gunici,2026-09-22T12:02:43Z
2026-09-22,SOKM,59.2,59.75,57.65,58.2,1822297,yahoo,gunici,2026-09-22T12:02:43Z
2026-09-22,SONME,125.6,128.5,123.6,126.1,16736,yahoo,gunici,2026-09-22T12:02:43Z
2026-09-22,SRVGY,2.08,2.18,2.08,2.18,8048150,yahoo,gunici,2026-09-22T12:02:43Z
2026-09-22,SSAAT,27.68,30.1,27.54,29.88,2178858,yahoo,gunici,2026-09-22T12:02:43Z
2026-09-22,SUMAS,201.5,212.1,201.5,212.1,3682,yahoo,gunici,2026-09-22T12:02:43Z
2026-09-22,SUNTK,27.44,28.26,26.56,26.92,389135,yahoo,gunici,2026-09-22T12:02:43Z
2026-09-22,SURGY,23.92,24.02,23.12,23.28,1385498,yahoo,gunici,2026-09-22T12:02:43Z
2026-09-22,SUWEN,5.1,5.46,5,5.41,2428836,yahoo,gunici,2026-09-22T12:02:43Z
2026-09-22,SVGYO,9.19,9.19,9.19,9.19,16831,yahoo,gunici,2026-09-22T12:02:43Z
2026-09-22,TABGD,227.5,231.3,220.1,225.7,667449,yahoo,gunici,2026-09-22T12:02:43Z
2026-09-22,TARKM,417,448,405.25,408.5,113836,yahoo,gunici,2026-09-22T12:02:43Z
2026-09-22,TATEN,4.42,5.4,4.42,4.94,55233543,yahoo,gunici,2026-09-22T12:02:43Z
2026-09-22,TATGD,16.4,16.85,16.4,16.79,769170,yahoo,gunici,2026-09-22T12:02:43Z
2026-09-22,TAVHL,276.25,283.75,274,282.25,3195465,yahoo,gunici,2026-09-22T12:02:43Z
2026-09-22,TBORG,130,136,129,130.5,145700,yahoo,gunici,2026-09-22T12:02:43Z
2026-09-22,TCELL,99.45,102,99.45,101.5,9036776,yahoo,gunici,2026-09-22T12:02:43Z
2026-09-22,TCKRC,112.8,121.5,112.8,120.9,2232891,yahoo,gunici,2026-09-22T12:02:43Z
2026-09-22,TDGYO,12.11,12.11,12.11,12.11,171385,yahoo,gunici,2026-09-22T12:02:43Z
2026-09-22,TEHOL,28.26,28.26,28.26,28.26,1010119,yahoo,gunici,2026-09-22T12:02:43Z
2026-09-22,TEKTU,5.36,5.38,5.24,5.3,2306984,yahoo,gunici,2026-09-22T12:02:43Z
2026-09-22,TERA,132.4,132.4,132.4,132.4,6593,yahoo,gunici,2026-09-22T12:02:43Z
2026-09-22,TEZOL,7.76,7.97,7.76,7.8,1035875,yahoo,gunici,2026-09-22T12:02:43Z
2026-09-22,TGSAS,117,117,117,117,19713,yahoo,gunici,2026-09-22T12:02:43Z
2026-09-22,THYAO,293.5,302,291.25,301.75,40005502,yahoo,gunici,2026-09-22T12:02:43Z
2026-09-22,TKFEN,238.5,244.3,226.9,234.8,5764812,yahoo,gunici,2026-09-22T12:02:43Z
2026-09-22,TKNKA,92.65,92.65,92.65,92.65,8801,yahoo,gunici,2026-09-22T12:02:43Z
2026-09-22,TKNSA,14.85,15.08,14.74,15.03,1210112,yahoo,gunici,2026-09-22T12:02:43Z
2026-09-22,TLMAN,67,68.25,66.4,67.65,70122,yahoo,gunici,2026-09-22T12:02:43Z
2026-09-22,TMPOL,170.4,170.4,170.4,170.4,3535,yahoo,gunici,2026-09-22T12:02:43Z
2026-09-22,TMSN,63.9,64.95,63.5,64.2,319158,yahoo,gunici,2026-09-22T12:02:43Z
2026-09-22,TNZTP,29,29.62,28.24,28.48,1705312,yahoo,gunici,2026-09-22T12:02:43Z
2026-09-22,TOASO,288,290.75,285.25,288.25,1834478,yahoo,gunici,2026-09-22T12:02:43Z
2026-09-22,TRALT,52,52.4,50.15,50.85,74396553,yahoo,gunici,2026-09-22T12:02:43Z
2026-09-22,TRCAS,47.9,48.04,45.8,46.22,506078,yahoo,gunici,2026-09-22T12:02:43Z
2026-09-22,TRENJ,108.1,115.5,106.7,107.4,2267491,yahoo,gunici,2026-09-22T12:02:43Z
2026-09-22,TRGYO,93.45,94.5,92.85,93.8,653272,yahoo,gunici,2026-09-22T12:02:43Z
2026-09-22,TRHOL,2660,2660,2660,2660,15,yahoo,gunici,2026-09-22T12:02:43Z
2026-09-22,TRILC,0.96,0.96,0.96,0.96,1907801,yahoo,gunici,2026-09-22T12:02:43Z
2026-09-22,TRMET,140.8,142.6,137.2,138.5,11408090,yahoo,gunici,2026-09-22T12:02:43Z
2026-09-22,TSGYO,5.14,5.21,5.09,5.19,573555,yahoo,gunici,2026-09-22T12:02:43Z
2026-09-22,TSKB,11.02,11.04,10.86,10.95,15065587,yahoo,gunici,2026-09-22T12:02:43Z
2026-09-22,TSPOR,0.89,0.9,0.87,0.9,76996770,yahoo,gunici,2026-09-22T12:02:43Z
2026-09-22,TTKOM,53.4,55,53.25,54.6,18684635,yahoo,gunici,2026-09-22T12:02:43Z
2026-09-22,TTRAK,407.25,414,406.5,412,80480,yahoo,gunici,2026-09-22T12:02:43Z
2026-09-22,TUCLK,3.59,3.95,3.56,3.85,12652422,yahoo,gunici,2026-09-22T12:02:43Z
2026-09-22,TUKAS,2.11,2.17,2.06,2.11,106998330,yahoo,gunici,2026-09-22T12:02:43Z
2026-09-22,TUPRS,414.75,424.25,389.75,393,24215121,yahoo,gunici,2026-09-22T12:02:43Z
2026-09-22,TUREX,5.17,5.17,4.92,5.07,7246690,yahoo,gunici,2026-09-22T12:02:43Z
2026-09-22,TURGG,24.98,25.34,24.56,24.94,185605,yahoo,gunici,2026-09-22T12:02:43Z
2026-09-22,TURSG,6.15,6.2,6.12,6.17,35036758,yahoo,gunici,2026-09-22T12:02:43Z
2026-09-22,UCAYM,16.99,17.99,16.98,17.71,2188703,yahoo,gunici,2026-09-22T12:02:43Z
2026-09-22,UFUK,824,824,824,824,200,yahoo,gunici,2026-09-22T12:02:43Z
2026-09-22,ULAS,15.58,17.2,15.58,16.84,60631,yahoo,gunici,2026-09-22T12:02:43Z
2026-09-22,ULKER,87.2,88.35,86.8,87.8,3679902,yahoo,gunici,2026-09-22T12:02:43Z
2026-09-22,ULUFA,1.5,1.51,1.46,1.49,11056279,yahoo,gunici,2026-09-22T12:02:43Z
2026-09-22,ULUSE,188.2,196,185,190.1,121161,yahoo,gunici,2026-09-22T12:02:43Z
2026-09-22,ULUUN,6.92,7.25,6.85,7.06,3667185,yahoo,gunici,2026-09-22T12:02:43Z
2026-09-22,UNLU,13.44,14.01,12.01,13.18,23105407,yahoo,gunici,2026-09-22T12:02:43Z
2026-09-22,USAK,1,1.04,0.96,0.97,112840516,yahoo,gunici,2026-09-22T12:02:43Z
2026-09-22,USHOL,66.1,66.1,61.45,62.2,395460,yahoo,gunici,2026-09-22T12:02:43Z
2026-09-22,VAKBN,34.7,35.04,34.18,34.64,30240007,yahoo,gunici,2026-09-22T12:02:43Z
2026-09-22,VAKFA,10.12,10.19,9.88,10.1,4703030,yahoo,gunici,2026-09-22T12:02:43Z
2026-09-22,VAKFN,1.04,1.04,1.02,1.03,14009429,yahoo,gunici,2026-09-22T12:02:43Z
2026-09-22,VAKKO,63.05,64.65,61.95,64.2,66635,yahoo,gunici,2026-09-22T12:02:43Z
2026-09-22,VANGD,55.5,67.8,55.5,65.9,834459,yahoo,gunici,2026-09-22T12:02:43Z
2026-09-22,VBTYZ,27.72,28.86,27.48,28.24,870487,yahoo,gunici,2026-09-22T12:02:43Z
2026-09-22,VERUS,469.75,475,443.5,460.5,35077,yahoo,gunici,2026-09-22T12:02:43Z
2026-09-22,VESBE,5.06,5.07,4.96,5,4918036,yahoo,gunici,2026-09-22T12:02:43Z
2026-09-22,VESTL,22.2,22.44,21.92,22.18,4482567,yahoo,gunici,2026-09-22T12:02:43Z
2026-09-22,VEYAS,83.7,92.95,83.7,87.5,1842018,yahoo,gunici,2026-09-22T12:02:43Z
2026-09-22,VKFYO,17.8,18.39,17.8,18,115583,yahoo,gunici,2026-09-22T12:02:43Z
2026-09-22,VKGYO,1.76,1.78,1.72,1.75,13047017,yahoo,gunici,2026-09-22T12:02:43Z
2026-09-22,VKING,18.25,18.48,17.03,17.15,139876,yahoo,gunici,2026-09-22T12:02:43Z
2026-09-22,VRGYO,1.18,1.18,1.18,1.18,2457791,yahoo,gunici,2026-09-22T12:02:43Z
2026-09-22,VSNMD,32.38,32.64,31.94,32.08,594832,yahoo,gunici,2026-09-22T12:02:43Z
2026-09-22,YAPRK,9.42,9.53,9.09,9.48,1521207,yahoo,gunici,2026-09-22T12:02:43Z
2026-09-22,YATAS,26.7,26.96,26.44,26.78,473482,yahoo,gunici,2026-09-22T12:02:43Z
2026-09-22,YAYLA,16.83,17.03,15.81,16.11,722953,yahoo,gunici,2026-09-22T12:02:43Z
2026-09-22,YBTAS,11.2,11.2,11.14,11.14,31856,yahoo,gunici,2026-09-22T12:02:43Z
2026-09-22,YEOTK,29.34,32.44,29.28,32.1,16298673,yahoo,gunici,2026-09-22T12:02:43Z
2026-09-22,YESIL,0.98,0.98,0.93,0.94,14018550,yahoo,gunici,2026-09-22T12:02:43Z
2026-09-22,YGGYO,215.2,220.3,214.1,220.1,43901,yahoo,gunici,2026-09-22T12:02:43Z
2026-09-22,YIGIT,18.38,18.78,18.29,18.64,2356236,yahoo,gunici,2026-09-22T12:02:43Z
2026-09-22,YKBNK,36.56,37.42,36.34,37.16,135975819,yahoo,gunici,2026-09-22T12:02:43Z
2026-09-22,YKSLN,3.02,3.3,3.02,3.02,21870620,yahoo,gunici,2026-09-22T12:02:43Z
2026-09-22,YONGA,34.2,34.8,34.2,34.8,9308,yahoo,gunici,2026-09-22T12:02:43Z
2026-09-22,YUNSA,6.43,6.64,6.43,6.59,1699215,yahoo,gunici,2026-09-22T12:02:43Z
2026-09-22,YYAPI,0.65,0.65,0.61,0.61,1589907,yahoo,gunici,2026-09-22T12:02:43Z
2026-09-22,YYLGD,8.5,8.91,8.45,8.72,3777346,yahoo,gunici,2026-09-22T12:02:43Z
2026-09-22,ZEDUR,6.22,6.29,5.91,6.22,665773,yahoo,gunici,2026-09-22T12:02:43Z
2026-09-22,ZERGY,8.02,8.04,7.85,7.86,3729883,yahoo,gunici,2026-09-22T12:02:43Z
2026-09-22,ZGYO,13.4,13.4,13.4,13.4,121735,yahoo,gunici,2026-09-22T12:02:43Z
2026-09-22,ZOREN,2.21,2.26,2.17,2.2,48188235,yahoo,gunici,2026-09-22T12:02:43Z
2026-09-22,ZRGYO,19.5,19.67,19.17,19.58,1850493,yahoo,gunici,2026-09-22T12:02:43Z
2026-09-22,XU100,,,,13236.8496,,yahoo,gunici,2026-09-22T12:02:43Z
2026-09-22,A1CAP,4.24,5.18,4.24,4.85,22033007,yahoo,kapanis,2026-09-22T15:40:36Z
2026-09-22,A1YEN,1.59,1.9,1.59,1.84,51782574,yahoo,kapanis,2026-09-22T15:40:36Z
2026-09-22,AAGYO,8.47,8.9,8.39,8.7,7615390,yahoo,kapanis,2026-09-22T15:40:36Z
2026-09-22,ACSEL,92.5,93.85,89.3,93.2,196284,yahoo,kapanis,2026-09-22T15:40:36Z
2026-09-22,ADEL,27.58,28.2,27.52,27.92,1123102,yahoo,kapanis,2026-09-22T15:40:36Z
2026-09-22,ADESE,0.73,0.74,0.72,0.73,50717815,yahoo,kapanis,2026-09-22T15:40:36Z
2026-09-22,ADGYO,49.36,52.25,49.18,51.75,1270752,yahoo,kapanis,2026-09-22T15:40:36Z
2026-09-22,AEFES,19.1,19.36,18.74,18.83,37648334,yahoo,kapanis,2026-09-22T15:40:36Z
2026-09-22,AFYON,11.3,11.48,11.23,11.4,1108636,yahoo,kapanis,2026-09-22T15:40:36Z
2026-09-22,AGESA,242,246,236.5,240.7,226211,yahoo,kapanis,2026-09-22T15:40:36Z
2026-09-22,AGHOL,34.02,34.86,33.72,34.14,5168442,yahoo,kapanis,2026-09-22T15:40:36Z
2026-09-22,AGROT,1.58,1.6,1.54,1.58,30897058,yahoo,kapanis,2026-09-22T15:40:36Z
2026-09-22,AGYO,7.23,7.29,7.05,7.06,411910,yahoo,kapanis,2026-09-22T15:40:36Z
2026-09-22,AHGAZ,41.6,44.64,41.16,44,11806385,yahoo,kapanis,2026-09-22T15:40:36Z
2026-09-22,AHSGY,12.2,12.96,11.34,12.06,3147062,yahoo,kapanis,2026-09-22T15:40:36Z
2026-09-22,AKBNK,72.4,74.25,71.95,73.1,150636128,yahoo,kapanis,2026-09-22T15:40:36Z
2026-09-22,AKCNS,194.4,199.7,187.3,190,1600658,yahoo,kapanis,2026-09-22T15:40:36Z
2026-09-22,AKENR,9.06,9.37,8.99,9.2,5039594,yahoo,kapanis,2026-09-22T15:40:36Z
2026-09-22,AKFGY,2.41,2.55,2.4,2.51,25270933,yahoo,kapanis,2026-09-22T15:40:36Z
2026-09-22,AKFIS,14.15,14.35,12.97,13.26,15955905,yahoo,kapanis,2026-09-22T15:40:36Z
2026-09-22,AKFYE,3.51,3.7,3.42,3.56,52658701,yahoo,kapanis,2026-09-22T15:40:36Z
2026-09-22,AKGRT,5.58,5.65,5.5,5.57,8246058,yahoo,kapanis,2026-09-22T15:40:36Z
2026-09-22,AKHAN,27.18,27.42,26.26,26.8,1472152,yahoo,kapanis,2026-09-22T15:40:36Z
2026-09-22,AKMGY,228.3,232.7,226,229,27578,yahoo,kapanis,2026-09-22T15:40:36Z
2026-09-22,AKSA,10.75,11,10.7,10.91,8967823,yahoo,kapanis,2026-09-22T15:40:36Z
2026-09-22,AKSEN,67.1,69.3,65.8,68.6,6482388,yahoo,kapanis,2026-09-22T15:40:36Z
2026-09-22,AKSGY,9.3,9.56,9.3,9.41,3909279,yahoo,kapanis,2026-09-22T15:40:36Z
2026-09-22,AKSUE,17.22,18.4,16.85,17.93,2793027,yahoo,kapanis,2026-09-22T15:40:36Z
2026-09-22,AKYHO,1.7,1.8,1.67,1.77,1322013,yahoo,kapanis,2026-09-22T15:40:36Z
2026-09-22,ALARK,107.4,110.1,107,108.8,4272132,yahoo,kapanis,2026-09-22T15:40:36Z
2026-09-22,ALBRK,8.59,8.72,8.54,8.6,13546154,yahoo,kapanis,2026-09-22T15:40:36Z
2026-09-22,ALBTN,24.26,25.2,23.8,24.36,7471609,yahoo,kapanis,2026-09-22T15:40:36Z
2026-09-22,ALCAR,649,656,644.5,654,19903,yahoo,kapanis,2026-09-22T15:40:36Z
2026-09-22,ALCTL,90,96.05,89.8,92.7,478191,yahoo,kapanis,2026-09-22T15:40:36Z
2026-09-22,ALFAS,33.3,35.08,33.04,33.88,2255379,yahoo,kapanis,2026-09-22T15:40:36Z
2026-09-22,ALGYO,3.13,3.19,3.1,3.14,24737975,yahoo,kapanis,2026-09-22T15:40:36Z
2026-09-22,ALKA,6.79,6.88,6.6,6.8,1491100,yahoo,kapanis,2026-09-22T15:40:36Z
2026-09-22,ALKIM,13.24,13.56,13.19,13.28,711419,yahoo,kapanis,2026-09-22T15:40:36Z
2026-09-22,ALKLC,307.5,307.5,307.5,307.5,1786,yahoo,kapanis,2026-09-22T15:40:36Z
2026-09-22,ALTNY,13.84,14.15,13.71,13.97,18402456,yahoo,kapanis,2026-09-22T15:40:36Z
2026-09-22,ALVES,0.56,0.63,0.56,0.63,24681266,yahoo,kapanis,2026-09-22T15:40:36Z
2026-09-22,ANELE,85.15,85.15,85.15,85.15,4611,yahoo,kapanis,2026-09-22T15:40:36Z
2026-09-22,ANGEN,7.38,7.48,7.33,7.41,1159370,yahoo,kapanis,2026-09-22T15:40:36Z
2026-09-22,ANHYT,103.3,105.2,102.3,103.5,975976,yahoo,kapanis,2026-09-22T15:40:36Z
2026-09-22,ANSGR,26.78,26.84,25.96,25.96,4039656,yahoo,kapanis,2026-09-22T15:40:36Z
2026-09-22,ARASE,101.5,103.2,96.3,99.6,684550,yahoo,kapanis,2026-09-22T15:40:36Z
2026-09-22,ARCLK,86.9,88.5,86.65,88,1480383,yahoo,kapanis,2026-09-22T15:40:36Z
2026-09-22,ARDYZ,62,67.05,60.6,66.65,6778070,yahoo,kapanis,2026-09-22T15:40:36Z
2026-09-22,ARENA,16.42,16.94,16.16,16.6,454318,yahoo,kapanis,2026-09-22T15:40:36Z
2026-09-22,ARFYE,13.58,14.85,13.58,14.5,2628750,yahoo,kapanis,2026-09-22T15:40:36Z
2026-09-22,ARMGD,150,154.9,134.9,134.9,2084605,yahoo,kapanis,2026-09-22T15:40:36Z
2026-09-22,ARSAN,3.45,3.76,3.45,3.7,26492503,yahoo,kapanis,2026-09-22T15:40:36Z
2026-09-22,ARTMS,32.42,34.5,32.42,33.18,488984,yahoo,kapanis,2026-09-22T15:40:36Z
2026-09-22,ARZUM,1.27,1.27,1.23,1.25,6806748,yahoo,kapanis,2026-09-22T15:40:36Z
2026-09-22,ASELS,378,383.75,373.5,374.5,19564289,yahoo,kapanis,2026-09-22T15:40:36Z
2026-09-22,ASGYO,9.77,10.07,9.75,9.92,1866521,yahoo,kapanis,2026-09-22T15:40:36Z
2026-09-22,ASTOR,263.5,266.5,251.75,258.25,28324138,yahoo,kapanis,2026-09-22T15:40:36Z
2026-09-22,ASUZU,44.1,45.68,43.44,45,321851,yahoo,kapanis,2026-09-22T15:40:36Z
2026-09-22,ATAGY,8.9,9.12,8.55,9.03,31463,yahoo,kapanis,2026-09-22T15:40:36Z
2026-09-22,ATAKP,34.46,36.48,34.46,36.08,640730,yahoo,kapanis,2026-09-22T15:40:36Z
2026-09-22,ATATP,242,249.5,237,241.8,577801,yahoo,kapanis,2026-09-22T15:40:36Z
2026-09-22,ATATR,7.51,7.51,7.51,7.51,740778,yahoo,kapanis,2026-09-22T15:40:36Z
2026-09-22,ATEKS,83.85,84,83.8,84,10773,yahoo,kapanis,2026-09-22T15:40:36Z
2026-09-22,ATLAS,6.02,6.1,5.62,5.76,1444473,yahoo,kapanis,2026-09-22T15:40:36Z
2026-09-22,ATSYH,82.4,82.4,82.4,82.4,89576,yahoo,kapanis,2026-09-22T15:40:36Z
2026-09-22,AVGYO,14.72,15.86,14.01,15.68,2573021,yahoo,kapanis,2026-09-22T15:40:36Z
2026-09-22,AVHOL,26.7,28.98,26.48,27.02,2111693,yahoo,kapanis,2026-09-22T15:40:36Z
2026-09-22,AVOD,3.36,3.44,3.25,3.38,7721030,yahoo,kapanis,2026-09-22T15:40:36Z
2026-09-22,AVPGY,54,55,53.8,54.15,448443,yahoo,kapanis,2026-09-22T15:40:36Z
2026-09-22,AYCES,405.75,410,399.75,399.75,43269,yahoo,kapanis,2026-09-22T15:40:36Z
2026-09-22,AYDEM,22.94,23.94,22.9,23.8,1672598,yahoo,kapanis,2026-09-22T15:40:36Z
2026-09-22,AYEN,27.48,28.24,27.36,28,380211,yahoo,kapanis,2026-09-22T15:40:36Z
2026-09-22,AYES,22.66,22.96,22.66,22.96,56443,yahoo,kapanis,2026-09-22T15:40:36Z
2026-09-22,AYGAZ,312.25,319.25,295,301.75,1264273,yahoo,kapanis,2026-09-22T15:40:36Z
2026-09-22,AZTEK,3.78,4.28,3.6,3.6,22683177,yahoo,kapanis,2026-09-22T15:40:36Z
2026-09-22,BAGFS,23.66,24.5,23.46,24,664938,yahoo,kapanis,2026-09-22T15:40:36Z
2026-09-22,BAHKM,186.8,198,180.7,190,1616740,yahoo,kapanis,2026-09-22T15:40:36Z
2026-09-22,BAKAB,34,34.3,32.74,33.92,213782,yahoo,kapanis,2026-09-22T15:40:36Z
2026-09-22,BALAT,59.45,59.5,59.45,59.5,40901,yahoo,kapanis,2026-09-22T15:40:36Z
2026-09-22,BALSU,6.6,7.14,6.52,6.64,74450895,yahoo,kapanis,2026-09-22T15:40:36Z
2026-09-22,BANVT,133,137.9,133,136.3,100543,yahoo,kapanis,2026-09-22T15:40:36Z
2026-09-22,BARMA,6.01,6.79,6.01,6.79,547175,yahoo,kapanis,2026-09-22T15:40:36Z
2026-09-22,BASCM,10.51,11.01,10.48,11.01,183760,yahoo,kapanis,2026-09-22T15:40:36Z
2026-09-22,BASGZ,41.66,42.98,41.12,41.2,342031,yahoo,kapanis,2026-09-22T15:40:36Z
2026-09-22,BAYRK,3.26,3.28,3.14,3.19,3569651,yahoo,kapanis,2026-09-22T15:40:36Z
2026-09-22,BEGYO,2.73,3,2.7,3,12820031,yahoo,kapanis,2026-09-22T15:40:36Z
2026-09-22,BERA,11.85,12.33,11.85,12.09,8032785,yahoo,kapanis,2026-09-22T15:40:36Z
2026-09-22,BESLR,11.74,11.74,11.57,11.64,2545741,yahoo,kapanis,2026-09-22T15:40:36Z
2026-09-22,BESTE,24,24.76,22.62,22.98,9729330,yahoo,kapanis,2026-09-22T15:40:36Z
2026-09-22,BETAE,60.85,67.3,59.25,63.95,17150443,yahoo,kapanis,2026-09-22T15:40:36Z
2026-09-22,BEYAZ,19.37,19.64,19.03,19.59,637383,yahoo,kapanis,2026-09-22T15:40:36Z
2026-09-22,BFREN,113.6,115.1,112.4,115,168523,yahoo,kapanis,2026-09-22T15:40:36Z
2026-09-22,BIENY,17,17.6,16.36,16.4,1612975,yahoo,kapanis,2026-09-22T15:40:36Z
2026-09-22,BIGCH,4.07,4.26,4.07,4.23,2742319,yahoo,kapanis,2026-09-22T15:40:36Z
2026-09-22,BIGEN,92.8,92.8,92.8,92.8,91488,yahoo,kapanis,2026-09-22T15:40:36Z
2026-09-22,BIGTK,181.2,181.2,181.2,181.2,14754,yahoo,kapanis,2026-09-22T15:40:36Z
2026-09-22,BIMAS,432.75,443.25,429,430.25,9367966,yahoo,kapanis,2026-09-22T15:40:36Z
2026-09-22,BINBN,110.1,110.1,110.1,110.1,62718,yahoo,kapanis,2026-09-22T15:40:36Z
2026-09-22,BINHO,5.72,6.75,5.72,6.59,54353734,yahoo,kapanis,2026-09-22T15:40:36Z
2026-09-22,BIOEN,11.71,12.41,11.7,11.7,19707218,yahoo,kapanis,2026-09-22T15:40:36Z
2026-09-22,BIZIM,20.9,21.48,20.86,21.36,128522,yahoo,kapanis,2026-09-22T15:40:36Z
2026-09-22,BJKAS,1.56,1.9,1.56,1.85,907429144,yahoo,kapanis,2026-09-22T15:40:36Z
2026-09-22,BKRGY,6.45,6.49,6.27,6.4,11758016,yahoo,kapanis,2026-09-22T15:40:36Z
2026-09-22,BLCYT,1.63,1.68,1.62,1.65,12022125,yahoo,kapanis,2026-09-22T15:40:36Z
2026-09-22,BLUME,32.04,33.48,29.8,32.74,2865514,yahoo,kapanis,2026-09-22T15:40:36Z
2026-09-22,BMSCH,9.18,9.18,8.9,9.05,1058606,yahoo,kapanis,2026-09-22T15:40:36Z
2026-09-22,BMSTL,44.6,46,43.12,44.86,6325601,yahoo,kapanis,2026-09-22T15:40:36Z
2026-09-22,BNTAS,5.34,5.54,5.34,5.5,3175053,yahoo,kapanis,2026-09-22T15:40:36Z
2026-09-22,BOBET,16.92,17.53,16.9,17.2,3237004,yahoo,kapanis,2026-09-22T15:40:36Z
2026-09-22,BORLS,2.16,2.17,2.06,2.1,21628377,yahoo,kapanis,2026-09-22T15:40:36Z
2026-09-22,BORSK,5.55,5.82,5.55,5.67,5537383,yahoo,kapanis,2026-09-22T15:40:36Z
2026-09-22,BOSSA,6.96,6.96,6.39,6.44,5636359,yahoo,kapanis,2026-09-22T15:40:36Z
2026-09-22,BRISA,71.35,74.95,71.25,73.3,229724,yahoo,kapanis,2026-09-22T15:40:36Z
2026-09-22,BRKO,6.75,7.49,6.75,7.49,3663763,yahoo,kapanis,2026-09-22T15:40:36Z
2026-09-22,BRKSN,6.62,6.9,6.6,6.75,145508,yahoo,kapanis,2026-09-22T15:40:36Z
2026-09-22,BRKVY,61,65,60.45,63.75,609904,yahoo,kapanis,2026-09-22T15:40:36Z
2026-09-22,BRLSM,12.88,14.55,12.88,13.71,7974868,yahoo,kapanis,2026-09-22T15:40:36Z
2026-09-22,BRMEN,7.15,7.53,7.15,7.53,1694999,yahoo,kapanis,2026-09-22T15:40:36Z
2026-09-22,BRSAN,660,680.5,656.5,669,1531849,yahoo,kapanis,2026-09-22T15:40:36Z
2026-09-22,BRYAT,1532,1580,1530,1562,47947,yahoo,kapanis,2026-09-22T15:40:36Z
2026-09-22,BSOKE,11.6,11.6,11.6,11.6,494441,yahoo,kapanis,2026-09-22T15:40:36Z
2026-09-22,BTCIM,2.42,2.7,2.36,2.36,248370284,yahoo,kapanis,2026-09-22T15:40:36Z
2026-09-22,BUCIM,5.02,5.54,4.99,5.21,9088882,yahoo,kapanis,2026-09-22T15:40:36Z
2026-09-22,BULGS,17.07,17.07,17.07,17.07,73796,yahoo,kapanis,2026-09-22T15:40:36Z
2026-09-22,BURCE,26.84,27.84,26.26,26.42,785566,yahoo,kapanis,2026-09-22T15:40:36Z
2026-09-22,BURVA,457.75,462.25,457.75,457.75,44993,yahoo,kapanis,2026-09-22T15:40:36Z
2026-09-22,BVSAN,84.15,90,84.15,86.5,1030174,yahoo,kapanis,2026-09-22T15:40:36Z
2026-09-22,BYDNR,21.2,22.98,20.7,21.34,1100255,yahoo,kapanis,2026-09-22T15:40:36Z
2026-09-22,CANTE,1.11,1.2,1.11,1.17,428117158,yahoo,kapanis,2026-09-22T15:40:36Z
2026-09-22,CASA,54.3,54.3,53.5,53.5,19963,yahoo,kapanis,2026-09-22T15:40:36Z
2026-09-22,CATES,37.26,37.26,37.26,37.26,296665,yahoo,kapanis,2026-09-22T15:40:36Z
2026-09-22,CCOLA,80.1,80.7,78.3,78.6,4744949,yahoo,kapanis,2026-09-22T15:40:36Z
2026-09-22,CELHA,23.1,26.38,23.1,25.8,4619091,yahoo,kapanis,2026-09-22T15:40:36Z
2026-09-22,CEMAS,3.32,3.46,3.27,3.4,9252325,yahoo,kapanis,2026-09-22T15:40:36Z
2026-09-22,CEMTS,7.75,8.16,7.68,8.08,4557667,yahoo,kapanis,2026-09-22T15:40:36Z
2026-09-22,CEMZY,9.34,9.34,9.34,9.34,210038,yahoo,kapanis,2026-09-22T15:40:36Z
2026-09-22,CEOEM,30.84,30.86,27.38,27.38,3757818,yahoo,kapanis,2026-09-22T15:40:36Z
2026-09-22,CGCAM,23.4,24.44,23,23.7,2064890,yahoo,kapanis,2026-09-22T15:40:36Z
2026-09-22,CIMSA,41.46,43.16,41.38,42.92,6869131,yahoo,kapanis,2026-09-22T15:40:36Z
2026-09-22,CITAS,94,94,94,94,39306,yahoo,kapanis,2026-09-22T15:40:36Z
2026-09-22,CLEBI,1418,1450,1407,1429,26224,yahoo,kapanis,2026-09-22T15:40:36Z
2026-09-22,CMBTN,1372,1435,1372,1410,9153,yahoo,kapanis,2026-09-22T15:40:36Z
2026-09-22,CMENT,212,222,212,222,6177,yahoo,kapanis,2026-09-22T15:40:36Z
2026-09-22,CONSE,1.81,1.9,1.8,1.84,16349298,yahoo,kapanis,2026-09-22T15:40:36Z
2026-09-22,COSMO,89,96,85.65,93.1,40021,yahoo,kapanis,2026-09-22T15:40:36Z
2026-09-22,CRDFA,13.65,13.65,13.65,13.65,118463,yahoo,kapanis,2026-09-22T15:40:36Z
2026-09-22,CRFSA,246.1,272,243,272,1818325,yahoo,kapanis,2026-09-22T15:40:36Z
2026-09-22,CUSAN,19.54,20,19.25,19.75,350354,yahoo,kapanis,2026-09-22T15:40:36Z
2026-09-22,CVKMD,13.36,14.35,13.36,14.06,41060357,yahoo,kapanis,2026-09-22T15:40:36Z
2026-09-22,CWENE,23.4,25.54,23.24,24.6,35848343,yahoo,kapanis,2026-09-22T15:40:36Z
2026-09-22,DAGI,5.46,6.45,5.46,6.28,11204839,yahoo,kapanis,2026-09-22T15:40:36Z
2026-09-22,DAPGM,4.99,5.1,4.75,4.85,41196506,yahoo,kapanis,2026-09-22T15:40:36Z
2026-09-22,DARDL,1.28,1.31,1.27,1.3,12834577,yahoo,kapanis,2026-09-22T15:40:36Z
2026-09-22,DCTTR,4.02,4.12,3.91,3.91,9215296,yahoo,kapanis,2026-09-22T15:40:36Z
2026-09-22,DENGE,2.03,2.05,1.97,2,17385784,yahoo,kapanis,2026-09-22T15:40:36Z
2026-09-22,DERHL,1.67,1.7,1.62,1.7,8442212,yahoo,kapanis,2026-09-22T15:40:36Z
2026-09-22,DERIM,29.64,29.64,28.68,29.22,243083,yahoo,kapanis,2026-09-22T15:40:36Z
2026-09-22,DESA,8.82,8.96,8.7,8.84,1701298,yahoo,kapanis,2026-09-22T15:40:36Z
2026-09-22,DESPC,32,33.5,31.5,32.8,348802,yahoo,kapanis,2026-09-22T15:40:36Z
2026-09-22,DEVA,96.2,102.2,96.2,102.2,528399,yahoo,kapanis,2026-09-22T15:40:36Z
2026-09-22,DGATE,58.15,66.25,58.15,63.35,1091100,yahoo,kapanis,2026-09-22T15:40:36Z
2026-09-22,DGGYO,27.08,29.54,26.98,28.9,102016,yahoo,kapanis,2026-09-22T15:40:36Z
2026-09-22,DGNMO,4.85,5.08,4.77,4.97,3244064,yahoo,kapanis,2026-09-22T15:40:36Z
2026-09-22,DIRIT,20,21,20,20.8,76711,yahoo,kapanis,2026-09-22T15:40:36Z
2026-09-22,DITAS,9.9,9.9,9.9,9.9,133369,yahoo,kapanis,2026-09-22T15:40:36Z
2026-09-22,DMRGD,9.03,9.03,9.03,9.03,478687,yahoo,kapanis,2026-09-22T15:40:36Z
2026-09-22,DMSAS,5.53,5.61,5.12,5.35,7674811,yahoo,kapanis,2026-09-22T15:40:36Z
2026-09-22,DNISI,4.14,4.28,4.14,4.23,2908575,yahoo,kapanis,2026-09-22T15:40:36Z
2026-09-22,DOAS,156,159.8,155.6,158.5,1282445,yahoo,kapanis,2026-09-22T15:40:36Z
2026-09-22,DOCO,10697.5,11045,10545,10657.5,8353,yahoo,kapanis,2026-09-22T15:40:36Z
2026-09-22,DOFER,23.38,23.58,22.74,23.02,459949,yahoo,kapanis,2026-09-22T15:40:36Z
2026-09-22,DOFRB,82.1,85.8,80.3,84.5,4117568,yahoo,kapanis,2026-09-22T15:40:36Z
2026-09-22,DOGUB,35.28,35.28,35.28,35.28,27275,yahoo,kapanis,2026-09-22T15:40:36Z
2026-09-22,DOHOL,20,20.52,19.88,20.26,16717375,yahoo,kapanis,2026-09-22T15:40:36Z
2026-09-22,DOKTA,19.19,19.68,19.09,19.15,405063,yahoo,kapanis,2026-09-22T15:40:36Z
2026-09-22,DSTKF,1608,1608,1608,1608,1776,yahoo,kapanis,2026-09-22T15:40:36Z
2026-09-22,DUNYH,61.1,61.1,61.1,61.1,350618,yahoo,kapanis,2026-09-22T15:40:36Z
2026-09-22,DURDO,4.06,4.67,4.06,4.67,4426754,yahoo,kapanis,2026-09-22T15:40:36Z
2026-09-22,DURKN,12.15,13.17,12.15,12.71,8287886,yahoo,kapanis,2026-09-22T15:40:36Z
2026-09-22,DYOBY,11.25,11.45,11.06,11.34,1197707,yahoo,kapanis,2026-09-22T15:40:36Z
2026-09-22,DZGYO,6.74,6.86,6.7,6.75,2138141,yahoo,kapanis,2026-09-22T15:40:36Z
2026-09-22,EBEBK,80.9,83.7,80.65,81.1,926040,yahoo,kapanis,2026-09-22T15:40:36Z
2026-09-22,ECILC,57.6,63.1,57.15,63.1,8870035,yahoo,kapanis,2026-09-22T15:40:36Z
2026-09-22,ECOGR,30.5,31.64,30.18,31.62,3094113,yahoo,kapanis,2026-09-22T15:40:36Z
2026-09-22,ECZYT,190.9,232.6,190.9,232.6,2329026,yahoo,kapanis,2026-09-22T15:40:36Z
2026-09-22,EDATA,10.1,10.1,10.1,10.1,1650291,yahoo,kapanis,2026-09-22T15:40:36Z
2026-09-22,EDIP,30.6,32.24,30.48,30.8,792653,yahoo,kapanis,2026-09-22T15:40:36Z
2026-09-22,EFOR,17.36,17.46,15.84,15.84,17445786,yahoo,kapanis,2026-09-22T15:40:36Z
2026-09-22,EGEEN,4880,5182.5,4770,5155,80431,yahoo,kapanis,2026-09-22T15:40:36Z
2026-09-22,EGEGY,14.09,16.15,14.09,15.29,9184332,yahoo,kapanis,2026-09-22T15:40:36Z
2026-09-22,EGEPO,7.16,7.38,6.97,7.11,2127021,yahoo,kapanis,2026-09-22T15:40:36Z
2026-09-22,EGGUB,99.35,105.5,98.85,104.6,665743,yahoo,kapanis,2026-09-22T15:40:36Z
2026-09-22,EGPRO,33.88,35.06,33.5,34.76,1332639,yahoo,kapanis,2026-09-22T15:40:36Z
2026-09-22,EGSER,2.62,2.7,2.61,2.68,1273164,yahoo,kapanis,2026-09-22T15:40:36Z
2026-09-22,EKDMR,35.96,35.96,33.88,33.96,4145553,yahoo,kapanis,2026-09-22T15:40:36Z
2026-09-22,EKGYO,19.17,19.69,19.08,19.49,138464604,yahoo,kapanis,2026-09-22T15:40:36Z
2026-09-22,EKIM,14.6,14.85,14.35,14.52,7401958,yahoo,kapanis,2026-09-22T15:40:36Z
2026-09-22,EKIZ,46.2,46.2,46.14,46.2,14599,yahoo,kapanis,2026-09-22T15:40:36Z
2026-09-22,EKOS,3.86,4.03,3.85,3.97,9835317,yahoo,kapanis,2026-09-22T15:40:36Z
2026-09-22,EKSUN,4.43,4.52,4.38,4.46,2697083,yahoo,kapanis,2026-09-22T15:40:36Z
2026-09-22,ELITE,21.2,21.66,21.08,21.32,888156,yahoo,kapanis,2026-09-22T15:40:36Z
2026-09-22,EMKEL,8.22,9.13,8.22,8.83,8530876,yahoo,kapanis,2026-09-22T15:40:36Z
2026-09-22,EMNIS,136,142,136,139.3,6798,yahoo,kapanis,2026-09-22T15:40:36Z
2026-09-22,EMPAE,51.6,53.7,50.8,51.8,4782415,yahoo,kapanis,2026-09-22T15:40:36Z
2026-09-22,ENDAE,14.53,15,14.18,14.8,2384001,yahoo,kapanis,2026-09-22T15:40:36Z
2026-09-22,ENERY,12,12.73,12,12.61,78669194,yahoo,kapanis,2026-09-22T15:40:36Z
2026-09-22,ENJSA,109,109.5,107.6,109.1,2596823,yahoo,kapanis,2026-09-22T15:40:36Z
2026-09-22,ENKAI,86.35,87.6,86.1,86.75,12022209,yahoo,kapanis,2026-09-22T15:40:36Z
2026-09-22,ENPRA,43.56,43.56,42.88,42.98,94008,yahoo,kapanis,2026-09-22T15:40:36Z
2026-09-22,ENSRI,3.47,3.51,3.35,3.42,10996185,yahoo,kapanis,2026-09-22T15:40:36Z
2026-09-22,ENTRA,3.95,4.18,3.95,4.08,22510069,yahoo,kapanis,2026-09-22T15:40:36Z
2026-09-22,EPLAS,5.4,5.61,5.37,5.48,5142734,yahoo,kapanis,2026-09-22T15:40:36Z
2026-09-22,ERBOS,122.1,126.9,122.1,124.7,24590,yahoo,kapanis,2026-09-22T15:40:36Z
2026-09-22,ERCB,38.9,39.9,37.92,39.22,649903,yahoo,kapanis,2026-09-22T15:40:36Z
2026-09-22,EREGL,37.3,38.06,37.24,37.82,81720562,yahoo,kapanis,2026-09-22T15:40:36Z
2026-09-22,ERSU,14.15,15.44,14.15,14.15,1061466,yahoo,kapanis,2026-09-22T15:40:36Z
2026-09-22,ESCAR,27.24,27.24,27.24,27.24,26878,yahoo,kapanis,2026-09-22T15:40:36Z
2026-09-22,ESCOM,4.58,4.63,4.52,4.56,12208819,yahoo,kapanis,2026-09-22T15:40:36Z
2026-09-22,ESEN,2.91,2.93,2.86,2.89,24661915,yahoo,kapanis,2026-09-22T15:40:36Z
2026-09-22,ETILR,5.8,6.11,5.69,5.9,6412651,yahoo,kapanis,2026-09-22T15:40:36Z
2026-09-22,ETYAT,7.57,7.57,7.57,7.57,109592,yahoo,kapanis,2026-09-22T15:40:36Z
2026-09-22,EUHOL,7.1,7.15,7.1,7.15,257324,yahoo,kapanis,2026-09-22T15:40:36Z
2026-09-22,EUKYO,10.14,10.14,10.14,10.14,130882,yahoo,kapanis,2026-09-22T15:40:36Z
2026-09-22,EUPWR,60.75,70.45,60.75,68.25,34693921,yahoo,kapanis,2026-09-22T15:40:36Z
2026-09-22,EUREN,3.13,3.22,3.1,3.19,20142186,yahoo,kapanis,2026-09-22T15:40:36Z
2026-09-22,EUYO,3.58,3.74,3.42,3.6,533635,yahoo,kapanis,2026-09-22T15:40:36Z
2026-09-22,EYGYO,2.32,2.32,2.11,2.15,7467312,yahoo,kapanis,2026-09-22T15:40:36Z
2026-09-22,FADE,12.15,12.48,11.94,12.17,1175513,yahoo,kapanis,2026-09-22T15:40:36Z
2026-09-22,FENER,2.58,2.59,2.52,2.53,103942269,yahoo,kapanis,2026-09-22T15:40:36Z
2026-09-22,FLAP,11.34,12.37,11.3,12.2,1338817,yahoo,kapanis,2026-09-22T15:40:36Z
2026-09-22,FMIZP,259.75,261.25,252.5,258.5,46334,yahoo,kapanis,2026-09-22T15:40:36Z
2026-09-22,FONET,4.08,4.28,4,4.23,16031118,yahoo,kapanis,2026-09-22T15:40:36Z
2026-09-22,FORMT,1.17,1.17,1.13,1.13,15641995,yahoo,kapanis,2026-09-22T15:40:36Z
2026-09-22,FORTE,97.5,100.9,96.45,99,780681,yahoo,kapanis,2026-09-22T15:40:36Z
2026-09-22,FRIGO,1.59,1.76,1.59,1.71,26028405,yahoo,kapanis,2026-09-22T15:40:36Z
2026-09-22,FRMPL,23.6,25.3,23.5,25.08,2803043,yahoo,kapanis,2026-09-22T15:40:36Z
2026-09-22,FROTO,77.85,80.95,77.5,79.2,21870248,yahoo,kapanis,2026-09-22T15:40:36Z
2026-09-22,FZLGY,6.72,7.8,6.72,7.57,46046933,yahoo,kapanis,2026-09-22T15:40:36Z
2026-09-22,GARAN,133,135.9,132.5,133.9,26227040,yahoo,kapanis,2026-09-22T15:40:36Z
2026-09-22,GARFA,24.34,25,24.22,24.76,934967,yahoo,kapanis,2026-09-22T15:40:36Z
2026-09-22,GATEG,176.8,176.8,176.8,176.8,13148,yahoo,kapanis,2026-09-22T15:40:36Z
2026-09-22,GEDIK,5.38,5.44,5.18,5.23,13686545,yahoo,kapanis,2026-09-22T15:40:36Z
2026-09-22,GEDZA,23.7,24.18,23.44,23.96,353348,yahoo,kapanis,2026-09-22T15:40:36Z
2026-09-22,GENIL,6.62,7.82,6.62,7.48,114584589,yahoo,kapanis,2026-09-22T15:40:36Z
2026-09-22,GENKM,7.98,8.49,7.98,8.34,7092622,yahoo,kapanis,2026-09-22T15:40:36Z
2026-09-22,GENTS,4.44,4.57,4.22,4.47,6422832,yahoo,kapanis,2026-09-22T15:40:36Z
2026-09-22,GEREL,25.9,26.36,25,25.18,4938553,yahoo,kapanis,2026-09-22T15:40:36Z
2026-09-22,GESAN,44.1,50.05,44,50.05,31532716,yahoo,kapanis,2026-09-22T15:40:36Z
2026-09-22,GIPTA,40.5,40.5,40.5,40.5,112603,yahoo,kapanis,2026-09-22T15:40:36Z
2026-09-22,GLBMD,9.64,10.7,9.49,10.43,120249,yahoo,kapanis,2026-09-22T15:40:36Z
2026-09-22,GLCVY,46.12,46.98,45.54,46.46,359558,yahoo,kapanis,2026-09-22T15:40:36Z
2026-09-22,GLRMK,141,149.7,140.4,145.3,6740804,yahoo,kapanis,2026-09-22T15:40:36Z
2026-09-22,GLRYH,1.8,2.11,1.78,2.04,23960366,yahoo,kapanis,2026-09-22T15:40:36Z
2026-09-22,GLYHO,15.6,16.03,15.36,15.95,4966002,yahoo,kapanis,2026-09-22T15:40:36Z
2026-09-22,GMTAS,47.8,49.84,47.72,48.8,6385912,yahoo,kapanis,2026-09-22T15:40:36Z
2026-09-22,GOKNR,15.5,15.85,14.45,15.5,9588854,yahoo,kapanis,2026-09-22T15:40:36Z
2026-09-22,GOLDA,9.91,10.09,9.63,9.86,7906903,yahoo,kapanis,2026-09-22T15:40:36Z
2026-09-22,GOLTS,260.75,266.25,258.25,265,102342,yahoo,kapanis,2026-09-22T15:40:36Z
2026-09-22,GOODY,2.32,2.4,2.26,2.32,16653148,yahoo,kapanis,2026-09-22T15:40:36Z
2026-09-22,GOZDE,19.97,20.36,19.5,19.95,2064422,yahoo,kapanis,2026-09-22T15:40:36Z
2026-09-22,GRNYO,8.03,8.86,8.03,8.47,1194752,yahoo,kapanis,2026-09-22T15:40:36Z
2026-09-22,GRSEL,273,283.25,267.25,279.25,493495,yahoo,kapanis,2026-09-22T15:40:36Z
2026-09-22,GRTHO,130.3,130.3,130.3,130.3,169747,yahoo,kapanis,2026-09-22T15:40:36Z
2026-09-22,GSDDE,12.12,12.75,12.12,12.4,2834800,yahoo,kapanis,2026-09-22T15:40:36Z
2026-09-22,GSDHO,4.06,4.21,4.06,4.17,10765955,yahoo,kapanis,2026-09-22T15:40:36Z
2026-09-22,GSRAY,0.91,0.92,0.89,0.91,127065189,yahoo,kapanis,2026-09-22T15:40:36Z
2026-09-22,GUBRF,440.25,451.75,438.5,440,2215982,yahoo,kapanis,2026-09-22T15:40:36Z
2026-09-22,GUNDG,434,434,434,434,1508,yahoo,kapanis,2026-09-22T15:40:36Z
2026-09-22,GWIND,21.16,21.66,20.92,21.38,4105636,yahoo,kapanis,2026-09-22T15:40:36Z
2026-09-22,GZNMI,37.8,37.8,35.92,36.48,837183,yahoo,kapanis,2026-09-22T15:40:36Z
2026-09-22,HALKB,47.2,47.92,46.58,46.58,25978978,yahoo,kapanis,2026-09-22T15:40:36Z
2026-09-22,HATEK,10.9,10.95,10.36,10.46,1997894,yahoo,kapanis,2026-09-22T15:40:36Z
2026-09-22,HATSN,35.48,35.48,35.48,35.48,504032,yahoo,kapanis,2026-09-22T15:40:36Z
2026-09-22,HDFGS,1.25,1.25,1.25,1.25,1380150,yahoo,kapanis,2026-09-22T15:40:36Z
2026-09-22,HEDEF,15.68,15.68,15.68,15.68,76232,yahoo,kapanis,2026-09-22T15:40:36Z
2026-09-22,HEKTS,2.28,2.33,2.25,2.29,226988938,yahoo,kapanis,2026-09-22T15:40:36Z
2026-09-22,HKTM,11.02,11.07,10.7,10.89,2098599,yahoo,kapanis,2026-09-22T15:40:36Z
2026-09-22,HLGYO,4.02,4.15,3.98,4.13,26670821,yahoo,kapanis,2026-09-22T15:40:36Z
2026-09-22,HOROZ,45.92,48.16,45.52,47.36,1011261,yahoo,kapanis,2026-09-22T15:40:36Z
2026-09-22,HRKET,7,7.3,6.51,7.21,74084558,yahoo,kapanis,2026-09-22T15:40:36Z
2026-09-22,HTTBT,30.44,31.84,30.44,31.16,480880,yahoo,kapanis,2026-09-22T15:40:36Z
2026-09-22,HUBVC,1.64,1.8,1.59,1.74,3786795,yahoo,kapanis,2026-09-22T15:40:36Z
2026-09-22,HUNER,3.92,4.21,3.83,4.17,76381843,yahoo,kapanis,2026-09-22T15:40:36Z
2026-09-22,HURGZ,6.5,6.61,6.25,6.43,4417118,yahoo,kapanis,2026-09-22T15:40:36Z
2026-09-22,ICBCT,16.69,17,16.47,16.7,1359870,yahoo,kapanis,2026-09-22T15:40:36Z
2026-09-22,ICUGS,2.11,2.11,2.11,2.11,1135677,yahoo,kapanis,2026-09-22T15:40:36Z
2026-09-22,IDGYO,2.44,2.51,2.32,2.38,1479391,yahoo,kapanis,2026-09-22T15:40:36Z
2026-09-22,IEYHO,135.9,135.9,135.9,135.9,2400,yahoo,kapanis,2026-09-22T15:40:36Z
2026-09-22,IHAAS,33.66,35.44,33.66,34.92,751385,yahoo,kapanis,2026-09-22T15:40:36Z
2026-09-22,IHEVA,1.67,1.7,1.63,1.67,1055412,yahoo,kapanis,2026-09-22T15:40:36Z
2026-09-22,IHGZT,1.05,1.09,1.04,1.05,34673375,yahoo,kapanis,2026-09-22T15:40:36Z
2026-09-22,IHLAS,0.97,0.97,0.94,0.95,80006014,yahoo,kapanis,2026-09-22T15:40:36Z
2026-09-22,IHLGM,1.37,1.38,1.33,1.35,18724981,yahoo,kapanis,2026-09-22T15:40:36Z
2026-09-22,IHYAY,1.06,1.06,1.03,1.04,2189681,yahoo,kapanis,2026-09-22T15:40:36Z
2026-09-22,IMASM,1.8,1.85,1.76,1.79,26739887,yahoo,kapanis,2026-09-22T15:40:36Z
2026-09-22,INDES,10.37,10.96,10.37,10.81,4626412,yahoo,kapanis,2026-09-22T15:40:36Z
2026-09-22,INFO,1.45,1.45,1.45,1.45,2036881,yahoo,kapanis,2026-09-22T15:40:36Z
2026-09-22,INGRM,310,327,310,319,31458,yahoo,kapanis,2026-09-22T15:40:36Z
2026-09-22,INTEK,166,175.6,166,175.6,12968,yahoo,kapanis,2026-09-22T15:40:36Z
2026-09-22,INTEM,213.3,221.4,210.6,214.9,54423,yahoo,kapanis,2026-09-22T15:40:36Z
2026-09-22,INTET,53.5,54.3,49,52.8,19962812,yahoo,kapanis,2026-09-22T15:40:36Z
2026-09-22,INVEO,6.42,6.51,6.21,6.26,5519340,yahoo,kapanis,2026-09-22T15:40:36Z
2026-09-22,INVES,749,754.5,737,752,39261,yahoo,kapanis,2026-09-22T15:40:36Z
2026-09-22,ISBIR,63,63.6,63,63.55,13349,yahoo,kapanis,2026-09-22T15:40:36Z
2026-09-22,ISBTR,446497.5,446497.5,446497.5,446497.5,1,yahoo,kapanis,2026-09-22T15:40:36Z
2026-09-22,ISCTR,13.62,13.78,13.45,13.51,436173336,yahoo,kapanis,2026-09-22T15:40:36Z
2026-09-22,ISDMR,62.45,63.4,61.5,62.4,2125287,yahoo,kapanis,2026-09-22T15:40:36Z
2026-09-22,ISFIN,18.85,19.23,18.66,18.84,1113937,yahoo,kapanis,2026-09-22T15:40:36Z
2026-09-22,ISGYO,23.7,25.18,23.7,24.88,1719226,yahoo,kapanis,2026-09-22T15:40:36Z
2026-09-22,ISKPL,3.85,3.85,3.85,3.85,3004713,yahoo,kapanis,2026-09-22T15:40:36Z
2026-09-22,ISMEN,33.66,34.2,33.5,33.5,6592971,yahoo,kapanis,2026-09-22T15:40:36Z
2026-09-22,ISSEN,5.95,6.08,5.95,6.02,535174,yahoo,kapanis,2026-09-22T15:40:36Z
2026-09-22,ISVEA,57.45,57.45,57.45,57.45,10311,yahoo,kapanis,2026-09-22T15:40:36Z
2026-09-22,IZENR,3.91,4.45,3.91,4.23,74297581,yahoo,kapanis,2026-09-22T15:40:36Z
2026-09-22,IZFAS,30.14,30.14,30.14,30.14,143408,yahoo,kapanis,2026-09-22T15:40:36Z
2026-09-22,IZINV,32.94,35.96,32.94,33.72,426582,yahoo,kapanis,2026-09-22T15:40:36Z
2026-09-22,IZMDC,7,7.54,6.79,7.5,15277436,yahoo,kapanis,2026-09-22T15:40:36Z
2026-09-22,JANTS,14.6,15.12,14.6,14.91,2277527,yahoo,kapanis,2026-09-22T15:40:36Z
2026-09-22,KAPLM,198,198,198,198,74290,yahoo,kapanis,2026-09-22T15:40:36Z
2026-09-22,KARCL,137.7,137.7,137.7,137.7,24325,yahoo,kapanis,2026-09-22T15:40:36Z
2026-09-22,KAREL,6.23,6.32,5.6,6.27,30153165,yahoo,kapanis,2026-09-22T15:40:36Z
2026-09-22,KARSN,9.28,10.06,9.14,10.06,46383502,yahoo,kapanis,2026-09-22T15:40:36Z
2026-09-22,KARTN,101.8,110.7,101.8,105,1769753,yahoo,kapanis,2026-09-22T15:40:36Z
2026-09-22,KATMR,1.59,1.68,1.59,1.66,103731803,yahoo,kapanis,2026-09-22T15:40:36Z
2026-09-22,KAYSE,3.42,3.45,3.36,3.41,6827985,yahoo,kapanis,2026-09-22T15:40:36Z
2026-09-22,KBORU,10.32,12.6,10.32,12.6,24994995,yahoo,kapanis,2026-09-22T15:40:36Z
2026-09-22,KCAER,10.91,11.69,10.84,11.6,31372391,yahoo,kapanis,2026-09-22T15:40:36Z
2026-09-22,KCHOL,222.2,224.3,219.5,221.1,22246559,yahoo,kapanis,2026-09-22T15:40:36Z
2026-09-22,KENT,304,304,285,300,7740,yahoo,kapanis,2026-09-22T15:40:36Z
2026-09-22,KERVN,7.64,7.64,7.64,7.64,311606,yahoo,kapanis,2026-09-22T15:40:36Z
2026-09-22,KFEIN,6.28,6.55,6.25,6.44,3587726,yahoo,kapanis,2026-09-22T15:40:36Z
2026-09-22,KGYO,9.56,9.56,9.56,9.56,1008824,yahoo,kapanis,2026-09-22T15:40:36Z
2026-09-22,KIMMR,11.9,11.9,11.33,11.46,775751,yahoo,kapanis,2026-09-22T15:40:36Z
2026-09-22,KLGYO,4,4.19,4,4.15,9543815,yahoo,kapanis,2026-09-22T15:40:36Z
2026-09-22,KLKIM,23.38,24.08,23.38,23.82,1561861,yahoo,kapanis,2026-09-22T15:40:36Z
2026-09-22,KLMSN,22.5,23.32,22.3,22.88,516556,yahoo,kapanis,2026-09-22T15:40:36Z
2026-09-22,KLNMA,8.33,8.33,8.32,8.32,144191,yahoo,kapanis,2026-09-22T15:40:36Z
2026-09-22,KLRHO,34.32,34.32,34.32,34.32,177608,yahoo,kapanis,2026-09-22T15:40:36Z
2026-09-22,KLSER,20.1,20.52,20,20.42,859750,yahoo,kapanis,2026-09-22T15:40:36Z
2026-09-22,KLSYN,12.95,13.95,12.95,13.81,2125290,yahoo,kapanis,2026-09-22T15:40:36Z
2026-09-22,KLYPV,56.95,57.95,55.9,56,1331394,yahoo,kapanis,2026-09-22T15:40:36Z
2026-09-22,KMPUR,15.55,16.18,15.28,15.8,1507674,yahoo,kapanis,2026-09-22T15:40:36Z
2026-09-22,KNFRT,10.33,10.7,10.27,10.7,2112465,yahoo,kapanis,2026-09-22T15:40:36Z
2026-09-22,KOCMT,2.51,2.51,2.51,2.51,3857497,yahoo,kapanis,2026-09-22T15:40:36Z
2026-09-22,KONKA,7.39,7.96,7.39,7.9,3055264,yahoo,kapanis,2026-09-22T15:40:36Z
2026-09-22,KONTR,2.31,2.31,2.31,2.31,6520134,yahoo,kapanis,2026-09-22T15:40:36Z
2026-09-22,KONYA,3577.5,3765,3577.5,3705,22274,yahoo,kapanis,2026-09-22T15:40:36Z
2026-09-22,KOPOL,3.66,3.69,3.58,3.63,6820120,yahoo,kapanis,2026-09-22T15:40:36Z
2026-09-22,KORDS,3.07,3.21,3.04,3.16,22907557,yahoo,kapanis,2026-09-22T15:40:36Z
2026-09-22,KOTON,11.2,11.25,11.01,11.11,1165757,yahoo,kapanis,2026-09-22T15:40:36Z
2026-09-22,KPEKS,62.05,62.05,62.05,62.05,367461,yahoo,kapanis,2026-09-22T15:40:36Z
2026-09-22,KRDMA,44.08,44.08,41.98,42.22,7005541,yahoo,kapanis,2026-09-22T15:40:36Z
2026-09-22,KRDMB,71.55,71.55,71.55,71.55,135686,yahoo,kapanis,2026-09-22T15:40:36Z
2026-09-22,KRDMD,45.24,46,45.02,45.3,32203189,yahoo,kapanis,2026-09-22T15:40:36Z
2026-09-22,KRGYO,3.22,3.37,3.18,3.28,23980224,yahoo,kapanis,2026-09-22T15:40:36Z
2026-09-22,KRONT,18.93,19.7,18.89,19.39,810885,yahoo,kapanis,2026-09-22T15:40:36Z
2026-09-22,KRPLS,11.61,11.81,11.27,11.75,2678822,yahoo,kapanis,2026-09-22T15:40:36Z
2026-09-22,KRSTL,7.82,8.17,7.74,8.03,5794408,yahoo,kapanis,2026-09-22T15:40:36Z
2026-09-22,KRTEK,5.13,5.72,5.13,5.72,914476,yahoo,kapanis,2026-09-22T15:40:36Z
2026-09-22,KRVGD,2.05,2.14,2.04,2.13,6890091,yahoo,kapanis,2026-09-22T15:40:36Z
2026-09-22,KSTUR,2100,2100,2100,2100,664,yahoo,kapanis,2026-09-22T15:40:36Z
2026-09-22,KTLEV,18.04,18.04,18.04,18.04,2929701,yahoo,kapanis,2026-09-22T15:40:36Z
2026-09-22,KTSKR,60.5,64,60.5,63,410765,yahoo,kapanis,2026-09-22T15:40:36Z
2026-09-22,KUTPO,71.65,73.6,71.25,72.2,76099,yahoo,kapanis,2026-09-22T15:40:36Z
2026-09-22,KUVVA,115.1,115.1,115.1,115.1,12949,yahoo,kapanis,2026-09-22T15:40:36Z
2026-09-22,KUYAS,41.22,41.22,41.22,41.22,104357,yahoo,kapanis,2026-09-22T15:40:36Z
2026-09-22,KZBGY,1.43,1.56,1.42,1.5,75125492,yahoo,kapanis,2026-09-22T15:40:36Z
2026-09-22,KZGYO,16.42,17.47,16.42,16.42,14974253,yahoo,kapanis,2026-09-22T15:40:36Z
2026-09-22,LIDER,12.8,12.8,12.8,12.8,345690,yahoo,kapanis,2026-09-22T15:40:36Z
2026-09-22,LIDFA,1.6,1.68,1.6,1.63,21261508,yahoo,kapanis,2026-09-22T15:40:36Z
2026-09-22,LILAK,26.1,26.3,25.58,25.84,3049903,yahoo,kapanis,2026-09-22T15:40:36Z
2026-09-22,LINK,4.02,4.21,4,4.2,14259089,yahoo,kapanis,2026-09-22T15:40:36Z
2026-09-22,LKMNH,12.14,12.34,12.02,12.25,1074447,yahoo,kapanis,2026-09-22T15:40:36Z
2026-09-22,LMKDC,22.62,23.3,22.3,22.8,3926197,yahoo,kapanis,2026-09-22T15:40:36Z
2026-09-22,LOGO,138.8,146,138.4,145.9,888703,yahoo,kapanis,2026-09-22T15:40:36Z
2026-09-22,LRSHO,2.11,2.17,2.05,2.06,25228596,yahoo,kapanis,2026-09-22T15:40:36Z
2026-09-22,LUKSK,65.3,68.5,65.3,67.35,53987,yahoo,kapanis,2026-09-22T15:40:36Z
2026-09-22,LXGYO,6.73,7.1,6.56,7.05,9477784,yahoo,kapanis,2026-09-22T15:40:36Z
2026-09-22,LYDHO,76.2,76.2,76.2,76.2,5432,yahoo,kapanis,2026-09-22T15:40:36Z
2026-09-22,LYDYE,7565,7565,7565,7565,184,yahoo,kapanis,2026-09-22T15:40:36Z
2026-09-22,MAALT,909.5,925,902,914.5,26310,yahoo,kapanis,2026-09-22T15:40:36Z
2026-09-22,MACKO,28.84,28.84,27.5,28.06,925116,yahoo,kapanis,2026-09-22T15:40:36Z
2026-09-22,MAGEN,22.08,22.08,22.08,22.08,697409,yahoo,kapanis,2026-09-22T15:40:36Z
2026-09-22,MAKIM,12.31,12.72,12.05,12.45,502301,yahoo,kapanis,2026-09-22T15:40:36Z
2026-09-22,MAKTK,7.36,7.53,7.19,7.38,2044372,yahoo,kapanis,2026-09-22T15:40:36Z
2026-09-22,MANAS,19.77,19.77,19.77,19.77,38151,yahoo,kapanis,2026-09-22T15:40:36Z
2026-09-22,MARBL,10.03,10.24,9.81,10.09,1330596,yahoo,kapanis,2026-09-22T15:40:36Z
2026-09-22,MARMR,1.6,1.65,1.56,1.62,36361919,yahoo,kapanis,2026-09-22T15:40:36Z
2026-09-22,MARTI,1.81,1.81,1.81,1.81,1429587,yahoo,kapanis,2026-09-22T15:40:36Z
2026-09-22,MASFN,37.24,39.14,37.24,39,5623789,yahoo,kapanis,2026-09-22T15:40:36Z
2026-09-22,MAVI,37.4,38.92,37.1,38.5,12741037,yahoo,kapanis,2026-09-22T15:40:36Z
2026-09-22,MCARD,100.1,104.9,96.1,101.2,2355295,yahoo,kapanis,2026-09-22T15:40:36Z
2026-09-22,MEDTR,19.99,20.54,19.55,20.06,232931,yahoo,kapanis,2026-09-22T15:40:36Z
2026-09-22,MEGAP,1.34,1.36,1.34,1.36,637374,yahoo,kapanis,2026-09-22T15:40:36Z
2026-09-22,MEGMT,3.54,3.58,3.24,3.24,104911635,yahoo,kapanis,2026-09-22T15:40:36Z
2026-09-22,MEKAG,2.35,2.35,2.27,2.33,5979145,yahoo,kapanis,2026-09-22T15:40:36Z
2026-09-22,MEPET,18.1,19.91,18.1,19.91,928238,yahoo,kapanis,2026-09-22T15:40:36Z
2026-09-22,MERCN,14.13,15.18,13.91,14.76,7155064,yahoo,kapanis,2026-09-22T15:40:36Z
2026-09-22,MERIT,14.47,14.78,14.38,14.59,1576088,yahoo,kapanis,2026-09-22T15:40:36Z
2026-09-22,MERKO,1.02,1.03,1,1.02,18901712,yahoo,kapanis,2026-09-22T15:40:36Z
2026-09-22,METEN,17.92,18.4,17.73,18.34,12696752,yahoo,kapanis,2026-09-22T15:40:36Z
2026-09-22,METRO,6.42,6.84,6.25,6.7,9148954,yahoo,kapanis,2026-09-22T15:40:36Z
2026-09-22,MEYSU,8.28,8.58,8.08,8.45,15354822,yahoo,kapanis,2026-09-22T15:40:36Z
2026-09-22,MGROS,538,549.5,537.5,539,2916582,yahoo,kapanis,2026-09-22T15:40:36Z
2026-09-22,MHRGY,1.94,1.95,1.87,1.91,4747988,yahoo,kapanis,2026-09-22T15:40:36Z
2026-09-22,MIATK,20.52,20.52,20.52,20.52,2405406,yahoo,kapanis,2026-09-22T15:40:36Z
2026-09-22,MMCAS,23,23,23,23,25078,yahoo,kapanis,2026-09-22T15:40:36Z
2026-09-22,MNDRS,10.01,10.24,9.94,10.09,1866865,yahoo,kapanis,2026-09-22T15:40:36Z
2026-09-22,MNDTR,4.48,4.49,4.34,4.41,1113755,yahoo,kapanis,2026-09-22T15:40:36Z
2026-09-22,MOBTL,10.4,10.4,9.56,9.68,2922847,yahoo,kapanis,2026-09-22T15:40:36Z
2026-09-22,MOGAN,7.56,9.22,7.56,9.13,53632564,yahoo,kapanis,2026-09-22T15:40:36Z
2026-09-22,MOPAS,20.74,21.24,20.46,20.8,1720803,yahoo,kapanis,2026-09-22T15:40:36Z
2026-09-22,MPARK,439.25,445.5,434,437.75,651490,yahoo,kapanis,2026-09-22T15:40:36Z
2026-09-22,MRGYO,1.41,1.41,1.41,1.41,2771013,yahoo,kapanis,2026-09-22T15:40:36Z
2026-09-22,MRSHL,1475,1533,1470,1500,20560,yahoo,kapanis,2026-09-22T15:40:36Z
2026-09-22,MSGYO,5.1,5.11,4.96,5.1,898477,yahoo,kapanis,2026-09-22T15:40:36Z
2026-09-22,MTRKS,23.14,24.5,23,23.24,1160645,yahoo,kapanis,2026-09-22T15:40:36Z
2026-09-22,MTRYO,8.78,9.4,8.35,8.95,277360,yahoo,kapanis,2026-09-22T15:40:36Z
2026-09-22,MZHLD,4.72,4.92,4.61,4.78,338057,yahoo,kapanis,2026-09-22T15:40:36Z
2026-09-22,NATEN,4.34,4.48,4.32,4.48,4632261,yahoo,kapanis,2026-09-22T15:40:36Z
2026-09-22,NETAS,79.95,79.95,75,75.9,704390,yahoo,kapanis,2026-09-22T15:40:36Z
2026-09-22,NETCD,91,94.55,89.65,91,2635304,yahoo,kapanis,2026-09-22T15:40:36Z
2026-09-22,NETGL,30.56,32,30.56,30.56,9071008,yahoo,kapanis,2026-09-22T15:40:36Z
2026-09-22,NIBAS,3.29,3.41,3.2,3.28,10291198,yahoo,kapanis,2026-09-22T15:40:36Z
2026-09-22,NTGAZ,10.59,10.75,10.49,10.63,2438102,yahoo,kapanis,2026-09-22T15:40:36Z
2026-09-22,NTHOL,38.3,40.12,38.04,39.86,2360960,yahoo,kapanis,2026-09-22T15:40:36Z
2026-09-22,NUGYO,7.92,8.1,7.85,7.94,1252872,yahoo,kapanis,2026-09-22T15:40:36Z
2026-09-22,NUHCM,197.1,209,197.1,206.2,67521,yahoo,kapanis,2026-09-22T15:40:36Z
2026-09-22,OBAMS,4.25,4.39,4.23,4.34,21356791,yahoo,kapanis,2026-09-22T15:40:36Z
2026-09-22,OBASE,30,30.2,29.12,29.32,172946,yahoo,kapanis,2026-09-22T15:40:36Z
2026-09-22,ODAS,6.65,6.78,6.57,6.65,66200829,yahoo,kapanis,2026-09-22T15:40:36Z
2026-09-22,ODINE,374.75,374.75,374.75,374.75,1768,yahoo,kapanis,2026-09-22T15:40:36Z
2026-09-22,OFSYM,60.35,61.7,58,59.4,759631,yahoo,kapanis,2026-09-22T15:40:36Z
2026-09-22,ONCSM,93.7,101,93.7,93.7,912980,yahoo,kapanis,2026-09-22T15:40:36Z
2026-09-22,ONRYT,11.3,11.49,11.1,11.1,3672808,yahoo,kapanis,2026-09-22T15:40:36Z
2026-09-22,ORCAY,2.6,2.72,2.53,2.62,1860195,yahoo,kapanis,2026-09-22T15:40:36Z
2026-09-22,ORGE,22.32,22.98,22.02,22.62,3775478,yahoo,kapanis,2026-09-22T15:40:36Z
2026-09-22,ORMA,119.8,120,119.8,120,7519,yahoo,kapanis,2026-09-22T15:40:36Z
2026-09-22,ORZAX,75,78,74.5,76.1,2447714,yahoo,kapanis,2026-09-22T15:40:36Z
2026-09-22,OSMEN,5.44,5.61,5.41,5.52,3055845,yahoo,kapanis,2026-09-22T15:40:36Z
2026-09-22,OSTIM,1.43,1.43,1.38,1.38,6389921,yahoo,kapanis,2026-09-22T15:40:36Z
2026-09-22,OTKAR,302,311.5,300,307.75,429014,yahoo,kapanis,2026-09-22T15:40:36Z
2026-09-22,OTTO,94,97.5,91.15,92,275788,yahoo,kapanis,2026-09-22T15:40:36Z
2026-09-22,OYAKC,20.42,21.36,20.26,21.18,24596456,yahoo,kapanis,2026-09-22T15:40:36Z
2026-09-22,OYAYO,35.5,37.26,35.5,36.94,56963,yahoo,kapanis,2026-09-22T15:40:36Z
2026-09-22,OYLUM,6.3,6.5,6.01,6.37,257376,yahoo,kapanis,2026-09-22T15:40:36Z
2026-09-22,OYYAT,28.4,30.9,28.12,30.9,1655572,yahoo,kapanis,2026-09-22T15:40:36Z
2026-09-22,OZATD,2945,2945,2945,2945,40,yahoo,kapanis,2026-09-22T15:40:36Z
2026-09-22,OZGYO,1.76,1.78,1.71,1.74,7314873,yahoo,kapanis,2026-09-22T15:40:36Z
2026-09-22,OZKGY,11.95,12.49,11.95,12.35,2832288,yahoo,kapanis,2026-09-22T15:40:36Z
2026-09-22,OZRDN,21,25,21,24.34,476464,yahoo,kapanis,2026-09-22T15:40:36Z
2026-09-22,OZSUB,39,43.26,38.02,41.98,2227146,yahoo,kapanis,2026-09-22T15:40:36Z
2026-09-22,OZYSR,10.9,11.31,10.85,11.2,3509346,yahoo,kapanis,2026-09-22T15:40:36Z
2026-09-22,PAGYO,122.9,127,122.9,124.5,78467,yahoo,kapanis,2026-09-22T15:40:36Z
2026-09-22,PAHOL,1.01,1.04,1,1.03,196532977,yahoo,kapanis,2026-09-22T15:40:36Z
2026-09-22,PAMEL,53.05,53.3,51.7,52.4,168785,yahoo,kapanis,2026-09-22T15:40:36Z
2026-09-22,PAPIL,9.45,9.56,9.2,9.39,5400584,yahoo,kapanis,2026-09-22T15:40:36Z
2026-09-22,PARSN,62.8,63.75,62.7,63,194848,yahoo,kapanis,2026-09-22T15:40:36Z
2026-09-22,PASEU,44.94,44.94,44.94,44.94,288687,yahoo,kapanis,2026-09-22T15:40:36Z
2026-09-22,PATEK,15.8,17.95,15.8,16.92,35637480,yahoo,kapanis,2026-09-22T15:40:36Z
2026-09-22,PCILT,29.4,31.4,29.4,31.08,1446721,yahoo,kapanis,2026-09-22T15:40:36Z
2026-09-22,PEKGY,6.93,6.93,6.93,6.93,1345933,yahoo,kapanis,2026-09-22T15:40:36Z
2026-09-22,PENGD,7.94,8.02,7.8,7.92,2027155,yahoo,kapanis,2026-09-22T15:40:36Z
2026-09-22,PENTA,10.75,10.95,10.65,10.74,1464156,yahoo,kapanis,2026-09-22T15:40:36Z
2026-09-22,PETKM,21.08,21.72,20.84,20.92,61094978,yahoo,kapanis,2026-09-22T15:40:36Z
2026-09-22,PETUN,10.31,10.54,10.24,10.41,1399891,yahoo,kapanis,2026-09-22T15:40:36Z
2026-09-22,PGSUS,151,153.6,150.3,151.3,9284117,yahoo,kapanis,2026-09-22T15:40:36Z
2026-09-22,PINSU,8.98,9.24,8.8,8.98,4979179,yahoo,kapanis,2026-09-22T15:40:36Z
2026-09-22,PKART,89.9,98.5,89.9,91.7,304609,yahoo,kapanis,2026-09-22T15:40:36Z
2026-09-22,PKENT,102.1,104.3,101.5,102.2,117260,yahoo,kapanis,2026-09-22T15:40:36Z
2026-09-22,PLTUR,16.28,17.14,16.28,16.88,1070377,yahoo,kapanis,2026-09-22T15:40:36Z
2026-09-22,PNLSN,33.54,35,33.54,34.44,454221,yahoo,kapanis,2026-09-22T15:40:36Z
2026-09-22,PNSUT,10.24,10.54,10.2,10.45,2491266,yahoo,kapanis,2026-09-22T15:40:36Z
2026-09-22,POLHO,17.67,18.5,17.5,17.86,1654598,yahoo,kapanis,2026-09-22T15:40:36Z
2026-09-22,POLTK,3315,3387.5,3265,3310,6642,yahoo,kapanis,2026-09-22T15:40:36Z
2026-09-22,PRDGS,3.94,4.44,3.94,4.21,12483233,yahoo,kapanis,2026-09-22T15:40:36Z
2026-09-22,PRKAB,27.36,27.66,27.08,27.36,353757,yahoo,kapanis,2026-09-22T15:40:36Z
2026-09-22,PRKME,16.24,16.39,15.89,16.03,1402254,yahoo,kapanis,2026-09-22T15:40:36Z
2026-09-22,PRZMA,41.32,41.32,41.32,41.32,5455,yahoo,kapanis,2026-09-22T15:40:36Z
2026-09-22,PSDTC,83.25,101.6,83.25,101.6,1517503,yahoo,kapanis,2026-09-22T15:40:36Z
2026-09-22,PSGYO,1.97,2.14,1.97,2.08,162336159,yahoo,kapanis,2026-09-22T15:40:36Z
2026-09-22,QNBFK,36,36.02,36,36.02,27690,yahoo,kapanis,2026-09-22T15:40:36Z
2026-09-22,QNBTR,164.4,164.4,164.4,164.4,11612,yahoo,kapanis,2026-09-22T15:40:36Z
2026-09-22,QUAGR,2.39,2.39,2.28,2.32,27010066,yahoo,kapanis,2026-09-22T15:40:36Z
2026-09-22,QUICK,50,51.35,49.12,50.5,2292289,yahoo,kapanis,2026-09-22T15:40:36Z
2026-09-22,RALYH,160.4,160.4,160.4,160.4,13699,yahoo,kapanis,2026-09-22T15:40:36Z
2026-09-22,RAYSG,129.6,136.3,129.6,134.9,110581,yahoo,kapanis,2026-09-22T15:40:36Z
2026-09-22,REEDR,4.38,4.38,4.04,4.11,26701740,yahoo,kapanis,2026-09-22T15:40:36Z
2026-09-22,RGYAS,190.7,200.3,190.3,200,3914915,yahoo,kapanis,2026-09-22T15:40:36Z
2026-09-22,RNPOL,2.09,2.09,1.92,2.03,7837762,yahoo,kapanis,2026-09-22T15:40:36Z
2026-09-22,RODRG,18.99,19.1,18.21,18.21,314894,yahoo,kapanis,2026-09-22T15:40:36Z
2026-09-22,RTALB,2.14,2.19,2.05,2.15,34445097,yahoo,kapanis,2026-09-22T15:40:36Z
2026-09-22,RUBNS,22,24.38,22,23.64,1729197,yahoo,kapanis,2026-09-22T15:40:36Z
2026-09-22,RUZYE,5.01,5.67,5.01,5.53,15198506,yahoo,kapanis,2026-09-22T15:40:36Z
2026-09-22,RYGYO,48,50.1,46.62,48.58,2775056,yahoo,kapanis,2026-09-22T15:40:36Z
2026-09-22,RYSAS,24.22,26.4,24.02,26.4,21121953,yahoo,kapanis,2026-09-22T15:40:36Z
2026-09-22,SAFKR,10.92,11.57,10.92,11.24,3342452,yahoo,kapanis,2026-09-22T15:40:36Z
2026-09-22,SAHOL,90.65,92.4,90.3,91.15,28007176,yahoo,kapanis,2026-09-22T15:40:36Z
2026-09-22,SAMAT,4.1,4.56,4.01,4.56,1891158,yahoo,kapanis,2026-09-22T15:40:36Z
2026-09-22,SANEL,37.02,45,37.02,41.1,303595,yahoo,kapanis,2026-09-22T15:40:36Z
2026-09-22,SANFM,5.4,5.66,5.4,5.4,9921701,yahoo,kapanis,2026-09-22T15:40:36Z
2026-09-22,SANKO,18.18,18.65,17.82,18.58,362957,yahoo,kapanis,2026-09-22T15:40:36Z
2026-09-22,SARAE,46.4,53.7,46.4,51.65,44661164,yahoo,kapanis,2026-09-22T15:40:36Z
2026-09-22,SARKY,22.18,22.5,21.98,22.06,3506557,yahoo,kapanis,2026-09-22T15:40:36Z
2026-09-22,SASA,2.32,2.36,2.28,2.29,2043381480,yahoo,kapanis,2026-09-22T15:40:36Z
2026-09-22,SAYAS,45.2,47.8,45.2,47.44,1742761,yahoo,kapanis,2026-09-22T15:40:36Z
2026-09-22,SDTTR,17.4,17.92,17.2,17.56,5018501,yahoo,kapanis,2026-09-22T15:40:36Z
2026-09-22,SEGMN,30,31.4,28.26,28.26,2644842,yahoo,kapanis,2026-09-22T15:40:36Z
2026-09-22,SEGYO,2.7,2.94,2.65,2.94,13598432,yahoo,kapanis,2026-09-22T15:40:36Z
2026-09-22,SEKFK,3.85,4.02,3.85,4,511468,yahoo,kapanis,2026-09-22T15:40:36Z
2026-09-22,SEKUR,5.38,5.38,5.38,5.38,152616,yahoo,kapanis,2026-09-22T15:40:36Z
2026-09-22,SELEC,172.6,172.6,172.6,172.6,4387,yahoo,kapanis,2026-09-22T15:40:36Z
2026-09-22,SELVA,1.23,1.27,1.22,1.25,16386749,yahoo,kapanis,2026-09-22T15:40:36Z
2026-09-22,SERNT,6,6.2,5.8,5.99,4830622,yahoo,kapanis,2026-09-22T15:40:36Z
2026-09-22,SEYKM,3.05,3.28,3.05,3.16,640222,yahoo,kapanis,2026-09-22T15:40:36Z
2026-09-22,SILVR,1.79,1.86,1.78,1.83,1410266,yahoo,kapanis,2026-09-22T15:40:36Z
2026-09-22,SISE,40.24,40.86,40.1,40.26,37766522,yahoo,kapanis,2026-09-22T15:40:36Z
2026-09-22,SKBNK,5.88,5.88,5.43,5.61,179424005,yahoo,kapanis,2026-09-22T15:40:36Z
2026-09-22,SKTAS,2.7,2.73,2.64,2.71,5742109,yahoo,kapanis,2026-09-22T15:40:36Z
2026-09-22,SKYLP,93.35,93.35,93.35,93.35,6269,yahoo,kapanis,2026-09-22T15:40:36Z
2026-09-22,SKYMD,13.5,14.96,13.5,14.54,1768237,yahoo,kapanis,2026-09-22T15:40:36Z
2026-09-22,SMART,17.55,18.35,17.55,18.17,975475,yahoo,kapanis,2026-09-22T15:40:36Z
2026-09-22,SMRTG,4.89,5.7,4.89,5.56,143356748,yahoo,kapanis,2026-09-22T15:40:36Z
2026-09-22,SMRVA,7.64,7.87,7.46,7.82,6474070,yahoo,kapanis,2026-09-22T15:40:36Z
2026-09-22,SNGYO,2.73,2.88,2.68,2.83,36281723,yahoo,kapanis,2026-09-22T15:40:36Z
2026-09-22,SNICA,2.59,2.62,2.55,2.58,6836615,yahoo,kapanis,2026-09-22T15:40:36Z
2026-09-22,SNPAM,18.38,18.48,18.38,18.48,34114,yahoo,kapanis,2026-09-22T15:40:36Z
2026-09-22,SODSN,6.09,6.09,6.03,6.03,124621,yahoo,kapanis,2026-09-22T15:40:36Z
2026-09-22,SOHOE,8.56,8.72,8.44,8.63,5743710,yahoo,kapanis,2026-09-22T15:40:36Z
2026-09-22,SOKE,8.03,8.33,8.01,8.14,2169606,yahoo,kapanis,2026-09-22T15:40:36Z
2026-09-22,SOKM,59.2,59.75,57.5,57.6,3182315,yahoo,kapanis,2026-09-22T15:40:36Z
2026-09-22,SONME,125.6,128.5,123.6,125.6,27386,yahoo,kapanis,2026-09-22T15:40:36Z
2026-09-22,SRVGY,2.08,2.21,2.08,2.17,10956395,yahoo,kapanis,2026-09-22T15:40:36Z
2026-09-22,SSAAT,27.68,30.16,27.54,29.36,3195360,yahoo,kapanis,2026-09-22T15:40:36Z
2026-09-22,SUMAS,201.5,215,201.5,215,4569,yahoo,kapanis,2026-09-22T15:40:36Z
2026-09-22,SUNTK,27.44,28.26,26.56,27.18,480465,yahoo,kapanis,2026-09-22T15:40:36Z
2026-09-22,SURGY,23.92,24.02,23.12,23.74,2038959,yahoo,kapanis,2026-09-22T15:40:36Z
2026-09-22,SUWEN,5.1,5.47,5,5.43,3308580,yahoo,kapanis,2026-09-22T15:40:36Z
2026-09-22,SVGYO,9.19,9.19,9.19,9.19,19793,yahoo,kapanis,2026-09-22T15:40:36Z
2026-09-22,TABGD,227.5,231.3,220.1,227.1,1091530,yahoo,kapanis,2026-09-22T15:40:36Z
2026-09-22,TARKM,417,448,405.25,410.25,149528,yahoo,kapanis,2026-09-22T15:40:36Z
2026-09-22,TATEN,4.42,5.4,4.42,5.12,72221005,yahoo,kapanis,2026-09-22T15:40:36Z
2026-09-22,TATGD,16.4,17.05,16.4,16.92,1474915,yahoo,kapanis,2026-09-22T15:40:36Z
2026-09-22,TAVHL,276.25,283.75,274,278,4745534,yahoo,kapanis,2026-09-22T15:40:36Z
2026-09-22,TBORG,130,136,129,129.2,191693,yahoo,kapanis,2026-09-22T15:40:36Z
2026-09-22,TCELL,99.45,102,99.45,100.3,14535393,yahoo,kapanis,2026-09-22T15:40:36Z
2026-09-22,TCKRC,112.8,122.8,112.8,121.4,2927707,yahoo,kapanis,2026-09-22T15:40:36Z
2026-09-22,TDGYO,12.11,12.11,12.11,12.11,196893,yahoo,kapanis,2026-09-22T15:40:36Z
2026-09-22,TEHOL,28.26,28.26,28.26,28.26,1014831,yahoo,kapanis,2026-09-22T15:40:36Z
2026-09-22,TEKTU,5.36,5.38,5.19,5.2,3908948,yahoo,kapanis,2026-09-22T15:40:36Z
2026-09-22,TERA,132.4,132.4,132.4,132.4,15849,yahoo,kapanis,2026-09-22T15:40:36Z
2026-09-22,TEZOL,7.76,7.97,7.76,7.83,1893642,yahoo,kapanis,2026-09-22T15:40:36Z
2026-09-22,TGSAS,117,117,117,117,24000,yahoo,kapanis,2026-09-22T15:40:36Z
2026-09-22,THYAO,293.5,302.75,291.25,298,54419270,yahoo,kapanis,2026-09-22T15:40:36Z
2026-09-22,TKFEN,238.5,245.3,226.9,244.7,8748952,yahoo,kapanis,2026-09-22T15:40:36Z
2026-09-22,TKNKA,92.65,92.65,92.65,92.65,9964,yahoo,kapanis,2026-09-22T15:40:36Z
2026-09-22,TKNSA,14.85,15.44,14.74,15.1,2295668,yahoo,kapanis,2026-09-22T15:40:36Z
2026-09-22,TLMAN,67,68.35,66.4,67.55,116207,yahoo,kapanis,2026-09-22T15:40:36Z
2026-09-22,TMPOL,170.4,170.4,170.4,170.4,3903,yahoo,kapanis,2026-09-22T15:40:36Z
2026-09-22,TMSN,63.9,65.15,63.5,64.65,549198,yahoo,kapanis,2026-09-22T15:40:36Z
2026-09-22,TNZTP,29,29.62,28.24,28.82,2882550,yahoo,kapanis,2026-09-22T15:40:36Z
2026-09-22,TOASO,288,290.75,283.75,283.75,2541929,yahoo,kapanis,2026-09-22T15:40:36Z
2026-09-22,TRALT,52,52.4,50,50.05,101926062,yahoo,kapanis,2026-09-22T15:40:36Z
2026-09-22,TRCAS,47.9,48.04,45.7,46.2,824611,yahoo,kapanis,2026-09-22T15:40:36Z
2026-09-22,TRENJ,108.1,115.5,105.4,106.3,2927250,yahoo,kapanis,2026-09-22T15:40:36Z
2026-09-22,TRGYO,93.45,94.5,92.65,93,1097954,yahoo,kapanis,2026-09-22T15:40:36Z
2026-09-22,TRHOL,2660,2660,2660,2660,835,yahoo,kapanis,2026-09-22T15:40:36Z
2026-09-22,TRILC,0.96,0.96,0.94,0.94,3564032,yahoo,kapanis,2026-09-22T15:40:36Z
2026-09-22,TRMET,140.8,142.6,136.2,137.9,14719291,yahoo,kapanis,2026-09-22T15:40:36Z
2026-09-22,TSGYO,5.14,5.21,5.09,5.15,737147,yahoo,kapanis,2026-09-22T15:40:36Z
2026-09-22,TSKB,11.02,11.04,10.86,10.87,20458171,yahoo,kapanis,2026-09-22T15:40:36Z
2026-09-22,TSPOR,0.89,0.91,0.87,0.89,154018408,yahoo,kapanis,2026-09-22T15:40:36Z
2026-09-22,TTKOM,53.4,55,53.25,54.1,25207617,yahoo,kapanis,2026-09-22T15:40:36Z
2026-09-22,TTRAK,407.25,414,406.5,411,104076,yahoo,kapanis,2026-09-22T15:40:36Z
2026-09-22,TUCLK,3.59,4,3.56,3.97,20033094,yahoo,kapanis,2026-09-22T15:40:36Z
2026-09-22,TUKAS,2.11,2.2,2.06,2.13,177842496,yahoo,kapanis,2026-09-22T15:40:36Z
2026-09-22,TUPRS,414.75,424.25,389.75,397,35691509,yahoo,kapanis,2026-09-22T15:40:36Z
2026-09-22,TUREX,5.17,5.17,4.92,5.08,11190871,yahoo,kapanis,2026-09-22T15:40:36Z
2026-09-22,TURGG,24.98,25.34,24.38,24.72,287506,yahoo,kapanis,2026-09-22T15:40:36Z
2026-09-22,TURSG,6.15,6.2,6.08,6.08,65196312,yahoo,kapanis,2026-09-22T15:40:36Z
2026-09-22,UCAYM,16.99,18.1,16.98,17.86,3184717,yahoo,kapanis,2026-09-22T15:40:36Z
2026-09-22,UFUK,824,824,824,824,252,yahoo,kapanis,2026-09-22T15:40:36Z
2026-09-22,ULAS,15.58,17.38,15.58,17.1,106607,yahoo,kapanis,2026-09-22T15:40:36Z
2026-09-22,ULKER,87.2,88.9,86.8,88.6,5560865,yahoo,kapanis,2026-09-22T15:40:36Z
2026-09-22,ULUFA,1.5,1.55,1.46,1.5,22023493,yahoo,kapanis,2026-09-22T15:40:36Z
2026-09-22,ULUSE,188.2,196,185,188.2,149142,yahoo,kapanis,2026-09-22T15:40:36Z
2026-09-22,ULUUN,6.92,7.25,6.85,7.11,6637788,yahoo,kapanis,2026-09-22T15:40:36Z
2026-09-22,UNLU,13.44,14.01,12.01,12.15,28536512,yahoo,kapanis,2026-09-22T15:40:36Z
2026-09-22,USAK,1,1.04,0.9,0.9,207615634,yahoo,kapanis,2026-09-22T15:40:36Z
2026-09-22,USHOL,66.1,67.25,61.45,65.25,748194,yahoo,kapanis,2026-09-22T15:40:36Z
2026-09-22,VAKBN,34.7,35.04,34.02,34.04,43580344,yahoo,kapanis,2026-09-22T15:40:36Z
2026-09-22,VAKFA,10.12,10.19,9.88,10.02,6056186,yahoo,kapanis,2026-09-22T15:40:36Z
2026-09-22,VAKFN,1.04,1.04,1.02,1.03,25880869,yahoo,kapanis,2026-09-22T15:40:36Z
2026-09-22,VAKKO,63.05,65.4,61.95,64.5,103893,yahoo,kapanis,2026-09-22T15:40:36Z
2026-09-22,VANGD,55.5,67.8,55.5,64.8,899806,yahoo,kapanis,2026-09-22T15:40:36Z
2026-09-22,VBTYZ,27.72,28.86,27.48,27.72,1211807,yahoo,kapanis,2026-09-22T15:40:36Z
2026-09-22,VERUS,469.75,475,439,443.25,59304,yahoo,kapanis,2026-09-22T15:40:36Z
2026-09-22,VESBE,5.06,5.07,4.94,4.96,9077049,yahoo,kapanis,2026-09-22T15:40:36Z
2026-09-22,VESTL,22.2,22.44,21.92,22.08,6557912,yahoo,kapanis,2026-09-22T15:40:36Z
2026-09-22,VEYAS,83.7,92.95,83.7,87,2372013,yahoo,kapanis,2026-09-22T15:40:36Z
2026-09-22,VKFYO,17.8,18.39,17.8,17.98,151254,yahoo,kapanis,2026-09-22T15:40:36Z
2026-09-22,VKGYO,1.76,1.78,1.72,1.74,20054397,yahoo,kapanis,2026-09-22T15:40:36Z
2026-09-22,VKING,18.25,18.48,17,17.22,217980,yahoo,kapanis,2026-09-22T15:40:36Z
2026-09-22,VRGYO,1.18,1.18,1.18,1.18,3338194,yahoo,kapanis,2026-09-22T15:40:36Z
2026-09-22,VSNMD,32.38,32.64,31.94,32.06,768791,yahoo,kapanis,2026-09-22T15:40:36Z
2026-09-22,YAPRK,9.42,9.75,9.09,9.39,3240281,yahoo,kapanis,2026-09-22T15:40:36Z
2026-09-22,YATAS,26.7,26.96,26.44,26.96,971020,yahoo,kapanis,2026-09-22T15:40:36Z
2026-09-22,YAYLA,16.83,17.03,15.81,16.03,1095810,yahoo,kapanis,2026-09-22T15:40:36Z
2026-09-22,YBTAS,11.2,11.2,11.14,11.14,173688,yahoo,kapanis,2026-09-22T15:40:36Z
2026-09-22,YEOTK,29.34,32.46,29.28,32.46,24390873,yahoo,kapanis,2026-09-22T15:40:36Z
2026-09-22,YESIL,0.98,0.98,0.93,0.94,19063492,yahoo,kapanis,2026-09-22T15:40:36Z
2026-09-22,YGGYO,215.2,220.3,214.1,217.2,77068,yahoo,kapanis,2026-09-22T15:40:36Z
2026-09-22,YIGIT,18.38,18.82,18.29,18.7,2975281,yahoo,kapanis,2026-09-22T15:40:36Z
2026-09-22,YKBNK,36.56,37.42,36.34,36.76,195306110,yahoo,kapanis,2026-09-22T15:40:36Z
2026-09-22,YKSLN,3.02,3.3,3.02,3.02,22215881,yahoo,kapanis,2026-09-22T15:40:36Z
2026-09-22,YONGA,34.2,34.8,34.2,34.4,19551,yahoo,kapanis,2026-09-22T15:40:36Z
2026-09-22,YUNSA,6.43,6.79,6.43,6.7,3874694,yahoo,kapanis,2026-09-22T15:40:36Z
2026-09-22,YYAPI,0.65,0.65,0.61,0.62,3750675,yahoo,kapanis,2026-09-22T15:40:36Z
2026-09-22,YYLGD,8.5,9.03,8.45,8.97,7448252,yahoo,kapanis,2026-09-22T15:40:36Z
2026-09-22,ZEDUR,6.22,6.29,5.91,6.18,1094605,yahoo,kapanis,2026-09-22T15:40:36Z
2026-09-22,ZERGY,8.02,8.04,7.62,7.64,9955756,yahoo,kapanis,2026-09-22T15:40:36Z
2026-09-22,ZGYO,13.4,14.84,13.4,13.4,10467806,yahoo,kapanis,2026-09-22T15:40:36Z
2026-09-22,ZOREN,2.21,2.26,2.17,2.19,67517928,yahoo,kapanis,2026-09-22T15:40:36Z
2026-09-22,ZRGYO,19.5,19.67,19.17,19.3,2804149,yahoo,kapanis,2026-09-22T15:40:36Z
2026-09-22,XU100,,,,13198.8398,,yahoo,kapanis,2026-09-22T15:40:36Z
2026-09-17,AKBNK,65.5,71.7,65,71.55,303189390,borsapy_fallback_from_yahoo,backfill,2026-09-23T07:13:40Z
2026-09-17,AKFYE,3.6233,3.7667,3.54,3.6,74159709,borsapy_fallback_from_yahoo,backfill,2026-09-23T07:13:40Z
2026-09-17,ASTOR,242.1,260.5,238.9,255.5,58151941,borsapy_fallback_from_yahoo,backfill,2026-09-23T07:13:40Z
2026-09-17,CITAS,128.8,128.8,128.8,128.8,102779,borsapy_fallback_from_yahoo,backfill,2026-09-23T07:13:40Z
2026-09-17,DUNYH,85,92,83.7,83.7,432703,borsapy_fallback_from_yahoo,backfill,2026-09-23T07:13:40Z
2026-09-17,EREGL,34.68,36.92,34.62,36.14,312019310,borsapy_fallback_from_yahoo,backfill,2026-09-23T07:13:40Z
2026-09-17,GSRAY,0.97,0.98,0.95,0.97,268770310,borsapy_fallback_from_yahoo,backfill,2026-09-23T07:13:40Z
2026-09-17,HEKTS,2.3,2.46,2.25,2.43,620645720,borsapy_fallback_from_yahoo,backfill,2026-09-23T07:13:40Z
2026-09-17,HRKET,5.8357,6.4428,5.6857,6.3928,56537632,borsapy_fallback_from_yahoo,backfill,2026-09-23T07:13:40Z
2026-09-17,ISCTR,12.22,13.44,12.18,13.37,1116699820,borsapy_fallback_from_yahoo,backfill,2026-09-23T07:13:40Z
2026-09-17,KARCL,188.8,188.8,188.8,188.8,74779,borsapy_fallback_from_yahoo,backfill,2026-09-23T07:13:40Z
2026-09-17,MANAS,27.1,27.1,27.1,27.1,261980,borsapy_fallback_from_yahoo,backfill,2026-09-23T07:13:40Z
2026-09-17,MEGMT,3.5438,3.8813,3.5438,3.7604,88579070,borsapy_fallback_from_yahoo,backfill,2026-09-23T07:13:40Z
2026-09-17,PAHOL,1.17,1.2,1.08,1.11,699065860,borsapy_fallback_from_yahoo,backfill,2026-09-23T07:13:40Z
2026-09-17,SASA,2.27,2.5,2.27,2.42,8176565500,borsapy_fallback_from_yahoo,backfill,2026-09-23T07:13:40Z
2026-09-17,TEHOL,38.74,38.74,38.74,38.74,204376,borsapy_fallback_from_yahoo,backfill,2026-09-23T07:13:40Z
2026-09-17,TKNKA,126.9,126.9,126.9,126.9,26896,borsapy_fallback_from_yahoo,backfill,2026-09-23T07:13:40Z
2026-09-17,TURSG,5.9,6.24,5.87,6,350768840,borsapy_fallback_from_yahoo,backfill,2026-09-23T07:13:40Z
2026-09-17,YKBNK,32.36,35.32,32.12,35.32,381394740,borsapy_fallback_from_yahoo,backfill,2026-09-23T07:13:40Z
2026-09-17,XU100,,,,13509.76,,borsapy_fallback_from_yahoo,backfill,2026-09-23T07:13:40Z
2026-09-18,AKFYE,3.5967,3.6667,3.4467,3.6667,56556292,borsapy_fallback_from_yahoo,backfill,2026-09-23T07:13:40Z
2026-09-18,BIGEN,114.5,114.5,114.5,114.5,36777,borsapy_fallback_from_yahoo,backfill,2026-09-23T07:13:40Z
2026-09-18,CANTE,1.24,1.25,1.16,1.23,398264670,borsapy_fallback_from_yahoo,backfill,2026-09-23T07:13:40Z
2026-09-18,DSTKF,1984,1984,1984,1984,86646,borsapy_fallback_from_yahoo,backfill,2026-09-23T07:13:40Z
2026-09-18,DUNYH,75.35,75.35,75.35,75.35,10329,borsapy_fallback_from_yahoo,backfill,2026-09-23T07:13:40Z
2026-09-18,HEKTS,2.39,2.43,2.3,2.34,273304770,borsapy_fallback_from_yahoo,backfill,2026-09-23T07:13:40Z
2026-09-18,HRKET,6.0071,6.4178,6.0071,6.2857,49697542,borsapy_fallback_from_yahoo,backfill,2026-09-23T07:13:40Z
2026-09-18,ISCTR,13.34,13.54,13.09,13.26,561416100,borsapy_fallback_from_yahoo,backfill,2026-09-23T07:13:40Z
2026-09-18,MEGMT,3.7313,3.7417,3.5646,3.6042,85730365,borsapy_fallback_from_yahoo,backfill,2026-09-23T07:13:40Z
2026-09-18,PAHOL,1.1,1.1,1.02,1.05,399417890,borsapy_fallback_from_yahoo,backfill,2026-09-23T07:13:40Z
2026-09-18,PEKGY,8.54,8.54,8.54,8.54,2275777,borsapy_fallback_from_yahoo,backfill,2026-09-23T07:13:40Z
2026-09-18,SASA,2.39,2.41,2.26,2.35,2859108500,borsapy_fallback_from_yahoo,backfill,2026-09-23T07:13:40Z
2026-09-18,TEHOL,34.88,34.88,34.88,34.88,6047925,borsapy_fallback_from_yahoo,backfill,2026-09-23T07:13:40Z
2026-09-18,TSPOR,0.92,0.92,0.87,0.88,333362610,borsapy_fallback_from_yahoo,backfill,2026-09-23T07:13:40Z
2026-09-18,XU100,,,,13284.42,,borsapy_fallback_from_yahoo,backfill,2026-09-23T07:13:40Z
2026-09-21,AKBNK,70.7,72.55,69.7,72.45,192540353,borsapy_fallback_from_yahoo,backfill,2026-09-23T07:13:40Z
2026-09-21,CANTE,1.22,1.22,1.11,1.11,534681920,borsapy_fallback_from_yahoo,backfill,2026-09-23T07:13:40Z
2026-09-21,DUNYH,67.85,67.85,67.85,67.85,11071,borsapy_fallback_from_yahoo,backfill,2026-09-23T07:13:40Z
2026-09-21,GUBRF,437.5,444.5,423.25,443.5,4173252,borsapy_fallback_from_yahoo,backfill,2026-09-23T07:13:40Z
2026-09-21,ISCTR,13.24,13.57,13.07,13.56,624369010,borsapy_fallback_from_yahoo,backfill,2026-09-23T07:13:40Z
2026-09-21,PAHOL,1.05,1.06,0.95,1.02,442961190,borsapy_fallback_from_yahoo,backfill,2026-09-23T07:13:40Z
2026-09-21,SASA,2.35,2.36,2.25,2.31,3092862600,borsapy_fallback_from_yahoo,backfill,2026-09-23T07:13:40Z
2026-09-21,TSPOR,0.92,0.93,0.84,0.88,343650460,borsapy_fallback_from_yahoo,backfill,2026-09-23T07:13:40Z
2026-09-21,TUPRS,416.25,424.25,402,414.75,35753906,borsapy_fallback_from_yahoo,backfill,2026-09-23T07:13:40Z
2026-09-21,YKBNK,36.12,36.66,35.44,36.58,323655240,borsapy_fallback_from_yahoo,backfill,2026-09-23T07:13:40Z
2026-09-21,XU100,,,,13337.69,,borsapy_fallback_from_yahoo,backfill,2026-09-23T07:13:40Z
2026-09-22,ALTIN,74.18,74.53,74,74.15,14075150,borsapy_fallback_from_yahoo,backfill,2026-09-23T07:13:40Z
2026-09-22,BJKAS,1.56,1.9,1.56,1.85,907429140,borsapy_fallback_from_yahoo,backfill,2026-09-23T07:13:40Z
2026-09-22,CANTE,1.11,1.2,1.11,1.17,428117160,borsapy_fallback_from_yahoo,backfill,2026-09-23T07:13:40Z
2026-09-22,DMLKT,6.95,6.95,6.88,6.91,4063018,borsapy_fallback_from_yahoo,backfill,2026-09-23T07:13:40Z
2026-09-22,ISCTR,13.62,13.78,13.45,13.51,436173340,borsapy_fallback_from_yahoo,backfill,2026-09-23T07:13:40Z
2026-09-22,XU100,,,,13198.84,,borsapy_fallback_from_yahoo,backfill,2026-09-23T07:13:40Z
2026-09-23,GLCVY,46.56,46.56,46.56,46.56,5,borsapy_fallback_from_yahoo,acilis,2026-09-23T07:13:40Z
2026-09-23,GLRMK,147,147,147,147,50,borsapy_fallback_from_yahoo,acilis,2026-09-23T07:13:40Z
2026-09-23,GLRYH,2.02,2.02,2.02,2.02,15193,borsapy_fallback_from_yahoo,acilis,2026-09-23T07:13:40Z
2026-09-23,GLYHO,15.9,15.9,15.9,15.9,5,borsapy_fallback_from_yahoo,acilis,2026-09-23T07:13:40Z
2026-09-23,GMTAS,48,48,48,48,122,borsapy_fallback_from_yahoo,acilis,2026-09-23T07:13:40Z
2026-09-23,GOKNR,15.55,15.55,15.55,15.55,50,borsapy_fallback_from_yahoo,acilis,2026-09-23T07:13:40Z
2026-09-23,GOLDA,9.87,9.87,9.87,9.87,21,borsapy_fallback_from_yahoo,acilis,2026-09-23T07:13:40Z
2026-09-23,GOLTS,265,265,265,265,3,borsapy_fallback_from_yahoo,acilis,2026-09-23T07:13:40Z
2026-09-23,GOODY,2.34,2.34,2.34,2.34,1,borsapy_fallback_from_yahoo,acilis,2026-09-23T07:13:40Z
2026-09-23,GOZDE,20,20,20,20,2,borsapy_fallback_from_yahoo,acilis,2026-09-23T07:13:40Z
2026-09-23,GRNYO,8.15,8.15,8.15,8.15,7,borsapy_fallback_from_yahoo,acilis,2026-09-23T07:13:40Z
2026-09-23,GRSEL,279.25,279.25,279.25,279.25,7,borsapy_fallback_from_yahoo,acilis,2026-09-23T07:13:40Z
2026-09-23,GRTHO,117.3,117.3,117.3,117.3,2,borsapy_fallback_from_yahoo,acilis,2026-09-23T07:13:40Z
2026-09-23,GSDDE,12.41,12.41,12.41,12.41,6270,borsapy_fallback_from_yahoo,acilis,2026-09-23T07:13:40Z
2026-09-23,GSDHO,4.16,4.16,4.16,4.16,20918,borsapy_fallback_from_yahoo,acilis,2026-09-23T07:13:40Z
2026-09-23,GSRAY,0.91,0.91,0.91,0.91,849479,borsapy_fallback_from_yahoo,acilis,2026-09-23T07:13:40Z
2026-09-23,GUBRF,440,440,440,440,34769,borsapy_fallback_from_yahoo,acilis,2026-09-23T07:13:40Z
2026-09-23,GUNDG,390.75,390.75,390.75,390.75,90,borsapy_fallback_from_yahoo,acilis,2026-09-23T07:13:40Z
2026-09-23,GWIND,21.34,21.34,21.34,21.34,7231,borsapy_fallback_from_yahoo,acilis,2026-09-23T07:13:40Z
2026-09-23,GZNMI,36.02,36.02,36.02,36.02,2000,borsapy_fallback_from_yahoo,acilis,2026-09-23T07:13:40Z
2026-09-23,HALKB,46.72,46.72,46.72,46.72,80170,borsapy_fallback_from_yahoo,acilis,2026-09-23T07:13:40Z
2026-09-23,HATEK,10.46,10.46,10.46,10.46,1267,borsapy_fallback_from_yahoo,acilis,2026-09-23T07:13:40Z
2026-09-23,HATSN,31.94,31.94,31.94,31.94,1023049,borsapy_fallback_from_yahoo,acilis,2026-09-23T07:13:40Z
2026-09-23,HDFGS,1.13,1.13,1.13,1.13,888377,borsapy_fallback_from_yahoo,acilis,2026-09-23T07:13:40Z
2026-09-23,HEDEF,14.12,14.12,14.12,14.12,10688,borsapy_fallback_from_yahoo,acilis,2026-09-23T07:13:40Z
2026-09-23,HEKTS,2.29,2.29,2.29,2.29,1313570,borsapy_fallback_from_yahoo,acilis,2026-09-23T07:13:40Z
2026-09-23,HKTM,10.87,10.87,10.87,10.87,3107,borsapy_fallback_from_yahoo,acilis,2026-09-23T07:13:40Z
2026-09-23,HLGYO,4.19,4.19,4.19,4.19,181021,borsapy_fallback_from_yahoo,acilis,2026-09-23T07:13:40Z
2026-09-23,HOROZ,47.44,47.44,47.44,47.44,2326,borsapy_fallback_from_yahoo,acilis,2026-09-23T07:13:40Z
2026-09-23,HRKET,7.3,7.3,7.3,7.3,150690,borsapy_fallback_from_yahoo,acilis,2026-09-23T07:13:40Z
2026-09-23,HTTBT,31.28,31.28,31.28,31.28,451,borsapy_fallback_from_yahoo,acilis,2026-09-23T07:13:40Z
2026-09-23,HUBVC,1.7,1.7,1.7,1.7,30210,borsapy_fallback_from_yahoo,acilis,2026-09-23T07:13:40Z
2026-09-23,HUNER,4.15,4.15,4.15,4.15,284968,borsapy_fallback_from_yahoo,acilis,2026-09-23T07:13:40Z
2026-09-23,HURGZ,6.4,6.4,6.4,6.4,18179,borsapy_fallback_from_yahoo,acilis,2026-09-23T07:13:40Z
2026-09-23,ICBCT,16.56,16.56,16.56,16.56,4403,borsapy_fallback_from_yahoo,acilis,2026-09-23T07:13:40Z
2026-09-23,ICUGS,1.93,1.93,1.93,1.93,2612709,borsapy_fallback_from_yahoo,acilis,2026-09-23T07:13:40Z
2026-09-23,IDGYO,2.27,2.27,2.27,2.27,64059,borsapy_fallback_from_yahoo,acilis,2026-09-23T07:13:40Z
2026-09-23,IEYHO,122.4,122.4,122.4,122.4,513,borsapy_fallback_from_yahoo,acilis,2026-09-23T07:13:40Z
2026-09-23,IHAAS,34.92,34.92,34.92,34.92,1975,borsapy_fallback_from_yahoo,acilis,2026-09-23T07:13:40Z
2026-09-23,IHEVA,1.68,1.68,1.68,1.68,5519,borsapy_fallback_from_yahoo,acilis,2026-09-23T07:13:40Z
2026-09-23,IHGZT,1.06,1.06,1.06,1.06,14019,borsapy_fallback_from_yahoo,acilis,2026-09-23T07:13:40Z
2026-09-23,IHLAS,0.95,0.95,0.95,0.95,175364,borsapy_fallback_from_yahoo,acilis,2026-09-23T07:13:40Z
2026-09-23,IHLGM,1.34,1.34,1.34,1.34,21100,borsapy_fallback_from_yahoo,acilis,2026-09-23T07:13:40Z
2026-09-23,IHYAY,1.05,1.05,1.05,1.05,5044,borsapy_fallback_from_yahoo,acilis,2026-09-23T07:13:40Z
2026-09-23,IMASM,1.8,1.8,1.8,1.8,42790,borsapy_fallback_from_yahoo,acilis,2026-09-23T07:13:40Z
2026-09-23,INDES,10.79,10.79,10.79,10.79,2557,borsapy_fallback_from_yahoo,acilis,2026-09-23T07:13:40Z
2026-09-23,INFO,1.31,1.31,1.31,1.31,643797,borsapy_fallback_from_yahoo,acilis,2026-09-23T07:13:40Z
2026-09-23,INTEK,178.9,178.9,178.9,178.9,189,borsapy_fallback_from_yahoo,acilis,2026-09-23T07:13:40Z
2026-09-23,INTEM,217,217,217,217,100,borsapy_fallback_from_yahoo,acilis,2026-09-23T07:13:40Z
2026-09-23,INTET,52.5,52.5,52.5,52.5,20839,borsapy_fallback_from_yahoo,acilis,2026-09-23T07:13:40Z
2026-09-23,INVEO,6.26,6.26,6.26,6.26,2851,borsapy_fallback_from_yahoo,acilis,2026-09-23T07:13:40Z
2026-09-23,INVES,752.5,752.5,752.5,752.5,93,borsapy_fallback_from_yahoo,acilis,2026-09-23T07:13:40Z
2026-09-23,ISBIR,64,64,64,64,1195,borsapy_fallback_from_yahoo,acilis,2026-09-23T07:13:40Z
2026-09-23,ISCTR,13.52,13.52,13.52,13.52,1013589,borsapy_fallback_from_yahoo,acilis,2026-09-23T07:13:40Z
2026-09-23,ISDMR,62.4,62.4,62.4,62.4,9966,borsapy_fallback_from_yahoo,acilis,2026-09-23T07:13:40Z
2026-09-23,ISFIN,18.84,18.84,18.84,18.84,1335,borsapy_fallback_from_yahoo,acilis,2026-09-23T07:13:40Z
2026-09-23,ISGYO,25,25,25,25,15125,borsapy_fallback_from_yahoo,acilis,2026-09-23T07:13:40Z
2026-09-23,ISKPL,3.47,3.47,3.47,3.47,143528,borsapy_fallback_from_yahoo,acilis,2026-09-23T07:13:40Z
2026-09-23,ISMEN,33.7,33.7,33.7,33.7,11761,borsapy_fallback_from_yahoo,acilis,2026-09-23T07:13:40Z
2026-09-23,ISSEN,6.09,6.09,6.09,6.09,16,borsapy_fallback_from_yahoo,acilis,2026-09-23T07:13:40Z
2026-09-23,ISVEA,51.75,51.75,51.75,51.75,1920,borsapy_fallback_from_yahoo,acilis,2026-09-23T07:13:40Z
2026-09-23,IZENR,4.29,4.29,4.29,4.29,85227,borsapy_fallback_from_yahoo,acilis,2026-09-23T07:13:40Z
2026-09-23,IZFAS,27.14,27.14,27.14,27.14,9828,borsapy_fallback_from_yahoo,acilis,2026-09-23T07:13:40Z
2026-09-23,IZINV,33.1,33.1,33.1,33.1,1175,borsapy_fallback_from_yahoo,acilis,2026-09-23T07:13:40Z
2026-09-23,IZMDC,7.5,7.5,7.5,7.5,18468,borsapy_fallback_from_yahoo,acilis,2026-09-23T07:13:40Z
2026-09-23,JANTS,14.92,14.92,14.92,14.92,637,borsapy_fallback_from_yahoo,acilis,2026-09-23T07:13:40Z
2026-09-23,KAPLM,178.2,178.2,178.2,178.2,6727,borsapy_fallback_from_yahoo,acilis,2026-09-23T07:13:40Z
2026-09-23,KARCL,124,124,124,124,3215,borsapy_fallback_from_yahoo,acilis,2026-09-23T07:13:40Z
2026-09-23,KAREL,6.22,6.22,6.22,6.22,118384,borsapy_fallback_from_yahoo,acilis,2026-09-23T07:13:40Z
2026-09-23,KARSN,10.17,10.17,10.17,10.17,333970,borsapy_fallback_from_yahoo,acilis,2026-09-23T07:13:40Z
2026-09-23,KARTN,105,105,105,105,2250,borsapy_fallback_from_yahoo,acilis,2026-09-23T07:13:40Z
2026-09-23,KATMR,1.65,1.65,1.65,1.65,1217517,borsapy_fallback_from_yahoo,acilis,2026-09-23T07:13:40Z
2026-09-23,KAYSE,3.42,3.42,3.42,3.42,13488,borsapy_fallback_from_yahoo,acilis,2026-09-23T07:13:40Z
2026-09-23,KBORU,11.59,11.59,11.59,11.59,2160036,borsapy_fallback_from_yahoo,acilis,2026-09-23T07:13:40Z
2026-09-23,KCAER,11.55,11.55,11.55,11.55,28102,borsapy_fallback_from_yahoo,acilis,2026-09-23T07:13:40Z
2026-09-23,KCHOL,221,221,221,221,54868,borsapy_fallback_from_yahoo,acilis,2026-09-23T07:13:40Z
2026-09-23,KENT,296.25,296.25,296.25,296.25,377,borsapy_fallback_from_yahoo,acilis,2026-09-23T07:13:40Z
2026-09-23,KERVN,8.3,8.3,8.3,8.3,350422,borsapy_fallback_from_yahoo,acilis,2026-09-23T07:13:40Z
2026-09-23,KFEIN,6.44,6.44,6.44,6.44,9631,borsapy_fallback_from_yahoo,acilis,2026-09-23T07:13:40Z
2026-09-23,KGYO,8.61,8.61,8.61,8.61,15563,borsapy_fallback_from_yahoo,acilis,2026-09-23T07:13:40Z
2026-09-23,KIMMR,11.5,11.5,11.5,11.5,1085,borsapy_fallback_from_yahoo,acilis,2026-09-23T07:13:40Z
2026-09-23,KLGYO,4.13,4.13,4.13,4.13,32777,borsapy_fallback_from_yahoo,acilis,2026-09-23T07:13:40Z
2026-09-23,KLKIM,23.82,23.82,23.82,23.82,1706,borsapy_fallback_from_yahoo,acilis,2026-09-23T07:13:40Z
2026-09-23,KLMSN,23.02,23.02,23.02,23.02,15,borsapy_fallback_from_yahoo,acilis,2026-09-23T07:13:40Z
2026-09-23,KLNMA,8.35,8.35,8.35,8.35,14010,borsapy_fallback_from_yahoo,acilis,2026-09-23T07:13:40Z
2026-09-23,KLRHO,30.9,30.9,30.9,30.9,74330,borsapy_fallback_from_yahoo,acilis,2026-09-23T07:13:40Z
2026-09-23,KLSER,20.44,20.44,20.44,20.44,2230,borsapy_fallback_from_yahoo,acilis,2026-09-23T07:13:40Z
2026-09-23,KLSYN,13.9,13.9,13.9,13.9,2549,borsapy_fallback_from_yahoo,acilis,2026-09-23T07:13:40Z
2026-09-23,KLYPV,56,56,56,56,3868,borsapy_fallback_from_yahoo,acilis,2026-09-23T07:13:40Z
2026-09-23,KMPUR,15.6,15.6,15.6,15.6,22009,borsapy_fallback_from_yahoo,acilis,2026-09-23T07:13:40Z
2026-09-23,KNFRT,10.98,10.98,10.98,10.98,18102,borsapy_fallback_from_yahoo,acilis,2026-09-23T07:13:40Z
2026-09-23,KOCMT,2.31,2.31,2.31,2.31,11157227,borsapy_fallback_from_yahoo,acilis,2026-09-23T07:13:40Z
2026-09-23,KONKA,7.9,7.9,7.9,7.9,1003,borsapy_fallback_from_yahoo,acilis,2026-09-23T07:13:40Z
2026-09-23,KONTR,2.09,2.09,2.09,2.09,1407798,borsapy_fallback_from_yahoo,acilis,2026-09-23T07:13:40Z
2026-09-23,KONYA,3705,3705,3705,3705,35,borsapy_fallback_from_yahoo,acilis,2026-09-23T07:13:40Z
2026-09-23,KOPOL,3.64,3.64,3.64,3.64,14596,borsapy_fallback_from_yahoo,acilis,2026-09-23T07:13:40Z
2026-09-23,KORDS,3.2,3.2,3.2,3.2,53639,borsapy_fallback_from_yahoo,acilis,2026-09-23T07:13:40Z
2026-09-23,KOTON,11.15,11.15,11.15,11.15,9282,borsapy_fallback_from_yahoo,acilis,2026-09-23T07:13:40Z
2026-09-23,KPEKS,60.25,60.25,60.25,60.25,448803,borsapy_fallback_from_yahoo,acilis,2026-09-23T07:13:40Z
2026-09-23,KRDMA,42.32,42.32,42.32,42.32,25441,borsapy_fallback_from_yahoo,acilis,2026-09-23T07:13:40Z
2026-09-23,KRDMB,64.4,64.4,64.4,64.4,7202,borsapy_fallback_from_yahoo,acilis,2026-09-23T07:13:40Z
2026-09-23,KRDMD,45.28,45.28,45.28,45.28,125455,borsapy_fallback_from_yahoo,acilis,2026-09-23T07:13:40Z
2026-09-23,KRGYO,3.3,3.3,3.3,3.3,13464,borsapy_fallback_from_yahoo,acilis,2026-09-23T07:13:40Z
2026-09-23,KRONT,19.39,19.39,19.39,19.39,554,borsapy_fallback_from_yahoo,acilis,2026-09-23T07:13:40Z
2026-09-23,KRPLS,11.75,11.75,11.75,11.75,3061,borsapy_fallback_from_yahoo,acilis,2026-09-23T07:13:40Z
2026-09-23,KRSTL,8.03,8.03,8.03,8.03,6508,borsapy_fallback_from_yahoo,acilis,2026-09-23T07:13:40Z
2026-09-23,KRTEK,5.72,5.72,5.72,5.72,8984,borsapy_fallback_from_yahoo,acilis,2026-09-23T07:13:40Z
2026-09-23,KRVGD,2.13,2.13,2.13,2.13,37262,borsapy_fallback_from_yahoo,acilis,2026-09-23T07:13:40Z
2026-09-23,KSTUR,2100,2100,2100,2100,88,borsapy_fallback_from_yahoo,acilis,2026-09-23T07:13:40Z
2026-09-23,KTLEV,16.24,16.24,16.24,16.24,62266,borsapy_fallback_from_yahoo,acilis,2026-09-23T07:13:40Z
2026-09-23,KTSKR,63.6,63.6,63.6,63.6,6,borsapy_fallback_from_yahoo,acilis,2026-09-23T07:13:40Z
2026-09-23,KUTPO,72.4,72.4,72.4,72.4,10,borsapy_fallback_from_yahoo,acilis,2026-09-23T07:13:40Z
2026-09-23,KUVVA,103.6,103.6,103.6,103.6,1537,borsapy_fallback_from_yahoo,acilis,2026-09-23T07:13:40Z
2026-09-23,KUYAS,37.1,37.1,37.1,37.1,5455,borsapy_fallback_from_yahoo,acilis,2026-09-23T07:13:40Z
2026-09-23,KZBGY,1.49,1.49,1.49,1.49,101728,borsapy_fallback_from_yahoo,acilis,2026-09-23T07:13:40Z
2026-09-23,KZGYO,15.38,15.38,15.38,15.38,60177,borsapy_fallback_from_yahoo,acilis,2026-09-23T07:13:40Z
2026-09-23,LIDER,11.52,11.52,11.52,11.52,44968,borsapy_fallback_from_yahoo,acilis,2026-09-23T07:13:40Z
2026-09-23,LIDFA,1.63,1.63,1.63,1.63,16665,borsapy_fallback_from_yahoo,acilis,2026-09-23T07:13:40Z
2026-09-23,LILAK,26,26,26,26,15695,borsapy_fallback_from_yahoo,acilis,2026-09-23T07:13:40Z
2026-09-23,LINK,4.25,4.25,4.25,4.25,59355,borsapy_fallback_from_yahoo,acilis,2026-09-23T07:13:40Z
2026-09-23,LKMNH,12.25,12.25,12.25,12.25,1164,borsapy_fallback_from_yahoo,acilis,2026-09-23T07:13:40Z
2026-09-23,LMKDC,22.8,22.8,22.8,22.8,28028,borsapy_fallback_from_yahoo,acilis,2026-09-23T07:13:40Z
2026-09-23,LOGO,146.2,146.2,146.2,146.2,1177,borsapy_fallback_from_yahoo,acilis,2026-09-23T07:13:40Z
2026-09-23,LRSHO,2.07,2.07,2.07,2.07,10652,borsapy_fallback_from_yahoo,acilis,2026-09-23T07:13:40Z
2026-09-23,LUKSK,67.5,67.5,67.5,67.5,1,borsapy_fallback_from_yahoo,acilis,2026-09-23T07:13:40Z
2026-09-23,LXGYO,7.04,7.04,7.04,7.04,54385,borsapy_fallback_from_yahoo,acilis,2026-09-23T07:13:40Z
2026-09-23,LYDHO,68.6,68.6,68.6,68.6,28973,borsapy_fallback_from_yahoo,acilis,2026-09-23T07:13:40Z
2026-09-23,LYDYE,6810,6810,6810,6810,71,borsapy_fallback_from_yahoo,acilis,2026-09-23T07:13:40Z
2026-09-23,MAALT,917,917,917,917,15,borsapy_fallback_from_yahoo,acilis,2026-09-23T07:13:40Z
2026-09-23,MACKO,28.06,28.06,28.06,28.06,1241,borsapy_fallback_from_yahoo,acilis,2026-09-23T07:13:40Z
2026-09-23,MAGEN,19.88,19.88,19.88,19.88,512269,borsapy_fallback_from_yahoo,acilis,2026-09-23T07:13:40Z
2026-09-23,MAKIM,12.5,12.5,12.5,12.5,52,borsapy_fallback_from_yahoo,acilis,2026-09-23T07:13:40Z
2026-09-23,MAKTK,7.44,7.44,7.44,7.44,5139,borsapy_fallback_from_yahoo,acilis,2026-09-23T07:13:40Z
2026-09-23,MANAS,17.8,17.8,17.8,17.8,12401,borsapy_fallback_from_yahoo,acilis,2026-09-23T07:13:40Z
2026-09-23,MARBL,10.11,10.11,10.11,10.11,565,borsapy_fallback_from_yahoo,acilis,2026-09-23T07:13:40Z
2026-09-23,MARMR,1.62,1.62,1.62,1.62,60691,borsapy_fallback_from_yahoo,acilis,2026-09-23T07:13:40Z
2026-09-23,MARTI,1.63,1.63,1.63,1.63,196851,borsapy_fallback_from_yahoo,acilis,2026-09-23T07:13:40Z
2026-09-23,MASFN,38.92,38.92,38.92,38.92,9285,borsapy_fallback_from_yahoo,acilis,2026-09-23T07:13:40Z
2026-09-23,MAVI,38.5,38.5,38.5,38.5,9869,borsapy_fallback_from_yahoo,acilis,2026-09-23T07:13:40Z
2026-09-23,MCARD,101.2,101.2,101.2,101.2,5416,borsapy_fallback_from_yahoo,acilis,2026-09-23T07:13:40Z
2026-09-23,MEDTR,20.18,20.18,20.18,20.18,1624,borsapy_fallback_from_yahoo,acilis,2026-09-23T07:13:40Z
2026-09-23,MEGAP,1.38,1.38,1.38,1.38,121509,borsapy_fallback_from_yahoo,acilis,2026-09-23T07:13:40Z
2026-09-23,MEGMT,3.27,3.27,3.27,3.27,122062,borsapy_fallback_from_yahoo,acilis,2026-09-23T07:13:40Z
2026-09-23,MEKAG,2.36,2.36,2.36,2.36,45478,borsapy_fallback_from_yahoo,acilis,2026-09-23T07:13:40Z
2026-09-23,MEPET,19.91,19.91,19.91,19.91,13472,borsapy_fallback_from_yahoo,acilis,2026-09-23T07:13:40Z
2026-09-23,MERCN,14.76,14.76,14.76,14.76,11975,borsapy_fallback_from_yahoo,acilis,2026-09-23T07:13:40Z
2026-09-23,MERIT,14.61,14.61,14.61,14.61,379,borsapy_fallback_from_yahoo,acilis,2026-09-23T07:13:40Z
2026-09-23,MERKO,1.02,1.02,1.02,1.02,36039,borsapy_fallback_from_yahoo,acilis,2026-09-23T07:13:40Z
2026-09-23,METEN,18.39,18.39,18.39,18.39,20522,borsapy_fallback_from_yahoo,acilis,2026-09-23T07:13:40Z
2026-09-23,METRO,6.53,6.53,6.53,6.53,87106,borsapy_fallback_from_yahoo,acilis,2026-09-23T07:13:40Z
2026-09-23,MEYSU,8.36,8.36,8.36,8.36,108006,borsapy_fallback_from_yahoo,acilis,2026-09-23T07:13:40Z
2026-09-23,MGROS,539,539,539,539,32958,borsapy_fallback_from_yahoo,acilis,2026-09-23T07:13:40Z
2026-09-23,MHRGY,1.91,1.91,1.91,1.91,3227,borsapy_fallback_from_yahoo,acilis,2026-09-23T07:13:40Z
2026-09-23,MIATK,18.47,18.47,18.47,18.47,395947,borsapy_fallback_from_yahoo,acilis,2026-09-23T07:13:40Z
2026-09-23,MMCAS,20.7,20.7,20.7,20.7,39295,borsapy_fallback_from_yahoo,acilis,2026-09-23T07:13:40Z
2026-09-23,MNDRS,10.18,10.18,10.18,10.18,2679,borsapy_fallback_from_yahoo,acilis,2026-09-23T07:13:40Z
2026-09-23,MNDTR,4.41,4.41,4.41,4.41,100,borsapy_fallback_from_yahoo,acilis,2026-09-23T07:13:40Z
2026-09-23,MOBTL,9.77,9.77,9.77,9.77,904,borsapy_fallback_from_yahoo,acilis,2026-09-23T07:13:40Z
2026-09-23,MOGAN,9.14,9.14,9.14,9.14,72856,borsapy_fallback_from_yahoo,acilis,2026-09-23T07:13:40Z
2026-09-23,MOPAS,20.8,20.8,20.8,20.8,1953,borsapy_fallback_from_yahoo,acilis,2026-09-23T07:13:40Z
2026-09-23,MPARK,438.75,438.75,438.75,438.75,434,borsapy_fallback_from_yahoo,acilis,2026-09-23T07:13:40Z
2026-09-23,MRGYO,1.27,1.27,1.27,1.27,2408122,borsapy_fallback_from_yahoo,acilis,2026-09-23T07:13:40Z
2026-09-23,MRSHL,1500,1500,1500,1500,44,borsapy_fallback_from_yahoo,acilis,2026-09-23T07:13:40Z
2026-09-23,MSGYO,5.1,5.1,5.1,5.1,4198,borsapy_fallback_from_yahoo,acilis,2026-09-23T07:13:40Z
2026-09-23,MTRKS,23.24,23.24,23.24,23.24,1122,borsapy_fallback_from_yahoo,acilis,2026-09-23T07:13:40Z
2026-09-23,MTRYO,8.85,8.85,8.85,8.85,190,borsapy_fallback_from_yahoo,acilis,2026-09-23T07:13:40Z
2026-09-23,MZHLD,4.78,4.78,4.78,4.78,294,borsapy_fallback_from_yahoo,acilis,2026-09-23T07:13:40Z
2026-09-23,NATEN,4.48,4.48,4.48,4.48,3025,borsapy_fallback_from_yahoo,acilis,2026-09-23T07:13:40Z
2026-09-23,NETAS,75.4,75.4,75.4,75.4,579,borsapy_fallback_from_yahoo,acilis,2026-09-23T07:13:40Z
2026-09-23,NETCD,90.05,90.05,90.05,90.05,4352,borsapy_fallback_from_yahoo,acilis,2026-09-23T07:13:40Z
2026-09-23,NETGL,27.52,27.52,27.52,27.52,66272,borsapy_fallback_from_yahoo,acilis,2026-09-23T07:13:40Z
2026-09-23,NIBAS,3.28,3.28,3.28,3.28,49891,borsapy_fallback_from_yahoo,acilis,2026-09-23T07:13:40Z
2026-09-23,NTGAZ,10.66,10.66,10.66,10.66,3545,borsapy_fallback_from_yahoo,acilis,2026-09-23T07:13:40Z
2026-09-23,NTHOL,39.5,39.5,39.5,39.5,958,borsapy_fallback_from_yahoo,acilis,2026-09-23T07:13:40Z
2026-09-23,NUGYO,8,8,8,8,43,borsapy_fallback_from_yahoo,acilis,2026-09-23T07:13:40Z
2026-09-23,NUHCM,206.2,206.2,206.2,206.2,99,borsapy_fallback_from_yahoo,acilis,2026-09-23T07:13:40Z
2026-09-23,OBAMS,4.35,4.35,4.35,4.35,133549,borsapy_fallback_from_yahoo,acilis,2026-09-23T07:13:40Z
2026-09-23,OBASE,28.94,28.94,28.94,28.94,985,borsapy_fallback_from_yahoo,acilis,2026-09-23T07:13:40Z
2026-09-23,ODAS,6.65,6.65,6.65,6.65,109569,borsapy_fallback_from_yahoo,acilis,2026-09-23T07:13:40Z
2026-09-23,ODINE,337.5,337.5,337.5,337.5,170,borsapy_fallback_from_yahoo,acilis,2026-09-23T07:13:40Z
2026-09-23,OFSYM,60,60,60,60,793,borsapy_fallback_from_yahoo,acilis,2026-09-23T07:13:40Z
2026-09-23,ONCSM,84.35,84.35,84.35,84.35,30762,borsapy_fallback_from_yahoo,acilis,2026-09-23T07:13:40Z
2026-09-23,ONRYT,11.07,11.07,11.07,11.07,2773,borsapy_fallback_from_yahoo,acilis,2026-09-23T07:13:40Z
2026-09-23,ORCAY,2.62,2.62,2.62,2.62,7343,borsapy_fallback_from_yahoo,acilis,2026-09-23T07:13:40Z
2026-09-23,ORGE,22.8,22.8,22.8,22.8,14831,borsapy_fallback_from_yahoo,acilis,2026-09-23T07:13:40Z
2026-09-23,ORMA,120.2,120.2,120.2,120.2,60,borsapy_fallback_from_yahoo,acilis,2026-09-23T07:13:40Z
2026-09-23,ORZAX,76.1,76.1,76.1,76.1,13571,borsapy_fallback_from_yahoo,acilis,2026-09-23T07:13:40Z
2026-09-23,OSMEN,5.49,5.49,5.49,5.49,8752,borsapy_fallback_from_yahoo,acilis,2026-09-23T07:13:40Z
2026-09-23,OSTIM,1.4,1.4,1.4,1.4,9750,borsapy_fallback_from_yahoo,acilis,2026-09-23T07:13:40Z
2026-09-23,OTKAR,307.75,307.75,307.75,307.75,601,borsapy_fallback_from_yahoo,acilis,2026-09-23T07:13:40Z
2026-09-23,OTTO,94.9,94.9,94.9,94.9,439,borsapy_fallback_from_yahoo,acilis,2026-09-23T07:13:40Z
2026-09-23,OYAKC,21.18,21.18,21.18,21.18,21604,borsapy_fallback_from_yahoo,acilis,2026-09-23T07:13:40Z
2026-09-23,OYAYO,36.82,36.82,36.82,36.82,116,borsapy_fallback_from_yahoo,acilis,2026-09-23T07:13:40Z
2026-09-23,OYLUM,6.3,6.3,6.3,6.3,1850,borsapy_fallback_from_yahoo,acilis,2026-09-23T07:13:40Z
2026-09-23,OYYAT,31.8,31.8,31.8,31.8,22456,borsapy_fallback_from_yahoo,acilis,2026-09-23T07:13:40Z
2026-09-23,OZATD,2652.5,2652.5,2652.5,2652.5,2,borsapy_fallback_from_yahoo,acilis,2026-09-23T07:13:40Z
2026-09-23,OZGYO,1.76,1.76,1.76,1.76,18013,borsapy_fallback_from_yahoo,acilis,2026-09-23T07:13:40Z
2026-09-23,OZKGY,12.37,12.37,12.37,12.37,1003,borsapy_fallback_from_yahoo,acilis,2026-09-23T07:13:40Z
2026-09-23,OZRDN,22.8,22.8,22.8,22.8,997,borsapy_fallback_from_yahoo,acilis,2026-09-23T07:13:40Z
2026-09-23,OZSUB,41.02,41.02,41.02,41.02,5573,borsapy_fallback_from_yahoo,acilis,2026-09-23T07:13:40Z
2026-09-23,OZYSR,11.22,11.22,11.22,11.22,924,borsapy_fallback_from_yahoo,acilis,2026-09-23T07:13:40Z
2026-09-23,PAGYO,124.5,124.5,124.5,124.5,150,borsapy_fallback_from_yahoo,acilis,2026-09-23T07:13:40Z
2026-09-23,PAHOL,1.03,1.03,1.03,1.03,568709,borsapy_fallback_from_yahoo,acilis,2026-09-23T07:13:40Z
2026-09-23,PAMEL,52.05,52.05,52.05,52.05,476,borsapy_fallback_from_yahoo,acilis,2026-09-23T07:13:40Z
2026-09-23,PAPIL,9.38,9.38,9.38,9.38,15608,borsapy_fallback_from_yahoo,acilis,2026-09-23T07:13:40Z
2026-09-23,PARSN,63,63,63,63,206,borsapy_fallback_from_yahoo,acilis,2026-09-23T07:13:40Z
2026-09-23,PASEU,40.46,40.46,40.46,40.46,10001,borsapy_fallback_from_yahoo,acilis,2026-09-23T07:13:40Z
2026-09-23,PATEK,17.08,17.08,17.08,17.08,35848,borsapy_fallback_from_yahoo,acilis,2026-09-23T07:13:40Z
2026-09-23,PCILT,31.08,31.08,31.08,31.08,1556,borsapy_fallback_from_yahoo,acilis,2026-09-23T07:13:40Z
2026-09-23,PEKGY,6.24,6.24,6.24,6.24,10168,borsapy_fallback_from_yahoo,acilis,2026-09-23T07:13:40Z
2026-09-23,PENGD,7.94,7.94,7.94,7.94,2106,borsapy_fallback_from_yahoo,acilis,2026-09-23T07:13:40Z
2026-09-23,PENTA,10.75,10.75,10.75,10.75,2148,borsapy_fallback_from_yahoo,acilis,2026-09-23T07:13:40Z
2026-09-23,PETKM,21.02,21.02,21.02,21.02,208694,borsapy_fallback_from_yahoo,acilis,2026-09-23T07:13:40Z
2026-09-23,PETUN,10.56,10.56,10.56,10.56,2500,borsapy_fallback_from_yahoo,acilis,2026-09-23T07:13:40Z
2026-09-23,PGSUS,151.6,151.6,151.6,151.6,31843,borsapy_fallback_from_yahoo,acilis,2026-09-23T07:13:40Z
2026-09-23,PINSU,9,9,9,9,1644,borsapy_fallback_from_yahoo,acilis,2026-09-23T07:13:40Z
2026-09-23,PKART,90.75,90.75,90.75,90.75,74,borsapy_fallback_from_yahoo,acilis,2026-09-23T07:13:40Z
2026-09-23,PKENT,102.2,102.2,102.2,102.2,76,borsapy_fallback_from_yahoo,acilis,2026-09-23T07:13:40Z
2026-09-23,PLTUR,16.9,16.9,16.9,16.9,717,borsapy_fallback_from_yahoo,acilis,2026-09-23T07:13:40Z
2026-09-23,PNLSN,34.46,34.46,34.46,34.46,462,borsapy_fallback_from_yahoo,acilis,2026-09-23T07:13:40Z
2026-09-23,PNSUT,10.4,10.4,10.4,10.4,2596,borsapy_fallback_from_yahoo,acilis,2026-09-23T07:13:40Z
2026-09-23,POLHO,17.86,17.86,17.86,17.86,11565,borsapy_fallback_from_yahoo,acilis,2026-09-23T07:13:40Z
2026-09-23,POLTK,3312.5,3312.5,3312.5,3312.5,1,borsapy_fallback_from_yahoo,acilis,2026-09-23T07:13:40Z
2026-09-23,PRDGS,4.15,4.15,4.15,4.15,17332,borsapy_fallback_from_yahoo,acilis,2026-09-23T07:13:40Z
2026-09-23,PRKAB,27.36,27.36,27.36,27.36,1420,borsapy_fallback_from_yahoo,acilis,2026-09-23T07:13:40Z
2026-09-23,PRKME,16.36,16.36,16.36,16.36,14974,borsapy_fallback_from_yahoo,acilis,2026-09-23T07:13:40Z
2026-09-23,PRZMA,37.2,37.2,37.2,37.2,1116,borsapy_fallback_from_yahoo,acilis,2026-09-23T07:13:40Z
2026-09-23,PSDTC,102.7,102.7,102.7,102.7,3170,borsapy_fallback_from_yahoo,acilis,2026-09-23T07:13:40Z
2026-09-23,PSGYO,2.08,2.08,2.08,2.08,78503,borsapy_fallback_from_yahoo,acilis,2026-09-23T07:13:40Z
2026-09-23,QNBFK,36.56,36.56,36.56,36.56,741,borsapy_fallback_from_yahoo,acilis,2026-09-23T07:13:40Z
2026-09-23,QNBTR,164.4,164.4,164.4,164.4,397,borsapy_fallback_from_yahoo,acilis,2026-09-23T07:13:40Z
2026-09-23,QUAGR,2.35,2.35,2.35,2.35,18116,borsapy_fallback_from_yahoo,acilis,2026-09-23T07:13:40Z
2026-09-23,QUICK,51.7,51.7,51.7,51.7,5751,borsapy_fallback_from_yahoo,acilis,2026-09-23T07:13:40Z
2026-09-23,RALYH,144.4,144.4,144.4,144.4,430,borsapy_fallback_from_yahoo,acilis,2026-09-23T07:13:40Z
2026-09-23,RAYSG,134.9,134.9,134.9,134.9,34,borsapy_fallback_from_yahoo,acilis,2026-09-23T07:13:40Z
2026-09-23,REEDR,4.12,4.12,4.12,4.12,27305,borsapy_fallback_from_yahoo,acilis,2026-09-23T07:13:40Z
2026-09-23,RGYAS,201.5,201.5,201.5,201.5,7143,borsapy_fallback_from_yahoo,acilis,2026-09-23T07:13:40Z
2026-09-23,RNPOL,2,2,2,2,6168,borsapy_fallback_from_yahoo,acilis,2026-09-23T07:13:40Z
2026-09-23,RODRG,18.19,18.19,18.19,18.19,975,borsapy_fallback_from_yahoo,acilis,2026-09-23T07:13:40Z
2026-09-23,RTALB,2.15,2.15,2.15,2.15,85298,borsapy_fallback_from_yahoo,acilis,2026-09-23T07:13:40Z
2026-09-23,RUBNS,23.64,23.64,23.64,23.64,3027,borsapy_fallback_from_yahoo,acilis,2026-09-23T07:13:40Z
2026-09-23,RUZYE,5.53,5.53,5.53,5.53,46694,borsapy_fallback_from_yahoo,acilis,2026-09-23T07:13:40Z
2026-09-23,RYGYO,48.62,48.62,48.62,48.62,2116,borsapy_fallback_from_yahoo,acilis,2026-09-23T07:13:40Z
2026-09-23,RYSAS,26.42,26.42,26.42,26.42,36940,borsapy_fallback_from_yahoo,acilis,2026-09-23T07:13:40Z
2026-09-23,SAFKR,11.24,11.24,11.24,11.24,4622,borsapy_fallback_from_yahoo,acilis,2026-09-23T07:13:40Z
2026-09-23,SAHOL,91.2,91.2,91.2,91.2,58979,borsapy_fallback_from_yahoo,acilis,2026-09-23T07:13:40Z
2026-09-23,SAMAT,4.59,4.59,4.59,4.59,16906,borsapy_fallback_from_yahoo,acilis,2026-09-23T07:13:40Z
2026-09-23,SANEL,40.58,40.58,40.58,40.58,1992,borsapy_fallback_from_yahoo,acilis,2026-09-23T07:13:40Z
2026-09-23,SANFM,5.34,5.34,5.34,5.34,91681,borsapy_fallback_from_yahoo,acilis,2026-09-23T07:13:40Z
2026-09-23,SANKO,18.57,18.57,18.57,18.57,283,borsapy_fallback_from_yahoo,acilis,2026-09-23T07:13:40Z
2026-09-23,SARAE,50.6,50.6,50.6,50.6,49605,borsapy_fallback_from_yahoo,acilis,2026-09-23T07:13:40Z
2026-09-23,SARKY,22.12,22.12,22.12,22.12,7592,borsapy_fallback_from_yahoo,acilis,2026-09-23T07:13:40Z
2026-09-23,SASA,2.3,2.3,2.3,2.3,14601349,borsapy_fallback_from_yahoo,acilis,2026-09-23T07:13:40Z
2026-09-23,SAYAS,47.56,47.56,47.56,47.56,4149,borsapy_fallback_from_yahoo,acilis,2026-09-23T07:13:40Z
2026-09-23,SDTTR,17.56,17.56,17.56,17.56,7331,borsapy_fallback_from_yahoo,acilis,2026-09-23T07:13:40Z
2026-09-23,SEGMN,25.44,25.44,25.44,25.44,107903,borsapy_fallback_from_yahoo,acilis,2026-09-23T07:13:40Z
2026-09-23,SEGYO,3,3,3,3,239722,borsapy_fallback_from_yahoo,acilis,2026-09-23T07:13:40Z
2026-09-23,SEKFK,4,4,4,4,1641,borsapy_fallback_from_yahoo,acilis,2026-09-23T07:13:40Z
2026-09-23,SEKUR,4.85,4.85,4.85,4.85,69084,borsapy_fallback_from_yahoo,acilis,2026-09-23T07:13:40Z
2026-09-23,SELEC,155.4,155.4,155.4,155.4,319,borsapy_fallback_from_yahoo,acilis,2026-09-23T07:13:40Z
2026-09-23,SELVA,1.25,1.25,1.25,1.25,9298,borsapy_fallback_from_yahoo,acilis,2026-09-23T07:13:40Z
2026-09-23,SERNT,5.94,5.94,5.94,5.94,28288,borsapy_fallback_from_yahoo,acilis,2026-09-23T07:13:40Z
2026-09-23,SEYKM,3.16,3.16,3.16,3.16,8351,borsapy_fallback_from_yahoo,acilis,2026-09-23T07:13:40Z
2026-09-23,SILVR,1.8,1.8,1.8,1.8,9001,borsapy_fallback_from_yahoo,acilis,2026-09-23T07:13:40Z
2026-09-23,SISE,40.38,40.38,40.38,40.38,86555,borsapy_fallback_from_yahoo,acilis,2026-09-23T07:13:40Z
2026-09-23,SKBNK,5.61,5.61,5.61,5.61,107065,borsapy_fallback_from_yahoo,acilis,2026-09-23T07:13:40Z
2026-09-23,SKTAS,2.7,2.7,2.7,2.7,7346,borsapy_fallback_from_yahoo,acilis,2026-09-23T07:13:40Z
2026-09-23,SKYLP,84.05,84.05,84.05,84.05,770,borsapy_fallback_from_yahoo,acilis,2026-09-23T07:13:40Z
2026-09-23,SKYMD,14.77,14.77,14.77,14.77,3441,borsapy_fallback_from_yahoo,acilis,2026-09-23T07:13:40Z
2026-09-23,SMART,18.84,18.84,18.84,18.84,10483,borsapy_fallback_from_yahoo,acilis,2026-09-23T07:13:40Z
2026-09-23,SMRTG,5.56,5.56,5.56,5.56,41668,borsapy_fallback_from_yahoo,acilis,2026-09-23T07:13:40Z
2026-09-23,SMRVA,7.83,7.83,7.83,7.83,12370,borsapy_fallback_from_yahoo,acilis,2026-09-23T07:13:40Z
2026-09-23,SNGYO,2.85,2.85,2.85,2.85,185321,borsapy_fallback_from_yahoo,acilis,2026-09-23T07:13:40Z
2026-09-23,SNICA,2.58,2.58,2.58,2.58,4467,borsapy_fallback_from_yahoo,acilis,2026-09-23T07:13:40Z
2026-09-23,SNPAM,18.56,18.56,18.56,18.56,745,borsapy_fallback_from_yahoo,acilis,2026-09-23T07:13:40Z
2026-09-23,SODSN,6.1,6.1,6.1,6.1,5487,borsapy_fallback_from_yahoo,acilis,2026-09-23T07:13:40Z
2026-09-23,SOHOE,8.57,8.57,8.57,8.57,9947,borsapy_fallback_from_yahoo,acilis,2026-09-23T07:13:40Z
2026-09-23,SOKE,8.15,8.15,8.15,8.15,13982,borsapy_fallback_from_yahoo,acilis,2026-09-23T07:13:40Z
2026-09-23,SOKM,57.6,57.6,57.6,57.6,4964,borsapy_fallback_from_yahoo,acilis,2026-09-23T07:13:40Z
2026-09-23,SONME,125.6,125.6,125.6,125.6,100,borsapy_fallback_from_yahoo,acilis,2026-09-23T07:13:40Z
2026-09-23,SRVGY,2.18,2.18,2.18,2.18,14389,borsapy_fallback_from_yahoo,acilis,2026-09-23T07:13:40Z
2026-09-23,SSAAT,29.36,29.36,29.36,29.36,3961,borsapy_fallback_from_yahoo,acilis,2026-09-23T07:13:40Z
2026-09-23,SUMAS,215.2,215.2,215.2,215.2,247,borsapy_fallback_from_yahoo,acilis,2026-09-23T07:13:40Z
2026-09-23,SUNTK,27.18,27.18,27.18,27.18,43,borsapy_fallback_from_yahoo,acilis,2026-09-23T07:13:40Z
2026-09-23,SURGY,23.6,23.6,23.6,23.6,1506,borsapy_fallback_from_yahoo,acilis,2026-09-23T07:13:40Z
2026-09-23,SUWEN,5.38,5.38,5.38,5.38,1042,borsapy_fallback_from_yahoo,acilis,2026-09-23T07:13:40Z
2026-09-23,SVGYO,8.28,8.28,8.28,8.28,1210,borsapy_fallback_from_yahoo,acilis,2026-09-23T07:13:40Z
2026-09-23,TABGD,227.5,227.5,227.5,227.5,1445,borsapy_fallback_from_yahoo,acilis,2026-09-23T07:13:40Z
2026-09-23,TARKM,410,410,410,410,101,borsapy_fallback_from_yahoo,acilis,2026-09-23T07:13:40Z
2026-09-23,TATEN,5.12,5.12,5.12,5.12,37243,borsapy_fallback_from_yahoo,acilis,2026-09-23T07:13:40Z
2026-09-23,TATGD,17,17,17,17,463,borsapy_fallback_from_yahoo,acilis,2026-09-23T07:13:40Z
2026-09-23,TAVHL,277.75,277.75,277.75,277.75,4733,borsapy_fallback_from_yahoo,acilis,2026-09-23T07:13:40Z
2026-09-23,TBORG,129.3,129.3,129.3,129.3,51,borsapy_fallback_from_yahoo,acilis,2026-09-23T07:13:40Z
2026-09-23,TCELL,100.5,100.5,100.5,100.5,42654,borsapy_fallback_from_yahoo,acilis,2026-09-23T07:13:40Z
2026-09-23,TCKRC,121.5,121.5,121.5,121.5,3013,borsapy_fallback_from_yahoo,acilis,2026-09-23T07:13:40Z
2026-09-23,TDGYO,10.9,10.9,10.9,10.9,14491,borsapy_fallback_from_yahoo,acilis,2026-09-23T07:13:40Z
2026-09-23,TEHOL,25.44,25.44,25.44,25.44,1664,borsapy_fallback_from_yahoo,acilis,2026-09-23T07:13:40Z
2026-09-23,TEKTU,5.2,5.2,5.2,5.2,3211,borsapy_fallback_from_yahoo,acilis,2026-09-23T07:13:40Z
2026-09-23,TERA,119.2,119.2,119.2,119.2,786,borsapy_fallback_from_yahoo,acilis,2026-09-23T07:13:40Z
2026-09-23,TEZOL,7.9,7.9,7.9,7.9,425,borsapy_fallback_from_yahoo,acilis,2026-09-23T07:13:40Z
2026-09-23,TGSAS,105.3,105.3,105.3,105.3,6591,borsapy_fallback_from_yahoo,acilis,2026-09-23T07:13:40Z
2026-09-23,THYAO,298.75,298.75,298.75,298.75,180386,borsapy_fallback_from_yahoo,acilis,2026-09-23T07:13:40Z
2026-09-23,TKFEN,245.2,245.2,245.2,245.2,16793,borsapy_fallback_from_yahoo,acilis,2026-09-23T07:13:40Z
2026-09-23,TKNKA,83.4,83.4,83.4,83.4,675,borsapy_fallback_from_yahoo,acilis,2026-09-23T07:13:40Z
2026-09-23,TKNSA,15.1,15.1,15.1,15.1,2139,borsapy_fallback_from_yahoo,acilis,2026-09-23T07:13:40Z
2026-09-23,TLMAN,67.55,67.55,67.55,67.55,110,borsapy_fallback_from_yahoo,acilis,2026-09-23T07:13:40Z
2026-09-23,TMPOL,153.4,153.4,153.4,153.4,138,borsapy_fallback_from_yahoo,acilis,2026-09-23T07:13:40Z
2026-09-23,TMSN,64.65,64.65,64.65,64.65,1524,borsapy_fallback_from_yahoo,acilis,2026-09-23T07:13:40Z
2026-09-23,TNZTP,28.98,28.98,28.98,28.98,2835,borsapy_fallback_from_yahoo,acilis,2026-09-23T07:13:40Z
2026-09-23,TOASO,283.75,283.75,283.75,283.75,4260,borsapy_fallback_from_yahoo,acilis,2026-09-23T07:13:40Z
2026-09-23,TRALT,50.15,50.15,50.15,50.15,501673,borsapy_fallback_from_yahoo,acilis,2026-09-23T07:13:40Z
2026-09-23,TRCAS,45.54,45.54,45.54,45.54,1222,borsapy_fallback_from_yahoo,acilis,2026-09-23T07:13:40Z
2026-09-23,TRENJ,106.1,106.1,106.1,106.1,4472,borsapy_fallback_from_yahoo,acilis,2026-09-23T07:13:40Z
2026-09-23,TRGYO,93.25,93.25,93.25,93.25,920,borsapy_fallback_from_yahoo,acilis,2026-09-23T07:13:40Z
2026-09-23,TRILC,0.93,0.93,0.93,0.93,189758,borsapy_fallback_from_yahoo,acilis,2026-09-23T07:13:40Z
2026-09-23,TRMET,137.9,137.9,137.9,137.9,24191,borsapy_fallback_from_yahoo,acilis,2026-09-23T07:13:40Z
2026-09-23,TSGYO,5.15,5.15,5.15,5.15,282,borsapy_fallback_from_yahoo,acilis,2026-09-23T07:13:40Z
2026-09-23,TSKB,10.89,10.89,10.89,10.89,37513,borsapy_fallback_from_yahoo,acilis,2026-09-23T07:13:40Z
2026-09-23,TSPOR,0.9,0.9,0.9,0.9,480378,borsapy_fallback_from_yahoo,acilis,2026-09-23T07:13:40Z
2026-09-23,TTKOM,54,54,54,54,94942,borsapy_fallback_from_yahoo,acilis,2026-09-23T07:13:40Z
2026-09-23,TTRAK,411.75,411.75,411.75,411.75,227,borsapy_fallback_from_yahoo,acilis,2026-09-23T07:13:40Z
2026-09-23,TUCLK,3.94,3.94,3.94,3.94,54191,borsapy_fallback_from_yahoo,acilis,2026-09-23T07:13:40Z
2026-09-23,TUKAS,2.12,2.12,2.12,2.12,473019,borsapy_fallback_from_yahoo,acilis,2026-09-23T07:13:40Z
2026-09-23,TUPRS,393.75,393.75,393.75,393.75,179628,borsapy_fallback_from_yahoo,acilis,2026-09-23T07:13:40Z
2026-09-23,TUREX,5.08,5.08,5.08,5.08,12021,borsapy_fallback_from_yahoo,acilis,2026-09-23T07:13:40Z
2026-09-23,TURGG,25,25,25,25,663,borsapy_fallback_from_yahoo,acilis,2026-09-23T07:13:40Z
2026-09-23,TURSG,6.08,6.08,6.08,6.08,48386,borsapy_fallback_from_yahoo,acilis,2026-09-23T07:13:40Z
2026-09-23,UCAYM,17.66,17.66,17.66,17.66,38944,borsapy_fallback_from_yahoo,acilis,2026-09-23T07:13:40Z
2026-09-23,UFUK,742,742,742,742,71,borsapy_fallback_from_yahoo,acilis,2026-09-23T07:13:40Z
2026-09-23,ULAS,16.06,16.06,16.06,16.06,3539,borsapy_fallback_from_yahoo,acilis,2026-09-23T07:13:40Z
2026-09-23,ULKER,88.6,88.6,88.6,88.6,6859,borsapy_fallback_from_yahoo,acilis,2026-09-23T07:13:40Z
2026-09-23,ULUFA,1.49,1.49,1.49,1.49,21756,borsapy_fallback_from_yahoo,acilis,2026-09-23T07:13:40Z
2026-09-23,ULUSE,188,188,188,188,59,borsapy_fallback_from_yahoo,acilis,2026-09-23T07:13:40Z
2026-09-23,ULUUN,7.12,7.12,7.12,7.12,4551,borsapy_fallback_from_yahoo,acilis,2026-09-23T07:13:40Z
2026-09-23,UNLU,12.15,12.15,12.15,12.15,96605,borsapy_fallback_from_yahoo,acilis,2026-09-23T07:13:40Z
2026-09-23,USAK,0.81,0.81,0.81,0.81,3878954,borsapy_fallback_from_yahoo,acilis,2026-09-23T07:13:40Z
2026-09-23,USHOL,63.45,63.45,63.45,63.45,4522,borsapy_fallback_from_yahoo,acilis,2026-09-23T07:13:40Z
2026-09-23,VAKBN,34.18,34.18,34.18,34.18,157643,borsapy_fallback_from_yahoo,acilis,2026-09-23T07:13:40Z
2026-09-23,VAKFA,10.02,10.02,10.02,10.02,6507,borsapy_fallback_from_yahoo,acilis,2026-09-23T07:13:40Z
2026-09-23,VAKFN,1.03,1.03,1.03,1.03,186899,borsapy_fallback_from_yahoo,acilis,2026-09-23T07:13:40Z
2026-09-23,VAKKO,65.05,65.05,65.05,65.05,114,borsapy_fallback_from_yahoo,acilis,2026-09-23T07:13:40Z
2026-09-23,VANGD,58.7,58.7,58.7,58.7,3956,borsapy_fallback_from_yahoo,acilis,2026-09-23T07:13:40Z
2026-09-23,VBTYZ,27.72,27.72,27.72,27.72,2682,borsapy_fallback_from_yahoo,acilis,2026-09-23T07:13:40Z
2026-09-23,VERUS,443.25,443.25,443.25,443.25,40,borsapy_fallback_from_yahoo,acilis,2026-09-23T07:13:40Z
2026-09-23,VESBE,4.99,4.99,4.99,4.99,6868,borsapy_fallback_from_yahoo,acilis,2026-09-23T07:13:40Z
2026-09-23,VESTL,22.24,22.24,22.24,22.24,58928,borsapy_fallback_from_yahoo,acilis,2026-09-23T07:13:40Z
2026-09-23,VEYAS,87.2,87.2,87.2,87.2,3010,borsapy_fallback_from_yahoo,acilis,2026-09-23T07:13:40Z
2026-09-23,VKFYO,18.08,18.08,18.08,18.08,202,borsapy_fallback_from_yahoo,acilis,2026-09-23T07:13:40Z
2026-09-23,VKGYO,1.75,1.75,1.75,1.75,76181,borsapy_fallback_from_yahoo,acilis,2026-09-23T07:13:40Z
2026-09-23,VKING,17.22,17.22,17.22,17.22,894,borsapy_fallback_from_yahoo,acilis,2026-09-23T07:13:40Z
2026-09-23,VRGYO,1.09,1.09,1.09,1.09,3565428,borsapy_fallback_from_yahoo,acilis,2026-09-23T07:13:40Z
2026-09-23,VSNMD,32.06,32.06,32.06,32.06,274,borsapy_fallback_from_yahoo,acilis,2026-09-23T07:13:40Z
2026-09-23,YAPRK,9.41,9.41,9.41,9.41,3483,borsapy_fallback_from_yahoo,acilis,2026-09-23T07:13:40Z
2026-09-23,YATAS,27,27,27,27,242,borsapy_fallback_from_yahoo,acilis,2026-09-23T07:13:40Z
2026-09-23,YAYLA,16.03,16.03,16.03,16.03,460,borsapy_fallback_from_yahoo,acilis,2026-09-23T07:13:40Z
2026-09-23,YBTAS,11.32,11.32,11.32,11.32,2867,borsapy_fallback_from_yahoo,acilis,2026-09-23T07:13:40Z
2026-09-23,YEOTK,32.7,32.7,32.7,32.7,56231,borsapy_fallback_from_yahoo,acilis,2026-09-23T07:13:40Z
2026-09-23,YESIL,0.95,0.95,0.95,0.95,15920,borsapy_fallback_from_yahoo,acilis,2026-09-23T07:13:40Z
2026-09-23,YGGYO,217,217,217,217,68,borsapy_fallback_from_yahoo,acilis,2026-09-23T07:13:40Z
2026-09-23,YIGIT,18.82,18.82,18.82,18.82,2906,borsapy_fallback_from_yahoo,acilis,2026-09-23T07:13:40Z
2026-09-23,YKBNK,36.84,36.84,36.84,36.84,509997,borsapy_fallback_from_yahoo,acilis,2026-09-23T07:13:40Z
2026-09-23,YKSLN,2.81,2.81,2.81,2.81,2088590,borsapy_fallback_from_yahoo,acilis,2026-09-23T07:13:40Z
2026-09-23,YONGA,33.9,33.9,33.9,33.9,500,borsapy_fallback_from_yahoo,acilis,2026-09-23T07:13:40Z
2026-09-23,YUNSA,6.79,6.79,6.79,6.79,8763,borsapy_fallback_from_yahoo,acilis,2026-09-23T07:13:40Z
2026-09-23,YYAPI,0.63,0.63,0.63,0.63,69361,borsapy_fallback_from_yahoo,acilis,2026-09-23T07:13:40Z
2026-09-23,YYLGD,8.97,8.97,8.97,8.97,11598,borsapy_fallback_from_yahoo,acilis,2026-09-23T07:13:40Z
2026-09-23,ZEDUR,6.19,6.19,6.19,6.19,47,borsapy_fallback_from_yahoo,acilis,2026-09-23T07:13:40Z
2026-09-23,ZERGY,7.66,7.66,7.66,7.66,3817,borsapy_fallback_from_yahoo,acilis,2026-09-23T07:13:40Z
2026-09-23,ZGYO,12.22,12.22,12.22,12.22,512999,borsapy_fallback_from_yahoo,acilis,2026-09-23T07:13:40Z
2026-09-23,ZOREN,2.19,2.19,2.19,2.19,198941,borsapy_fallback_from_yahoo,acilis,2026-09-23T07:13:40Z
2026-09-23,ZRGYO,19.32,19.32,19.32,19.32,2848,borsapy_fallback_from_yahoo,acilis,2026-09-23T07:13:40Z
2026-09-23,XU100,,,,13152.37,,borsapy_fallback_from_yahoo,acilis,2026-09-23T07:13:40Z
